$date
   Sat May 16 15:59:48 2026
$end

$version
  2025.1.0
  $dumpfile ("sim_uart_rx.vcd") 
$end

$timescale
  1ps
$end

$scope module sim_uart_rx $end
$var reg 1 ! clk $end
$var reg 1 " rst_n $end
$var reg 1 # uart_rx $end
$var wire 8 $ data [7:0] $end
$var wire 1 % data_valid $end
$scope module uart_rx_inst $end
$var wire 1 & clk $end
$var wire 1 ' rst_n $end
$var wire 1 ( uart_rx $end
$var wire 8 $ data [7:0] $end
$var wire 1 % data_valid $end
$var reg 10 ) counter [9:0] $end
$var reg 10 * data_buf [9:0] $end
$var wire 1 + counter_rx $end
$upscope $end
$scope task send_byte $end
$var reg 8 , data [7:0] $end
$var integer 32 - i [31:0] $end
$upscope $end
$upscope $end
$enddefinitions $end

#0
$dumpvars
0!
0"
1#
b0 $
0%
0&
0'
1(
b0 )
b0 *
0+
bx ,
bx -
$end

#67817
1!
1&

#135634
0!
0&

#200000
1"
1'

#203451
1!
1&

#271268
0!
0&

#339085
1!
1&

#406902
0!
0&

#474719
1!
1&

#542536
0!
0&

#610353
1!
1&

#678170
0!
0&

#745987
1!
1&

#813804
0!
0&

#881621
1!
1&

#949438
0!
0&

#1017255
1!
1&

#1085072
0!
0&

#1152889
1!
1&

#1220706
0!
0&

#1288523
1!
1&

#1356340
0!
0&

#1424157
1!
1&

#1491974
0!
0&

#1559791
1!
1&

#1627608
0!
0&

#1695425
1!
1&

#1763242
0!
0&

#1831059
1!
1&

#1898876
0!
0&

#1966693
1!
1&

#2034510
0!
0&

#2102327
1!
1&

#2170144
0!
0&

#2237961
1!
1&

#2305778
0!
0&

#2373595
1!
1&

#2441412
0!
0&

#2509229
1!
1&

#2577046
0!
0&

#2644863
1!
1&

#2712680
0!
0&

#2780497
1!
1&

#2848314
0!
0&

#2916131
1!
1&

#2983948
0!
0&

#3051765
1!
1&

#3119582
0!
0&

#3187399
1!
1&

#3255216
0!
0&

#3323033
1!
1&

#3390850
0!
0&

#3458667
1!
1&

#3526484
0!
0&

#3594301
1!
1&

#3662118
0!
0&

#3729935
1!
1&

#3797752
0!
0&

#3865569
1!
1&

#3933386
0!
0&

#4001203
1!
1&

#4069020
0!
0&

#4136837
1!
1&

#4204654
0!
0&

#4272471
1!
1&

#4340288
0!
0&

#4408105
1!
1&

#4475922
0!
0&

#4543739
1!
1&

#4611556
0!
0&

#4679373
1!
1&

#4747190
0!
0&

#4815007
1!
1&

#4882824
0!
0&

#4950641
1!
1&

#5018458
0!
0&

#5086275
1!
1&

#5154092
0!
0&

#5221909
1!
1&

#5289726
0!
0&

#5357543
1!
1&

#5425360
0!
0&

#5493177
1!
1&

#5560994
0!
0&

#5628811
1!
1&

#5696628
0!
0&

#5764445
1!
1&

#5832262
0!
0&

#5900079
1!
1&

#5967896
0!
0&

#6035713
1!
1&

#6103530
0!
0&

#6171347
1!
1&

#6239164
0!
0&

#6306981
1!
1&

#6374798
0!
0&

#6442615
1!
1&

#6510432
0!
0&

#6578249
1!
1&

#6646066
0!
0&

#6713883
1!
1&

#6781700
0!
0&

#6849517
1!
1&

#6917334
0!
0&

#6985151
1!
1&

#7052968
0!
0&

#7120785
1!
1&

#7188602
0!
0&

#7256419
1!
1&

#7324236
0!
0&

#7392053
1!
1&

#7459870
0!
0&

#7527687
1!
1&

#7595504
0!
0&

#7663321
1!
1&

#7731138
0!
0&

#7798955
1!
1&

#7866772
0!
0&

#7934589
1!
1&

#8002406
0!
0&

#8070223
1!
1&

#8138040
0!
0&

#8205857
1!
1&

#8273674
0!
0&

#8341491
1!
1&

#8409308
0!
0&

#8477125
1!
1&

#8544942
0!
0&

#8612759
1!
1&

#8680576
0!
0&

#8748393
1!
1&

#8816210
0!
0&

#8884027
1!
1&

#8951844
0!
0&

#9019661
1!
1&

#9087478
0!
0&

#9155295
1!
1&

#9223112
0!
0&

#9290929
1!
1&

#9358746
0!
0&

#9426563
1!
1&

#9494380
0!
0&

#9562197
1!
1&

#9630014
0!
0&

#9697831
1!
1&

#9765648
0!
0&

#9833465
1!
1&

#9901282
0!
0&

#9969099
1!
1&

#10036916
0!
0&

#10104733
1!
1&

#10172550
0!
0&

#10200000
0#
0(
b1000001 ,

#10240367
1!
1&
b1001111111 )

#10308184
0!
0&

#10376001
1!
1&
b1001111110 )

#10443818
0!
0&

#10511635
1!
1&
b1001111101 )

#10579452
0!
0&

#10647269
1!
1&
b1001111100 )

#10715086
0!
0&

#10782903
1!
1&
b1001111011 )

#10850720
0!
0&

#10918537
1!
1&
b1001111010 )

#10986354
0!
0&

#11054171
1!
1&
b1001111001 )

#11121988
0!
0&

#11189805
1!
1&
b1001111000 )

#11257622
0!
0&

#11325439
1!
1&
b1001110111 )

#11393256
0!
0&

#11461073
1!
1&
b1001110110 )

#11528890
0!
0&

#11596707
1!
1&
b1001110101 )

#11664524
0!
0&

#11732341
1!
1&
b1001110100 )

#11800158
0!
0&

#11867975
1!
1&
b1001110011 )

#11935792
0!
0&

#12003609
1!
1&
b1001110010 )

#12071426
0!
0&

#12139243
1!
1&
b1001110001 )

#12207060
0!
0&

#12274877
1!
1&
b1001110000 )

#12342694
0!
0&

#12410511
1!
1&
b1001101111 )

#12478328
0!
0&

#12546145
1!
1&
b1001101110 )

#12613962
0!
0&

#12681779
1!
1&
b1001101101 )

#12749596
0!
0&

#12817413
1!
1&
b1001101100 )

#12885230
0!
0&

#12953047
1!
1&
b1001101011 )

#13020864
0!
0&

#13088681
1!
1&
b1001101010 )

#13156498
0!
0&

#13224315
1!
1&
b1001101001 )

#13292132
0!
0&

#13359949
1!
1&
b1001101000 )

#13427766
0!
0&

#13495583
1!
1&
b1001100111 )

#13563400
0!
0&

#13631217
1!
1&
b1001100110 )

#13699034
0!
0&

#13766851
1!
1&
b1001100101 )

#13834668
0!
0&

#13902485
1!
1&
b1001100100 )

#13970302
0!
0&

#14038119
1!
1&
b1001100011 )

#14105936
0!
0&

#14173753
1!
1&
b1001100010 )

#14241570
0!
0&

#14309387
1!
1&
b1001100001 )

#14377204
0!
0&

#14445021
1!
1&
b1001100000 )
1+

#14512838
0!
0&

#14580655
1!
1&
b1001011111 )
0+

#14648472
0!
0&

#14716289
1!
1&
b1001011110 )

#14784106
0!
0&

#14851923
1!
1&
b1001011101 )

#14919740
0!
0&

#14987557
1!
1&
b1001011100 )

#15055374
0!
0&

#15123191
1!
1&
b1001011011 )

#15191008
0!
0&

#15258825
1!
1&
b1001011010 )

#15326642
0!
0&

#15394459
1!
1&
b1001011001 )

#15462276
0!
0&

#15530093
1!
1&
b1001011000 )

#15597910
0!
0&

#15665727
1!
1&
b1001010111 )

#15733544
0!
0&

#15801361
1!
1&
b1001010110 )

#15869178
0!
0&

#15936995
1!
1&
b1001010101 )

#16004812
0!
0&

#16072629
1!
1&
b1001010100 )

#16140446
0!
0&

#16208263
1!
1&
b1001010011 )

#16276080
0!
0&

#16343897
1!
1&
b1001010010 )

#16411714
0!
0&

#16479531
1!
1&
b1001010001 )

#16547348
0!
0&

#16615165
1!
1&
b1001010000 )

#16682982
0!
0&

#16750799
1!
1&
b1001001111 )

#16818616
0!
0&

#16886433
1!
1&
b1001001110 )

#16954250
0!
0&

#17022067
1!
1&
b1001001101 )

#17089884
0!
0&

#17157701
1!
1&
b1001001100 )

#17225518
0!
0&

#17293335
1!
1&
b1001001011 )

#17361152
0!
0&

#17428969
1!
1&
b1001001010 )

#17496786
0!
0&

#17564603
1!
1&
b1001001001 )

#17632420
0!
0&

#17700237
1!
1&
b1001001000 )

#17768054
0!
0&

#17835871
1!
1&
b1001000111 )

#17903688
0!
0&

#17971505
1!
1&
b1001000110 )

#18039322
0!
0&

#18107139
1!
1&
b1001000101 )

#18174956
0!
0&

#18242773
1!
1&
b1001000100 )

#18310590
0!
0&

#18378407
1!
1&
b1001000011 )

#18446224
0!
0&

#18514041
1!
1&
b1001000010 )

#18581858
0!
0&

#18649675
1!
1&
b1001000001 )

#18717492
0!
0&

#18776000
1#
1(
b0 -

#18785309
1!
1&
b1001000000 )

#18853126
0!
0&

#18920943
1!
1&
b1000111111 )

#18988760
0!
0&

#19056577
1!
1&
b1000111110 )

#19124394
0!
0&

#19192211
1!
1&
b1000111101 )

#19260028
0!
0&

#19327845
1!
1&
b1000111100 )

#19395662
0!
0&

#19463479
1!
1&
b1000111011 )

#19531296
0!
0&

#19599113
1!
1&
b1000111010 )

#19666930
0!
0&

#19734747
1!
1&
b1000111001 )

#19802564
0!
0&

#19870381
1!
1&
b1000111000 )

#19938198
0!
0&

#20006015
1!
1&
b1000110111 )

#20073832
0!
0&

#20141649
1!
1&
b1000110110 )

#20209466
0!
0&

#20277283
1!
1&
b1000110101 )

#20345100
0!
0&

#20412917
1!
1&
b1000110100 )

#20480734
0!
0&

#20548551
1!
1&
b1000110011 )

#20616368
0!
0&

#20684185
1!
1&
b1000110010 )

#20752002
0!
0&

#20819819
1!
1&
b1000110001 )

#20887636
0!
0&

#20955453
1!
1&
b1000110000 )

#21023270
0!
0&

#21091087
1!
1&
b1000101111 )

#21158904
0!
0&

#21226721
1!
1&
b1000101110 )

#21294538
0!
0&

#21362355
1!
1&
b1000101101 )

#21430172
0!
0&

#21497989
1!
1&
b1000101100 )

#21565806
0!
0&

#21633623
1!
1&
b1000101011 )

#21701440
0!
0&

#21769257
1!
1&
b1000101010 )

#21837074
0!
0&

#21904891
1!
1&
b1000101001 )

#21972708
0!
0&

#22040525
1!
1&
b1000101000 )

#22108342
0!
0&

#22176159
1!
1&
b1000100111 )

#22243976
0!
0&

#22311793
1!
1&
b1000100110 )

#22379610
0!
0&

#22447427
1!
1&
b1000100101 )

#22515244
0!
0&

#22583061
1!
1&
b1000100100 )

#22650878
0!
0&

#22718695
1!
1&
b1000100011 )

#22786512
0!
0&

#22854329
1!
1&
b1000100010 )

#22922146
0!
0&

#22989963
1!
1&
b1000100001 )

#23057780
0!
0&

#23125597
1!
1&
b1000100000 )
1+

#23193414
0!
0&

#23261231
1!
1&
b1000011111 )
b1000000000 *
0+

#23329048
0!
0&

#23396865
1!
1&
b1000011110 )

#23464682
0!
0&

#23532499
1!
1&
b1000011101 )

#23600316
0!
0&

#23668133
1!
1&
b1000011100 )

#23735950
0!
0&

#23803767
1!
1&
b1000011011 )

#23871584
0!
0&

#23939401
1!
1&
b1000011010 )

#24007218
0!
0&

#24075035
1!
1&
b1000011001 )

#24142852
0!
0&

#24210669
1!
1&
b1000011000 )

#24278486
0!
0&

#24346303
1!
1&
b1000010111 )

#24414120
0!
0&

#24481937
1!
1&
b1000010110 )

#24549754
0!
0&

#24617571
1!
1&
b1000010101 )

#24685388
0!
0&

#24753205
1!
1&
b1000010100 )

#24821022
0!
0&

#24888839
1!
1&
b1000010011 )

#24956656
0!
0&

#25024473
1!
1&
b1000010010 )

#25092290
0!
0&

#25160107
1!
1&
b1000010001 )

#25227924
0!
0&

#25295741
1!
1&
b1000010000 )

#25363558
0!
0&

#25431375
1!
1&
b1000001111 )

#25499192
0!
0&

#25567009
1!
1&
b1000001110 )

#25634826
0!
0&

#25702643
1!
1&
b1000001101 )

#25770460
0!
0&

#25838277
1!
1&
b1000001100 )

#25906094
0!
0&

#25973911
1!
1&
b1000001011 )

#26041728
0!
0&

#26109545
1!
1&
b1000001010 )

#26177362
0!
0&

#26245179
1!
1&
b1000001001 )

#26312996
0!
0&

#26380813
1!
1&
b1000001000 )

#26448630
0!
0&

#26516447
1!
1&
b1000000111 )

#26584264
0!
0&

#26652081
1!
1&
b1000000110 )

#26719898
0!
0&

#26787715
1!
1&
b1000000101 )

#26855532
0!
0&

#26923349
1!
1&
b1000000100 )

#26991166
0!
0&

#27058983
1!
1&
b1000000011 )

#27126800
0!
0&

#27194617
1!
1&
b1000000010 )

#27262434
0!
0&

#27330251
1!
1&
b1000000001 )

#27352000
0#
0(
b1 -

#27398068
0!
0&

#27465885
1!
1&
b1000000000 )

#27533702
0!
0&

#27601519
1!
1&
b111111111 )

#27669336
0!
0&

#27737153
1!
1&
b111111110 )

#27804970
0!
0&

#27872787
1!
1&
b111111101 )

#27940604
0!
0&

#28008421
1!
1&
b111111100 )

#28076238
0!
0&

#28144055
1!
1&
b111111011 )

#28211872
0!
0&

#28279689
1!
1&
b111111010 )

#28347506
0!
0&

#28415323
1!
1&
b111111001 )

#28483140
0!
0&

#28550957
1!
1&
b111111000 )

#28618774
0!
0&

#28686591
1!
1&
b111110111 )

#28754408
0!
0&

#28822225
1!
1&
b111110110 )

#28890042
0!
0&

#28957859
1!
1&
b111110101 )

#29025676
0!
0&

#29093493
1!
1&
b111110100 )

#29161310
0!
0&

#29229127
1!
1&
b111110011 )

#29296944
0!
0&

#29364761
1!
1&
b111110010 )

#29432578
0!
0&

#29500395
1!
1&
b111110001 )

#29568212
0!
0&

#29636029
1!
1&
b111110000 )

#29703846
0!
0&

#29771663
1!
1&
b111101111 )

#29839480
0!
0&

#29907297
1!
1&
b111101110 )

#29975114
0!
0&

#30042931
1!
1&
b111101101 )

#30110748
0!
0&

#30178565
1!
1&
b111101100 )

#30246382
0!
0&

#30314199
1!
1&
b111101011 )

#30382016
0!
0&

#30449833
1!
1&
b111101010 )

#30517650
0!
0&

#30585467
1!
1&
b111101001 )

#30653284
0!
0&

#30721101
1!
1&
b111101000 )

#30788918
0!
0&

#30856735
1!
1&
b111100111 )

#30924552
0!
0&

#30992369
1!
1&
b111100110 )

#31060186
0!
0&

#31128003
1!
1&
b111100101 )

#31195820
0!
0&

#31263637
1!
1&
b111100100 )

#31331454
0!
0&

#31399271
1!
1&
b111100011 )

#31467088
0!
0&

#31534905
1!
1&
b111100010 )

#31602722
0!
0&

#31670539
1!
1&
b111100001 )

#31738356
0!
0&

#31806173
1!
1&
b111100000 )
1+

#31873990
0!
0&

#31941807
1!
b10000000 $
1&
b111011111 )
b100000000 *
0+

#32009624
0!
0&

#32077441
1!
1&
b111011110 )

#32145258
0!
0&

#32213075
1!
1&
b111011101 )

#32280892
0!
0&

#32348709
1!
1&
b111011100 )

#32416526
0!
0&

#32484343
1!
1&
b111011011 )

#32552160
0!
0&

#32619977
1!
1&
b111011010 )

#32687794
0!
0&

#32755611
1!
1&
b111011001 )

#32823428
0!
0&

#32891245
1!
1&
b111011000 )

#32959062
0!
0&

#33026879
1!
1&
b111010111 )

#33094696
0!
0&

#33162513
1!
1&
b111010110 )

#33230330
0!
0&

#33298147
1!
1&
b111010101 )

#33365964
0!
0&

#33433781
1!
1&
b111010100 )

#33501598
0!
0&

#33569415
1!
1&
b111010011 )

#33637232
0!
0&

#33705049
1!
1&
b111010010 )

#33772866
0!
0&

#33840683
1!
1&
b111010001 )

#33908500
0!
0&

#33976317
1!
1&
b111010000 )

#34044134
0!
0&

#34111951
1!
1&
b111001111 )

#34179768
0!
0&

#34247585
1!
1&
b111001110 )

#34315402
0!
0&

#34383219
1!
1&
b111001101 )

#34451036
0!
0&

#34518853
1!
1&
b111001100 )

#34586670
0!
0&

#34654487
1!
1&
b111001011 )

#34722304
0!
0&

#34790121
1!
1&
b111001010 )

#34857938
0!
0&

#34925755
1!
1&
b111001001 )

#34993572
0!
0&

#35061389
1!
1&
b111001000 )

#35129206
0!
0&

#35197023
1!
1&
b111000111 )

#35264840
0!
0&

#35332657
1!
1&
b111000110 )

#35400474
0!
0&

#35468291
1!
1&
b111000101 )

#35536108
0!
0&

#35603925
1!
1&
b111000100 )

#35671742
0!
0&

#35739559
1!
1&
b111000011 )

#35807376
0!
0&

#35875193
1!
1&
b111000010 )

#35928000
b10 -

#35943010
0!
0&

#36010827
1!
1&
b111000001 )

#36078644
0!
0&

#36146461
1!
1&
b111000000 )

#36214278
0!
0&

#36282095
1!
1&
b110111111 )

#36349912
0!
0&

#36417729
1!
1&
b110111110 )

#36485546
0!
0&

#36553363
1!
1&
b110111101 )

#36621180
0!
0&

#36688997
1!
1&
b110111100 )

#36756814
0!
0&

#36824631
1!
1&
b110111011 )

#36892448
0!
0&

#36960265
1!
1&
b110111010 )

#37028082
0!
0&

#37095899
1!
1&
b110111001 )

#37163716
0!
0&

#37231533
1!
1&
b110111000 )

#37299350
0!
0&

#37367167
1!
1&
b110110111 )

#37434984
0!
0&

#37502801
1!
1&
b110110110 )

#37570618
0!
0&

#37638435
1!
1&
b110110101 )

#37706252
0!
0&

#37774069
1!
1&
b110110100 )

#37841886
0!
0&

#37909703
1!
1&
b110110011 )

#37977520
0!
0&

#38045337
1!
1&
b110110010 )

#38113154
0!
0&

#38180971
1!
1&
b110110001 )

#38248788
0!
0&

#38316605
1!
1&
b110110000 )

#38384422
0!
0&

#38452239
1!
1&
b110101111 )

#38520056
0!
0&

#38587873
1!
1&
b110101110 )

#38655690
0!
0&

#38723507
1!
1&
b110101101 )

#38791324
0!
0&

#38859141
1!
1&
b110101100 )

#38926958
0!
0&

#38994775
1!
1&
b110101011 )

#39062592
0!
0&

#39130409
1!
1&
b110101010 )

#39198226
0!
0&

#39266043
1!
1&
b110101001 )

#39333860
0!
0&

#39401677
1!
1&
b110101000 )

#39469494
0!
0&

#39537311
1!
1&
b110100111 )

#39605128
0!
0&

#39672945
1!
1&
b110100110 )

#39740762
0!
0&

#39808579
1!
1&
b110100101 )

#39876396
0!
0&

#39944213
1!
1&
b110100100 )

#40012030
0!
0&

#40079847
1!
1&
b110100011 )

#40147664
0!
0&

#40215481
1!
1&
b110100010 )

#40283298
0!
0&

#40351115
1!
1&
b110100001 )

#40418932
0!
0&

#40486749
1!
1&
b110100000 )
1+

#40554566
0!
0&

#40622383
1!
b1000000 $
1&
b110011111 )
b10000000 *
0+

#40690200
0!
0&

#40758017
1!
1&
b110011110 )

#40825834
0!
0&

#40893651
1!
1&
b110011101 )

#40961468
0!
0&

#41029285
1!
1&
b110011100 )

#41097102
0!
0&

#41164919
1!
1&
b110011011 )

#41232736
0!
0&

#41300553
1!
1&
b110011010 )

#41368370
0!
0&

#41436187
1!
1&
b110011001 )

#41504004
0!
0&

#41571821
1!
1&
b110011000 )

#41639638
0!
0&

#41707455
1!
1&
b110010111 )

#41775272
0!
0&

#41843089
1!
1&
b110010110 )

#41910906
0!
0&

#41978723
1!
1&
b110010101 )

#42046540
0!
0&

#42114357
1!
1&
b110010100 )

#42182174
0!
0&

#42249991
1!
1&
b110010011 )

#42317808
0!
0&

#42385625
1!
1&
b110010010 )

#42453442
0!
0&

#42521259
1!
1&
b110010001 )

#42589076
0!
0&

#42656893
1!
1&
b110010000 )

#42724710
0!
0&

#42792527
1!
1&
b110001111 )

#42860344
0!
0&

#42928161
1!
1&
b110001110 )

#42995978
0!
0&

#43063795
1!
1&
b110001101 )

#43131612
0!
0&

#43199429
1!
1&
b110001100 )

#43267246
0!
0&

#43335063
1!
1&
b110001011 )

#43402880
0!
0&

#43470697
1!
1&
b110001010 )

#43538514
0!
0&

#43606331
1!
1&
b110001001 )

#43674148
0!
0&

#43741965
1!
1&
b110001000 )

#43809782
0!
0&

#43877599
1!
1&
b110000111 )

#43945416
0!
0&

#44013233
1!
1&
b110000110 )

#44081050
0!
0&

#44148867
1!
1&
b110000101 )

#44216684
0!
0&

#44284501
1!
1&
b110000100 )

#44352318
0!
0&

#44420135
1!
1&
b110000011 )

#44487952
0!
0&

#44504000
b11 -

#44555769
1!
1&
b110000010 )

#44623586
0!
0&

#44691403
1!
1&
b110000001 )

#44759220
0!
0&

#44827037
1!
1&
b110000000 )

#44894854
0!
0&

#44962671
1!
1&
b101111111 )

#45030488
0!
0&

#45098305
1!
1&
b101111110 )

#45166122
0!
0&

#45233939
1!
1&
b101111101 )

#45301756
0!
0&

#45369573
1!
1&
b101111100 )

#45437390
0!
0&

#45505207
1!
1&
b101111011 )

#45573024
0!
0&

#45640841
1!
1&
b101111010 )

#45708658
0!
0&

#45776475
1!
1&
b101111001 )

#45844292
0!
0&

#45912109
1!
1&
b101111000 )

#45979926
0!
0&

#46047743
1!
1&
b101110111 )

#46115560
0!
0&

#46183377
1!
1&
b101110110 )

#46251194
0!
0&

#46319011
1!
1&
b101110101 )

#46386828
0!
0&

#46454645
1!
1&
b101110100 )

#46522462
0!
0&

#46590279
1!
1&
b101110011 )

#46658096
0!
0&

#46725913
1!
1&
b101110010 )

#46793730
0!
0&

#46861547
1!
1&
b101110001 )

#46929364
0!
0&

#46997181
1!
1&
b101110000 )

#47064998
0!
0&

#47132815
1!
1&
b101101111 )

#47200632
0!
0&

#47268449
1!
1&
b101101110 )

#47336266
0!
0&

#47404083
1!
1&
b101101101 )

#47471900
0!
0&

#47539717
1!
1&
b101101100 )

#47607534
0!
0&

#47675351
1!
1&
b101101011 )

#47743168
0!
0&

#47810985
1!
1&
b101101010 )

#47878802
0!
0&

#47946619
1!
1&
b101101001 )

#48014436
0!
0&

#48082253
1!
1&
b101101000 )

#48150070
0!
0&

#48217887
1!
1&
b101100111 )

#48285704
0!
0&

#48353521
1!
1&
b101100110 )

#48421338
0!
0&

#48489155
1!
1&
b101100101 )

#48556972
0!
0&

#48624789
1!
1&
b101100100 )

#48692606
0!
0&

#48760423
1!
1&
b101100011 )

#48828240
0!
0&

#48896057
1!
1&
b101100010 )

#48963874
0!
0&

#49031691
1!
1&
b101100001 )

#49099508
0!
0&

#49167325
1!
1&
b101100000 )
1+

#49235142
0!
0&

#49302959
1!
b100000 $
1&
b101011111 )
b1000000 *
0+

#49370776
0!
0&

#49438593
1!
1&
b101011110 )

#49506410
0!
0&

#49574227
1!
1&
b101011101 )

#49642044
0!
0&

#49709861
1!
1&
b101011100 )

#49777678
0!
0&

#49845495
1!
1&
b101011011 )

#49913312
0!
0&

#49981129
1!
1&
b101011010 )

#50048946
0!
0&

#50116763
1!
1&
b101011001 )

#50184580
0!
0&

#50252397
1!
1&
b101011000 )

#50320214
0!
0&

#50388031
1!
1&
b101010111 )

#50455848
0!
0&

#50523665
1!
1&
b101010110 )

#50591482
0!
0&

#50659299
1!
1&
b101010101 )

#50727116
0!
0&

#50794933
1!
1&
b101010100 )

#50862750
0!
0&

#50930567
1!
1&
b101010011 )

#50998384
0!
0&

#51066201
1!
1&
b101010010 )

#51134018
0!
0&

#51201835
1!
1&
b101010001 )

#51269652
0!
0&

#51337469
1!
1&
b101010000 )

#51405286
0!
0&

#51473103
1!
1&
b101001111 )

#51540920
0!
0&

#51608737
1!
1&
b101001110 )

#51676554
0!
0&

#51744371
1!
1&
b101001101 )

#51812188
0!
0&

#51880005
1!
1&
b101001100 )

#51947822
0!
0&

#52015639
1!
1&
b101001011 )

#52083456
0!
0&

#52151273
1!
1&
b101001010 )

#52219090
0!
0&

#52286907
1!
1&
b101001001 )

#52354724
0!
0&

#52422541
1!
1&
b101001000 )

#52490358
0!
0&

#52558175
1!
1&
b101000111 )

#52625992
0!
0&

#52693809
1!
1&
b101000110 )

#52761626
0!
0&

#52829443
1!
1&
b101000101 )

#52897260
0!
0&

#52965077
1!
1&
b101000100 )

#53032894
0!
0&

#53080000
b100 -

#53100711
1!
1&
b101000011 )

#53168528
0!
0&

#53236345
1!
1&
b101000010 )

#53304162
0!
0&

#53371979
1!
1&
b101000001 )

#53439796
0!
0&

#53507613
1!
1&
b101000000 )

#53575430
0!
0&

#53643247
1!
1&
b100111111 )

#53711064
0!
0&

#53778881
1!
1&
b100111110 )

#53846698
0!
0&

#53914515
1!
1&
b100111101 )

#53982332
0!
0&

#54050149
1!
1&
b100111100 )

#54117966
0!
0&

#54185783
1!
1&
b100111011 )

#54253600
0!
0&

#54321417
1!
1&
b100111010 )

#54389234
0!
0&

#54457051
1!
1&
b100111001 )

#54524868
0!
0&

#54592685
1!
1&
b100111000 )

#54660502
0!
0&

#54728319
1!
1&
b100110111 )

#54796136
0!
0&

#54863953
1!
1&
b100110110 )

#54931770
0!
0&

#54999587
1!
1&
b100110101 )

#55067404
0!
0&

#55135221
1!
1&
b100110100 )

#55203038
0!
0&

#55270855
1!
1&
b100110011 )

#55338672
0!
0&

#55406489
1!
1&
b100110010 )

#55474306
0!
0&

#55542123
1!
1&
b100110001 )

#55609940
0!
0&

#55677757
1!
1&
b100110000 )

#55745574
0!
0&

#55813391
1!
1&
b100101111 )

#55881208
0!
0&

#55949025
1!
1&
b100101110 )

#56016842
0!
0&

#56084659
1!
1&
b100101101 )

#56152476
0!
0&

#56220293
1!
1&
b100101100 )

#56288110
0!
0&

#56355927
1!
1&
b100101011 )

#56423744
0!
0&

#56491561
1!
1&
b100101010 )

#56559378
0!
0&

#56627195
1!
1&
b100101001 )

#56695012
0!
0&

#56762829
1!
1&
b100101000 )

#56830646
0!
0&

#56898463
1!
1&
b100100111 )

#56966280
0!
0&

#57034097
1!
1&
b100100110 )

#57101914
0!
0&

#57169731
1!
1&
b100100101 )

#57237548
0!
0&

#57305365
1!
1&
b100100100 )

#57373182
0!
0&

#57440999
1!
1&
b100100011 )

#57508816
0!
0&

#57576633
1!
1&
b100100010 )

#57644450
0!
0&

#57712267
1!
1&
b100100001 )

#57780084
0!
0&

#57847901
1!
1&
b100100000 )
1+

#57915718
0!
0&

#57983535
1!
b10000 $
1&
b100011111 )
b100000 *
0+

#58051352
0!
0&

#58119169
1!
1&
b100011110 )

#58186986
0!
0&

#58254803
1!
1&
b100011101 )

#58322620
0!
0&

#58390437
1!
1&
b100011100 )

#58458254
0!
0&

#58526071
1!
1&
b100011011 )

#58593888
0!
0&

#58661705
1!
1&
b100011010 )

#58729522
0!
0&

#58797339
1!
1&
b100011001 )

#58865156
0!
0&

#58932973
1!
1&
b100011000 )

#59000790
0!
0&

#59068607
1!
1&
b100010111 )

#59136424
0!
0&

#59204241
1!
1&
b100010110 )

#59272058
0!
0&

#59339875
1!
1&
b100010101 )

#59407692
0!
0&

#59475509
1!
1&
b100010100 )

#59543326
0!
0&

#59611143
1!
1&
b100010011 )

#59678960
0!
0&

#59746777
1!
1&
b100010010 )

#59814594
0!
0&

#59882411
1!
1&
b100010001 )

#59950228
0!
0&

#60018045
1!
1&
b100010000 )

#60085862
0!
0&

#60153679
1!
1&
b100001111 )

#60221496
0!
0&

#60289313
1!
1&
b100001110 )

#60357130
0!
0&

#60424947
1!
1&
b100001101 )

#60492764
0!
0&

#60560581
1!
1&
b100001100 )

#60628398
0!
0&

#60696215
1!
1&
b100001011 )

#60764032
0!
0&

#60831849
1!
1&
b100001010 )

#60899666
0!
0&

#60967483
1!
1&
b100001001 )

#61035300
0!
0&

#61103117
1!
1&
b100001000 )

#61170934
0!
0&

#61238751
1!
1&
b100000111 )

#61306568
0!
0&

#61374385
1!
1&
b100000110 )

#61442202
0!
0&

#61510019
1!
1&
b100000101 )

#61577836
0!
0&

#61645653
1!
1&
b100000100 )

#61656000
b101 -

#61713470
0!
0&

#61781287
1!
1&
b100000011 )

#61849104
0!
0&

#61916921
1!
1&
b100000010 )

#61984738
0!
0&

#62052555
1!
1&
b100000001 )

#62120372
0!
0&

#62188189
1!
1&
b100000000 )

#62256006
0!
0&

#62323823
1!
1&
b11111111 )

#62391640
0!
0&

#62459457
1!
1&
b11111110 )

#62527274
0!
0&

#62595091
1!
1&
b11111101 )

#62662908
0!
0&

#62730725
1!
1&
b11111100 )

#62798542
0!
0&

#62866359
1!
1&
b11111011 )

#62934176
0!
0&

#63001993
1!
1&
b11111010 )

#63069810
0!
0&

#63137627
1!
1&
b11111001 )

#63205444
0!
0&

#63273261
1!
1&
b11111000 )

#63341078
0!
0&

#63408895
1!
1&
b11110111 )

#63476712
0!
0&

#63544529
1!
1&
b11110110 )

#63612346
0!
0&

#63680163
1!
1&
b11110101 )

#63747980
0!
0&

#63815797
1!
1&
b11110100 )

#63883614
0!
0&

#63951431
1!
1&
b11110011 )

#64019248
0!
0&

#64087065
1!
1&
b11110010 )

#64154882
0!
0&

#64222699
1!
1&
b11110001 )

#64290516
0!
0&

#64358333
1!
1&
b11110000 )

#64426150
0!
0&

#64493967
1!
1&
b11101111 )

#64561784
0!
0&

#64629601
1!
1&
b11101110 )

#64697418
0!
0&

#64765235
1!
1&
b11101101 )

#64833052
0!
0&

#64900869
1!
1&
b11101100 )

#64968686
0!
0&

#65036503
1!
1&
b11101011 )

#65104320
0!
0&

#65172137
1!
1&
b11101010 )

#65239954
0!
0&

#65307771
1!
1&
b11101001 )

#65375588
0!
0&

#65443405
1!
1&
b11101000 )

#65511222
0!
0&

#65579039
1!
1&
b11100111 )

#65646856
0!
0&

#65714673
1!
1&
b11100110 )

#65782490
0!
0&

#65850307
1!
1&
b11100101 )

#65918124
0!
0&

#65985941
1!
1&
b11100100 )

#66053758
0!
0&

#66121575
1!
1&
b11100011 )

#66189392
0!
0&

#66257209
1!
1&
b11100010 )

#66325026
0!
0&

#66392843
1!
1&
b11100001 )

#66460660
0!
0&

#66528477
1!
1&
b11100000 )
1+

#66596294
0!
0&

#66664111
1!
b1000 $
1&
b11011111 )
b10000 *
0+

#66731928
0!
0&

#66799745
1!
1&
b11011110 )

#66867562
0!
0&

#66935379
1!
1&
b11011101 )

#67003196
0!
0&

#67071013
1!
1&
b11011100 )

#67138830
0!
0&

#67206647
1!
1&
b11011011 )

#67274464
0!
0&

#67342281
1!
1&
b11011010 )

#67410098
0!
0&

#67477915
1!
1&
b11011001 )

#67545732
0!
0&

#67613549
1!
1&
b11011000 )

#67681366
0!
0&

#67749183
1!
1&
b11010111 )

#67817000
0!
0&

#67884817
1!
1&
b11010110 )

#67952634
0!
0&

#68020451
1!
1&
b11010101 )

#68088268
0!
0&

#68156085
1!
1&
b11010100 )

#68223902
0!
0&

#68291719
1!
1&
b11010011 )

#68359536
0!
0&

#68427353
1!
1&
b11010010 )

#68495170
0!
0&

#68562987
1!
1&
b11010001 )

#68630804
0!
0&

#68698621
1!
1&
b11010000 )

#68766438
0!
0&

#68834255
1!
1&
b11001111 )

#68902072
0!
0&

#68969889
1!
1&
b11001110 )

#69037706
0!
0&

#69105523
1!
1&
b11001101 )

#69173340
0!
0&

#69241157
1!
1&
b11001100 )

#69308974
0!
0&

#69376791
1!
1&
b11001011 )

#69444608
0!
0&

#69512425
1!
1&
b11001010 )

#69580242
0!
0&

#69648059
1!
1&
b11001001 )

#69715876
0!
0&

#69783693
1!
1&
b11001000 )

#69851510
0!
0&

#69919327
1!
1&
b11000111 )

#69987144
0!
0&

#70054961
1!
1&
b11000110 )

#70122778
0!
0&

#70190595
1!
1&
b11000101 )

#70232000
1#
1(
b110 -

#70258412
0!
0&

#70326229
1!
1&
b11000100 )

#70394046
0!
0&

#70461863
1!
1&
b11000011 )

#70529680
0!
0&

#70597497
1!
1&
b11000010 )

#70665314
0!
0&

#70733131
1!
1&
b11000001 )

#70800948
0!
0&

#70868765
1!
1&
b11000000 )

#70936582
0!
0&

#71004399
1!
1&
b10111111 )

#71072216
0!
0&

#71140033
1!
1&
b10111110 )

#71207850
0!
0&

#71275667
1!
1&
b10111101 )

#71343484
0!
0&

#71411301
1!
1&
b10111100 )

#71479118
0!
0&

#71546935
1!
1&
b10111011 )

#71614752
0!
0&

#71682569
1!
1&
b10111010 )

#71750386
0!
0&

#71818203
1!
1&
b10111001 )

#71886020
0!
0&

#71953837
1!
1&
b10111000 )

#72021654
0!
0&

#72089471
1!
1&
b10110111 )

#72157288
0!
0&

#72225105
1!
1&
b10110110 )

#72292922
0!
0&

#72360739
1!
1&
b10110101 )

#72428556
0!
0&

#72496373
1!
1&
b10110100 )

#72564190
0!
0&

#72632007
1!
1&
b10110011 )

#72699824
0!
0&

#72767641
1!
1&
b10110010 )

#72835458
0!
0&

#72903275
1!
1&
b10110001 )

#72971092
0!
0&

#73038909
1!
1&
b10110000 )

#73106726
0!
0&

#73174543
1!
1&
b10101111 )

#73242360
0!
0&

#73310177
1!
1&
b10101110 )

#73377994
0!
0&

#73445811
1!
1&
b10101101 )

#73513628
0!
0&

#73581445
1!
1&
b10101100 )

#73649262
0!
0&

#73717079
1!
1&
b10101011 )

#73784896
0!
0&

#73852713
1!
1&
b10101010 )

#73920530
0!
0&

#73988347
1!
1&
b10101001 )

#74056164
0!
0&

#74123981
1!
1&
b10101000 )

#74191798
0!
0&

#74259615
1!
1&
b10100111 )

#74327432
0!
0&

#74395249
1!
1&
b10100110 )

#74463066
0!
0&

#74530883
1!
1&
b10100101 )

#74598700
0!
0&

#74666517
1!
1&
b10100100 )

#74734334
0!
0&

#74802151
1!
1&
b10100011 )

#74869968
0!
0&

#74937785
1!
1&
b10100010 )

#75005602
0!
0&

#75073419
1!
1&
b10100001 )

#75141236
0!
0&

#75209053
1!
1&
b10100000 )
1+

#75276870
0!
0&

#75344687
1!
b100 $
1&
b10011111 )
b1000001000 *
0+

#75412504
0!
0&

#75480321
1!
1&
b10011110 )

#75548138
0!
0&

#75615955
1!
1&
b10011101 )

#75683772
0!
0&

#75751589
1!
1&
b10011100 )

#75819406
0!
0&

#75887223
1!
1&
b10011011 )

#75955040
0!
0&

#76022857
1!
1&
b10011010 )

#76090674
0!
0&

#76158491
1!
1&
b10011001 )

#76226308
0!
0&

#76294125
1!
1&
b10011000 )

#76361942
0!
0&

#76429759
1!
1&
b10010111 )

#76497576
0!
0&

#76565393
1!
1&
b10010110 )

#76633210
0!
0&

#76701027
1!
1&
b10010101 )

#76768844
0!
0&

#76836661
1!
1&
b10010100 )

#76904478
0!
0&

#76972295
1!
1&
b10010011 )

#77040112
0!
0&

#77107929
1!
1&
b10010010 )

#77175746
0!
0&

#77243563
1!
1&
b10010001 )

#77311380
0!
0&

#77379197
1!
1&
b10010000 )

#77447014
0!
0&

#77514831
1!
1&
b10001111 )

#77582648
0!
0&

#77650465
1!
1&
b10001110 )

#77718282
0!
0&

#77786099
1!
1&
b10001101 )

#77853916
0!
0&

#77921733
1!
1&
b10001100 )

#77989550
0!
0&

#78057367
1!
1&
b10001011 )

#78125184
0!
0&

#78193001
1!
1&
b10001010 )

#78260818
0!
0&

#78328635
1!
1&
b10001001 )

#78396452
0!
0&

#78464269
1!
1&
b10001000 )

#78532086
0!
0&

#78599903
1!
1&
b10000111 )

#78667720
0!
0&

#78735537
1!
1&
b10000110 )

#78803354
0!
0&

#78808000
0#
0(
b111 -

#78871171
1!
1&
b10000101 )

#78938988
0!
0&

#79006805
1!
1&
b10000100 )

#79074622
0!
0&

#79142439
1!
1&
b10000011 )

#79210256
0!
0&

#79278073
1!
1&
b10000010 )

#79345890
0!
0&

#79413707
1!
1&
b10000001 )

#79481524
0!
0&

#79549341
1!
1&
b10000000 )

#79617158
0!
0&

#79684975
1!
1&
b1111111 )

#79752792
0!
0&

#79820609
1!
1&
b1111110 )

#79888426
0!
0&

#79956243
1!
1&
b1111101 )

#80024060
0!
0&

#80091877
1!
1&
b1111100 )

#80159694
0!
0&

#80227511
1!
1&
b1111011 )

#80295328
0!
0&

#80363145
1!
1&
b1111010 )

#80430962
0!
0&

#80498779
1!
1&
b1111001 )

#80566596
0!
0&

#80634413
1!
1&
b1111000 )

#80702230
0!
0&

#80770047
1!
1&
b1110111 )

#80837864
0!
0&

#80905681
1!
1&
b1110110 )

#80973498
0!
0&

#81041315
1!
1&
b1110101 )

#81109132
0!
0&

#81176949
1!
1&
b1110100 )

#81244766
0!
0&

#81312583
1!
1&
b1110011 )

#81380400
0!
0&

#81448217
1!
1&
b1110010 )

#81516034
0!
0&

#81583851
1!
1&
b1110001 )

#81651668
0!
0&

#81719485
1!
1&
b1110000 )

#81787302
0!
0&

#81855119
1!
1&
b1101111 )

#81922936
0!
0&

#81990753
1!
1&
b1101110 )

#82058570
0!
0&

#82126387
1!
1&
b1101101 )

#82194204
0!
0&

#82262021
1!
1&
b1101100 )

#82329838
0!
0&

#82397655
1!
1&
b1101011 )

#82465472
0!
0&

#82533289
1!
1&
b1101010 )

#82601106
0!
0&

#82668923
1!
1&
b1101001 )

#82736740
0!
0&

#82804557
1!
1&
b1101000 )

#82872374
0!
0&

#82940191
1!
1&
b1100111 )

#83008008
0!
0&

#83075825
1!
1&
b1100110 )

#83143642
0!
0&

#83211459
1!
1&
b1100101 )

#83279276
0!
0&

#83347093
1!
1&
b1100100 )

#83414910
0!
0&

#83482727
1!
1&
b1100011 )

#83550544
0!
0&

#83618361
1!
1&
b1100010 )

#83686178
0!
0&

#83753995
1!
1&
b1100001 )

#83821812
0!
0&

#83889629
1!
1&
b1100000 )
1+

#83957446
0!
0&

#84025263
1!
b10000010 $
1&
b1011111 )
b100000100 *
0+

#84093080
0!
0&

#84160897
1!
1&
b1011110 )

#84228714
0!
0&

#84296531
1!
1&
b1011101 )

#84364348
0!
0&

#84432165
1!
1&
b1011100 )

#84499982
0!
0&

#84567799
1!
1&
b1011011 )

#84635616
0!
0&

#84703433
1!
1&
b1011010 )

#84771250
0!
0&

#84839067
1!
1&
b1011001 )

#84906884
0!
0&

#84974701
1!
1&
b1011000 )

#85042518
0!
0&

#85110335
1!
1&
b1010111 )

#85178152
0!
0&

#85245969
1!
1&
b1010110 )

#85313786
0!
0&

#85381603
1!
1&
b1010101 )

#85449420
0!
0&

#85517237
1!
1&
b1010100 )

#85585054
0!
0&

#85652871
1!
1&
b1010011 )

#85720688
0!
0&

#85788505
1!
1&
b1010010 )

#85856322
0!
0&

#85924139
1!
1&
b1010001 )

#85991956
0!
0&

#86059773
1!
1&
b1010000 )

#86127590
0!
0&

#86195407
1!
1&
b1001111 )

#86263224
0!
0&

#86331041
1!
1&
b1001110 )

#86398858
0!
0&

#86466675
1!
1&
b1001101 )

#86534492
0!
0&

#86602309
1!
1&
b1001100 )

#86670126
0!
0&

#86737943
1!
1&
b1001011 )

#86805760
0!
0&

#86873577
1!
1&
b1001010 )

#86941394
0!
0&

#87009211
1!
1&
b1001001 )

#87077028
0!
0&

#87144845
1!
1&
b1001000 )

#87212662
0!
0&

#87280479
1!
1&
b1000111 )

#87348296
0!
0&

#87384000
1#
1(
b1000 -

#87416113
1!
1&
b1000110 )

#87483930
0!
0&

#87551747
1!
1&
b1000101 )

#87619564
0!
0&

#87687381
1!
1&
b1000100 )

#87755198
0!
0&

#87823015
1!
1&
b1000011 )

#87890832
0!
0&

#87958649
1!
1&
b1000010 )

#88026466
0!
0&

#88094283
1!
1&
b1000001 )

#88162100
0!
0&

#88229917
1!
1&
b1000000 )

#88297734
0!
0&

#88365551
1!
1&
b111111 )

#88433368
0!
0&

#88501185
1!
1&
b111110 )

#88569002
0!
0&

#88636819
1!
1&
b111101 )

#88704636
0!
0&

#88772453
1!
1&
b111100 )

#88840270
0!
0&

#88908087
1!
1&
b111011 )

#88975904
0!
0&

#89043721
1!
1&
b111010 )

#89111538
0!
0&

#89179355
1!
1&
b111001 )

#89247172
0!
0&

#89314989
1!
1&
b111000 )

#89382806
0!
0&

#89450623
1!
1&
b110111 )

#89518440
0!
0&

#89586257
1!
1&
b110110 )

#89654074
0!
0&

#89721891
1!
1&
b110101 )

#89789708
0!
0&

#89857525
1!
1&
b110100 )

#89925342
0!
0&

#89993159
1!
1&
b110011 )

#90060976
0!
0&

#90128793
1!
1&
b110010 )

#90196610
0!
0&

#90264427
1!
1&
b110001 )

#90332244
0!
0&

#90400061
1!
1&
b110000 )

#90467878
0!
0&

#90535695
1!
1&
b101111 )

#90603512
0!
0&

#90671329
1!
1&
b101110 )

#90739146
0!
0&

#90806963
1!
1&
b101101 )

#90874780
0!
0&

#90942597
1!
1&
b101100 )

#91010414
0!
0&

#91078231
1!
1&
b101011 )

#91146048
0!
0&

#91213865
1!
1&
b101010 )

#91281682
0!
0&

#91349499
1!
1&
b101001 )

#91417316
0!
0&

#91485133
1!
1&
b101000 )

#91552950
0!
0&

#91620767
1!
1&
b100111 )

#91688584
0!
0&

#91756401
1!
1&
b100110 )

#91824218
0!
0&

#91892035
1!
1&
b100101 )

#91959852
0!
0&

#92027669
1!
1&
b100100 )

#92095486
0!
0&

#92163303
1!
1&
b100011 )

#92231120
0!
0&

#92298937
1!
1&
b100010 )

#92366754
0!
0&

#92434571
1!
1&
b100001 )

#92502388
0!
0&

#92570205
1!
1&
b100000 )
1+

#92638022
0!
0&

#92705839
1!
b1000001 $
1&
b11111 )
b1010000010 *
0+

#92773656
0!
0&

#92841473
1!
1&
b11110 )

#92909290
0!
0&

#92977107
1!
1&
b11101 )

#93044924
0!
0&

#93112741
1!
1&
b11100 )

#93180558
0!
0&

#93248375
1!
1&
b11011 )

#93316192
0!
0&

#93384009
1!
1&
b11010 )

#93451826
0!
0&

#93519643
1!
1&
b11001 )

#93587460
0!
0&

#93655277
1!
1&
b11000 )

#93723094
0!
0&

#93790911
1!
1&
b10111 )

#93858728
0!
0&

#93926545
1!
1&
b10110 )

#93994362
0!
0&

#94062179
1!
1&
b10101 )

#94129996
0!
0&

#94197813
1!
1&
b10100 )

#94265630
0!
0&

#94333447
1!
1&
b10011 )

#94401264
0!
0&

#94469081
1!
1&
b10010 )

#94536898
0!
0&

#94604715
1!
1&
b10001 )

#94672532
0!
0&

#94740349
1!
1&
b10000 )

#94808166
0!
0&

#94875983
1!
1&
b1111 )

#94943800
0!
0&

#95011617
1!
1&
b1110 )

#95079434
0!
0&

#95147251
1!
1&
b1101 )

#95215068
0!
0&

#95282885
1!
1&
b1100 )

#95350702
0!
0&

#95418519
1!
1&
b1011 )

#95486336
0!
0&

#95554153
1!
1&
b1010 )

#95621970
0!
0&

#95689787
1!
1&
b1001 )

#95757604
0!
0&

#95825421
1!
1&
b1000 )

#95893238
0!
0&

#95961055
1!
1&
b111 )

#96028872
0!
0&

#96096689
1!
1&
b110 )

#96164506
0!
0&

#96232323
1!
1&
b101 )

#96300140
0!
0&

#96367957
1!
1&
b100 )

#96435774
0!
0&

#96503591
1!
1&
b11 )

#96571408
0!
0&

#96639225
1!
1&
b10 )

#96707042
0!
0&

#96774859
1!
1%
1&
b1 )

#96842676
0!
0&

#96910493
1!
0%
1&
b0 )

#96978310
0!
0&

#97046127
1!
1&

#97113944
0!
0&

#97181761
1!
1&

#97249578
0!
0&

#97317395
1!
1&

#97385212
0!
0&

#97453029
1!
1&

#97520846
0!
0&

#97588663
1!
1&

#97656480
0!
0&

#97724297
1!
1&

#97792114
0!
0&

#97859931
1!
1&

#97927748
0!
0&

#97995565
1!
1&

#98063382
0!
0&

#98131199
1!
1&

#98199016
0!
0&

#98266833
1!
1&

#98334650
0!
0&

#98402467
1!
1&

#98470284
0!
0&

#98538101
1!
1&

#98605918
0!
0&

#98673735
1!
1&

#98741552
0!
0&

#98809369
1!
1&

#98877186
0!
0&

#98945003
1!
1&

#99012820
0!
0&

#99080637
1!
1&

#99148454
0!
0&

#99216271
1!
1&

#99284088
0!
0&

#99351905
1!
1&

#99419722
0!
0&

#99487539
1!
1&

#99555356
0!
0&

#99623173
1!
1&

#99690990
0!
0&

#99758807
1!
1&

#99826624
0!
0&

#99894441
1!
1&

#99962258
0!
0&

#100030075
1!
1&

#100097892
0!
0&

#100165709
1!
1&

#100233526
0!
0&

#100301343
1!
1&

#100369160
0!
0&

#100436977
1!
1&

#100504794
0!
0&

#100572611
1!
1&

#100640428
0!
0&

#100708245
1!
1&

#100776062
0!
0&

#100843879
1!
1&

#100911696
0!
0&

#100979513
1!
1&

#101047330
0!
0&

#101115147
1!
1&

#101182964
0!
0&

#101250781
1!
1&

#101318598
0!
0&

#101386415
1!
1&

#101454232
0!
0&

#101522049
1!
1&

#101589866
0!
0&

#101657683
1!
1&

#101725500
0!
0&

#101793317
1!
1&

#101861134
0!
0&

#101928951
1!
1&

#101996768
0!
0&

#102064585
1!
1&

#102132402
0!
0&

#102200219
1!
1&

#102268036
0!
0&

#102335853
1!
1&

#102403670
0!
0&

#102471487
1!
1&

#102539304
0!
0&

#102607121
1!
1&

#102674938
0!
0&

#102742755
1!
1&

#102810572
0!
0&

#102878389
1!
1&

#102946206
0!
0&

#103014023
1!
1&

#103081840
0!
0&

#103149657
1!
1&

#103217474
0!
0&

#103285291
1!
1&

#103353108
0!
0&

#103420925
1!
1&

#103488742
0!
0&

#103556559
1!
1&

#103624376
0!
0&

#103692193
1!
1&

#103760010
0!
0&

#103827827
1!
1&

#103895644
0!
0&

#103963461
1!
1&

#104031278
0!
0&

#104099095
1!
1&

#104166912
0!
0&

#104234729
1!
1&

#104302546
0!
0&

#104370363
1!
1&

#104438180
0!
0&

#104505997
1!
1&

#104573814
0!
0&

#104641631
1!
1&

#104709448
0!
0&

#104777265
1!
1&

#104845082
0!
0&

#104912899
1!
1&

#104980716
0!
0&

#105048533
1!
1&

#105116350
0!
0&

#105184167
1!
1&

#105251984
0!
0&

#105319801
1!
1&

#105387618
0!
0&

#105455435
1!
1&

#105523252
0!
0&

#105591069
1!
1&

#105658886
0!
0&

#105726703
1!
1&

#105794520
0!
0&

#105862337
1!
1&

#105930154
0!
0&

#105960000
0#
0(
b1000010 ,

#105997971
1!
1&
b1001111111 )

#106065788
0!
0&

#106133605
1!
1&
b1001111110 )

#106201422
0!
0&

#106269239
1!
1&
b1001111101 )

#106337056
0!
0&

#106404873
1!
1&
b1001111100 )

#106472690
0!
0&

#106540507
1!
1&
b1001111011 )

#106608324
0!
0&

#106676141
1!
1&
b1001111010 )

#106743958
0!
0&

#106811775
1!
1&
b1001111001 )

#106879592
0!
0&

#106947409
1!
1&
b1001111000 )

#107015226
0!
0&

#107083043
1!
1&
b1001110111 )

#107150860
0!
0&

#107218677
1!
1&
b1001110110 )

#107286494
0!
0&

#107354311
1!
1&
b1001110101 )

#107422128
0!
0&

#107489945
1!
1&
b1001110100 )

#107557762
0!
0&

#107625579
1!
1&
b1001110011 )

#107693396
0!
0&

#107761213
1!
1&
b1001110010 )

#107829030
0!
0&

#107896847
1!
1&
b1001110001 )

#107964664
0!
0&

#108032481
1!
1&
b1001110000 )

#108100298
0!
0&

#108168115
1!
1&
b1001101111 )

#108235932
0!
0&

#108303749
1!
1&
b1001101110 )

#108371566
0!
0&

#108439383
1!
1&
b1001101101 )

#108507200
0!
0&

#108575017
1!
1&
b1001101100 )

#108642834
0!
0&

#108710651
1!
1&
b1001101011 )

#108778468
0!
0&

#108846285
1!
1&
b1001101010 )

#108914102
0!
0&

#108981919
1!
1&
b1001101001 )

#109049736
0!
0&

#109117553
1!
1&
b1001101000 )

#109185370
0!
0&

#109253187
1!
1&
b1001100111 )

#109321004
0!
0&

#109388821
1!
1&
b1001100110 )

#109456638
0!
0&

#109524455
1!
1&
b1001100101 )

#109592272
0!
0&

#109660089
1!
1&
b1001100100 )

#109727906
0!
0&

#109795723
1!
1&
b1001100011 )

#109863540
0!
0&

#109931357
1!
1&
b1001100010 )

#109999174
0!
0&

#110066991
1!
1&
b1001100001 )

#110134808
0!
0&

#110202625
1!
1&
b1001100000 )
1+

#110270442
0!
0&

#110338259
1!
b10100000 $
1&
b1001011111 )
b101000001 *
0+

#110406076
0!
0&

#110473893
1!
1&
b1001011110 )

#110541710
0!
0&

#110609527
1!
1&
b1001011101 )

#110677344
0!
0&

#110745161
1!
1&
b1001011100 )

#110812978
0!
0&

#110880795
1!
1&
b1001011011 )

#110948612
0!
0&

#111016429
1!
1&
b1001011010 )

#111084246
0!
0&

#111152063
1!
1&
b1001011001 )

#111219880
0!
0&

#111287697
1!
1&
b1001011000 )

#111355514
0!
0&

#111423331
1!
1&
b1001010111 )

#111491148
0!
0&

#111558965
1!
1&
b1001010110 )

#111626782
0!
0&

#111694599
1!
1&
b1001010101 )

#111762416
0!
0&

#111830233
1!
1&
b1001010100 )

#111898050
0!
0&

#111965867
1!
1&
b1001010011 )

#112033684
0!
0&

#112101501
1!
1&
b1001010010 )

#112169318
0!
0&

#112237135
1!
1&
b1001010001 )

#112304952
0!
0&

#112372769
1!
1&
b1001010000 )

#112440586
0!
0&

#112508403
1!
1&
b1001001111 )

#112576220
0!
0&

#112644037
1!
1&
b1001001110 )

#112711854
0!
0&

#112779671
1!
1&
b1001001101 )

#112847488
0!
0&

#112915305
1!
1&
b1001001100 )

#112983122
0!
0&

#113050939
1!
1&
b1001001011 )

#113118756
0!
0&

#113186573
1!
1&
b1001001010 )

#113254390
0!
0&

#113322207
1!
1&
b1001001001 )

#113390024
0!
0&

#113457841
1!
1&
b1001001000 )

#113525658
0!
0&

#113593475
1!
1&
b1001000111 )

#113661292
0!
0&

#113729109
1!
1&
b1001000110 )

#113796926
0!
0&

#113864743
1!
1&
b1001000101 )

#113932560
0!
0&

#114000377
1!
1&
b1001000100 )

#114068194
0!
0&

#114136011
1!
1&
b1001000011 )

#114203828
0!
0&

#114271645
1!
1&
b1001000010 )

#114339462
0!
0&

#114407279
1!
1&
b1001000001 )

#114475096
0!
0&

#114536000
b0 -

#114542913
1!
1&
b1001000000 )

#114610730
0!
0&

#114678547
1!
1&
b1000111111 )

#114746364
0!
0&

#114814181
1!
1&
b1000111110 )

#114881998
0!
0&

#114949815
1!
1&
b1000111101 )

#115017632
0!
0&

#115085449
1!
1&
b1000111100 )

#115153266
0!
0&

#115221083
1!
1&
b1000111011 )

#115288900
0!
0&

#115356717
1!
1&
b1000111010 )

#115424534
0!
0&

#115492351
1!
1&
b1000111001 )

#115560168
0!
0&

#115627985
1!
1&
b1000111000 )

#115695802
0!
0&

#115763619
1!
1&
b1000110111 )

#115831436
0!
0&

#115899253
1!
1&
b1000110110 )

#115967070
0!
0&

#116034887
1!
1&
b1000110101 )

#116102704
0!
0&

#116170521
1!
1&
b1000110100 )

#116238338
0!
0&

#116306155
1!
1&
b1000110011 )

#116373972
0!
0&

#116441789
1!
1&
b1000110010 )

#116509606
0!
0&

#116577423
1!
1&
b1000110001 )

#116645240
0!
0&

#116713057
1!
1&
b1000110000 )

#116780874
0!
0&

#116848691
1!
1&
b1000101111 )

#116916508
0!
0&

#116984325
1!
1&
b1000101110 )

#117052142
0!
0&

#117119959
1!
1&
b1000101101 )

#117187776
0!
0&

#117255593
1!
1&
b1000101100 )

#117323410
0!
0&

#117391227
1!
1&
b1000101011 )

#117459044
0!
0&

#117526861
1!
1&
b1000101010 )

#117594678
0!
0&

#117662495
1!
1&
b1000101001 )

#117730312
0!
0&

#117798129
1!
1&
b1000101000 )

#117865946
0!
0&

#117933763
1!
1&
b1000100111 )

#118001580
0!
0&

#118069397
1!
1&
b1000100110 )

#118137214
0!
0&

#118205031
1!
1&
b1000100101 )

#118272848
0!
0&

#118340665
1!
1&
b1000100100 )

#118408482
0!
0&

#118476299
1!
1&
b1000100011 )

#118544116
0!
0&

#118611933
1!
1&
b1000100010 )

#118679750
0!
0&

#118747567
1!
1&
b1000100001 )

#118815384
0!
0&

#118883201
1!
1&
b1000100000 )
1+

#118951018
0!
0&

#119018835
1!
b1010000 $
1&
b1000011111 )
b10100000 *
0+

#119086652
0!
0&

#119154469
1!
1&
b1000011110 )

#119222286
0!
0&

#119290103
1!
1&
b1000011101 )

#119357920
0!
0&

#119425737
1!
1&
b1000011100 )

#119493554
0!
0&

#119561371
1!
1&
b1000011011 )

#119629188
0!
0&

#119697005
1!
1&
b1000011010 )

#119764822
0!
0&

#119832639
1!
1&
b1000011001 )

#119900456
0!
0&

#119968273
1!
1&
b1000011000 )

#120036090
0!
0&

#120103907
1!
1&
b1000010111 )

#120171724
0!
0&

#120239541
1!
1&
b1000010110 )

#120307358
0!
0&

#120375175
1!
1&
b1000010101 )

#120442992
0!
0&

#120510809
1!
1&
b1000010100 )

#120578626
0!
0&

#120646443
1!
1&
b1000010011 )

#120714260
0!
0&

#120782077
1!
1&
b1000010010 )

#120849894
0!
0&

#120917711
1!
1&
b1000010001 )

#120985528
0!
0&

#121053345
1!
1&
b1000010000 )

#121121162
0!
0&

#121188979
1!
1&
b1000001111 )

#121256796
0!
0&

#121324613
1!
1&
b1000001110 )

#121392430
0!
0&

#121460247
1!
1&
b1000001101 )

#121528064
0!
0&

#121595881
1!
1&
b1000001100 )

#121663698
0!
0&

#121731515
1!
1&
b1000001011 )

#121799332
0!
0&

#121867149
1!
1&
b1000001010 )

#121934966
0!
0&

#122002783
1!
1&
b1000001001 )

#122070600
0!
0&

#122138417
1!
1&
b1000001000 )

#122206234
0!
0&

#122274051
1!
1&
b1000000111 )

#122341868
0!
0&

#122409685
1!
1&
b1000000110 )

#122477502
0!
0&

#122545319
1!
1&
b1000000101 )

#122613136
0!
0&

#122680953
1!
1&
b1000000100 )

#122748770
0!
0&

#122816587
1!
1&
b1000000011 )

#122884404
0!
0&

#122952221
1!
1&
b1000000010 )

#123020038
0!
0&

#123087855
1!
1&
b1000000001 )

#123112000
1#
1(
b1 -

#123155672
0!
0&

#123223489
1!
1&
b1000000000 )

#123291306
0!
0&

#123359123
1!
1&
b111111111 )

#123426940
0!
0&

#123494757
1!
1&
b111111110 )

#123562574
0!
0&

#123630391
1!
1&
b111111101 )

#123698208
0!
0&

#123766025
1!
1&
b111111100 )

#123833842
0!
0&

#123901659
1!
1&
b111111011 )

#123969476
0!
0&

#124037293
1!
1&
b111111010 )

#124105110
0!
0&

#124172927
1!
1&
b111111001 )

#124240744
0!
0&

#124308561
1!
1&
b111111000 )

#124376378
0!
0&

#124444195
1!
1&
b111110111 )

#124512012
0!
0&

#124579829
1!
1&
b111110110 )

#124647646
0!
0&

#124715463
1!
1&
b111110101 )

#124783280
0!
0&

#124851097
1!
1&
b111110100 )

#124918914
0!
0&

#124986731
1!
1&
b111110011 )

#125054548
0!
0&

#125122365
1!
1&
b111110010 )

#125190182
0!
0&

#125257999
1!
1&
b111110001 )

#125325816
0!
0&

#125393633
1!
1&
b111110000 )

#125461450
0!
0&

#125529267
1!
1&
b111101111 )

#125597084
0!
0&

#125664901
1!
1&
b111101110 )

#125732718
0!
0&

#125800535
1!
1&
b111101101 )

#125868352
0!
0&

#125936169
1!
1&
b111101100 )

#126003986
0!
0&

#126071803
1!
1&
b111101011 )

#126139620
0!
0&

#126207437
1!
1&
b111101010 )

#126275254
0!
0&

#126343071
1!
1&
b111101001 )

#126410888
0!
0&

#126478705
1!
1&
b111101000 )

#126546522
0!
0&

#126614339
1!
1&
b111100111 )

#126682156
0!
0&

#126749973
1!
1&
b111100110 )

#126817790
0!
0&

#126885607
1!
1&
b111100101 )

#126953424
0!
0&

#127021241
1!
1&
b111100100 )

#127089058
0!
0&

#127156875
1!
1&
b111100011 )

#127224692
0!
0&

#127292509
1!
1&
b111100010 )

#127360326
0!
0&

#127428143
1!
1&
b111100001 )

#127495960
0!
0&

#127563777
1!
1&
b111100000 )
1+

#127631594
0!
0&

#127699411
1!
b101000 $
1&
b111011111 )
b1001010000 *
0+

#127767228
0!
0&

#127835045
1!
1&
b111011110 )

#127902862
0!
0&

#127970679
1!
1&
b111011101 )

#128038496
0!
0&

#128106313
1!
1&
b111011100 )

#128174130
0!
0&

#128241947
1!
1&
b111011011 )

#128309764
0!
0&

#128377581
1!
1&
b111011010 )

#128445398
0!
0&

#128513215
1!
1&
b111011001 )

#128581032
0!
0&

#128648849
1!
1&
b111011000 )

#128716666
0!
0&

#128784483
1!
1&
b111010111 )

#128852300
0!
0&

#128920117
1!
1&
b111010110 )

#128987934
0!
0&

#129055751
1!
1&
b111010101 )

#129123568
0!
0&

#129191385
1!
1&
b111010100 )

#129259202
0!
0&

#129327019
1!
1&
b111010011 )

#129394836
0!
0&

#129462653
1!
1&
b111010010 )

#129530470
0!
0&

#129598287
1!
1&
b111010001 )

#129666104
0!
0&

#129733921
1!
1&
b111010000 )

#129801738
0!
0&

#129869555
1!
1&
b111001111 )

#129937372
0!
0&

#130005189
1!
1&
b111001110 )

#130073006
0!
0&

#130140823
1!
1&
b111001101 )

#130208640
0!
0&

#130276457
1!
1&
b111001100 )

#130344274
0!
0&

#130412091
1!
1&
b111001011 )

#130479908
0!
0&

#130547725
1!
1&
b111001010 )

#130615542
0!
0&

#130683359
1!
1&
b111001001 )

#130751176
0!
0&

#130818993
1!
1&
b111001000 )

#130886810
0!
0&

#130954627
1!
1&
b111000111 )

#131022444
0!
0&

#131090261
1!
1&
b111000110 )

#131158078
0!
0&

#131225895
1!
1&
b111000101 )

#131293712
0!
0&

#131361529
1!
1&
b111000100 )

#131429346
0!
0&

#131497163
1!
1&
b111000011 )

#131564980
0!
0&

#131632797
1!
1&
b111000010 )

#131688000
0#
0(
b10 -

#131700614
0!
0&

#131768431
1!
1&
b111000001 )

#131836248
0!
0&

#131904065
1!
1&
b111000000 )

#131971882
0!
0&

#132039699
1!
1&
b110111111 )

#132107516
0!
0&

#132175333
1!
1&
b110111110 )

#132243150
0!
0&

#132310967
1!
1&
b110111101 )

#132378784
0!
0&

#132446601
1!
1&
b110111100 )

#132514418
0!
0&

#132582235
1!
1&
b110111011 )

#132650052
0!
0&

#132717869
1!
1&
b110111010 )

#132785686
0!
0&

#132853503
1!
1&
b110111001 )

#132921320
0!
0&

#132989137
1!
1&
b110111000 )

#133056954
0!
0&

#133124771
1!
1&
b110110111 )

#133192588
0!
0&

#133260405
1!
1&
b110110110 )

#133328222
0!
0&

#133396039
1!
1&
b110110101 )

#133463856
0!
0&

#133531673
1!
1&
b110110100 )

#133599490
0!
0&

#133667307
1!
1&
b110110011 )

#133735124
0!
0&

#133802941
1!
1&
b110110010 )

#133870758
0!
0&

#133938575
1!
1&
b110110001 )

#134006392
0!
0&

#134074209
1!
1&
b110110000 )

#134142026
0!
0&

#134209843
1!
1&
b110101111 )

#134277660
0!
0&

#134345477
1!
1&
b110101110 )

#134413294
0!
0&

#134481111
1!
1&
b110101101 )

#134548928
0!
0&

#134616745
1!
1&
b110101100 )

#134684562
0!
0&

#134752379
1!
1&
b110101011 )

#134820196
0!
0&

#134888013
1!
1&
b110101010 )

#134955830
0!
0&

#135023647
1!
1&
b110101001 )

#135091464
0!
0&

#135159281
1!
1&
b110101000 )

#135227098
0!
0&

#135294915
1!
1&
b110100111 )

#135362732
0!
0&

#135430549
1!
1&
b110100110 )

#135498366
0!
0&

#135566183
1!
1&
b110100101 )

#135634000
0!
0&

#135701817
1!
1&
b110100100 )

#135769634
0!
0&

#135837451
1!
1&
b110100011 )

#135905268
0!
0&

#135973085
1!
1&
b110100010 )

#136040902
0!
0&

#136108719
1!
1&
b110100001 )

#136176536
0!
0&

#136244353
1!
1&
b110100000 )
1+

#136312170
0!
0&

#136379987
1!
b10010100 $
1&
b110011111 )
b100101000 *
0+

#136447804
0!
0&

#136515621
1!
1&
b110011110 )

#136583438
0!
0&

#136651255
1!
1&
b110011101 )

#136719072
0!
0&

#136786889
1!
1&
b110011100 )

#136854706
0!
0&

#136922523
1!
1&
b110011011 )

#136990340
0!
0&

#137058157
1!
1&
b110011010 )

#137125974
0!
0&

#137193791
1!
1&
b110011001 )

#137261608
0!
0&

#137329425
1!
1&
b110011000 )

#137397242
0!
0&

#137465059
1!
1&
b110010111 )

#137532876
0!
0&

#137600693
1!
1&
b110010110 )

#137668510
0!
0&

#137736327
1!
1&
b110010101 )

#137804144
0!
0&

#137871961
1!
1&
b110010100 )

#137939778
0!
0&

#138007595
1!
1&
b110010011 )

#138075412
0!
0&

#138143229
1!
1&
b110010010 )

#138211046
0!
0&

#138278863
1!
1&
b110010001 )

#138346680
0!
0&

#138414497
1!
1&
b110010000 )

#138482314
0!
0&

#138550131
1!
1&
b110001111 )

#138617948
0!
0&

#138685765
1!
1&
b110001110 )

#138753582
0!
0&

#138821399
1!
1&
b110001101 )

#138889216
0!
0&

#138957033
1!
1&
b110001100 )

#139024850
0!
0&

#139092667
1!
1&
b110001011 )

#139160484
0!
0&

#139228301
1!
1&
b110001010 )

#139296118
0!
0&

#139363935
1!
1&
b110001001 )

#139431752
0!
0&

#139499569
1!
1&
b110001000 )

#139567386
0!
0&

#139635203
1!
1&
b110000111 )

#139703020
0!
0&

#139770837
1!
1&
b110000110 )

#139838654
0!
0&

#139906471
1!
1&
b110000101 )

#139974288
0!
0&

#140042105
1!
1&
b110000100 )

#140109922
0!
0&

#140177739
1!
1&
b110000011 )

#140245556
0!
0&

#140264000
b11 -

#140313373
1!
1&
b110000010 )

#140381190
0!
0&

#140449007
1!
1&
b110000001 )

#140516824
0!
0&

#140584641
1!
1&
b110000000 )

#140652458
0!
0&

#140720275
1!
1&
b101111111 )

#140788092
0!
0&

#140855909
1!
1&
b101111110 )

#140923726
0!
0&

#140991543
1!
1&
b101111101 )

#141059360
0!
0&

#141127177
1!
1&
b101111100 )

#141194994
0!
0&

#141262811
1!
1&
b101111011 )

#141330628
0!
0&

#141398445
1!
1&
b101111010 )

#141466262
0!
0&

#141534079
1!
1&
b101111001 )

#141601896
0!
0&

#141669713
1!
1&
b101111000 )

#141737530
0!
0&

#141805347
1!
1&
b101110111 )

#141873164
0!
0&

#141940981
1!
1&
b101110110 )

#142008798
0!
0&

#142076615
1!
1&
b101110101 )

#142144432
0!
0&

#142212249
1!
1&
b101110100 )

#142280066
0!
0&

#142347883
1!
1&
b101110011 )

#142415700
0!
0&

#142483517
1!
1&
b101110010 )

#142551334
0!
0&

#142619151
1!
1&
b101110001 )

#142686968
0!
0&

#142754785
1!
1&
b101110000 )

#142822602
0!
0&

#142890419
1!
1&
b101101111 )

#142958236
0!
0&

#143026053
1!
1&
b101101110 )

#143093870
0!
0&

#143161687
1!
1&
b101101101 )

#143229504
0!
0&

#143297321
1!
1&
b101101100 )

#143365138
0!
0&

#143432955
1!
1&
b101101011 )

#143500772
0!
0&

#143568589
1!
1&
b101101010 )

#143636406
0!
0&

#143704223
1!
1&
b101101001 )

#143772040
0!
0&

#143839857
1!
1&
b101101000 )

#143907674
0!
0&

#143975491
1!
1&
b101100111 )

#144043308
0!
0&

#144111125
1!
1&
b101100110 )

#144178942
0!
0&

#144246759
1!
1&
b101100101 )

#144314576
0!
0&

#144382393
1!
1&
b101100100 )

#144450210
0!
0&

#144518027
1!
1&
b101100011 )

#144585844
0!
0&

#144653661
1!
1&
b101100010 )

#144721478
0!
0&

#144789295
1!
1&
b101100001 )

#144857112
0!
0&

#144924929
1!
1&
b101100000 )
1+

#144992746
0!
0&

#145060563
1!
b1001010 $
1&
b101011111 )
b10010100 *
0+

#145128380
0!
0&

#145196197
1!
1&
b101011110 )

#145264014
0!
0&

#145331831
1!
1&
b101011101 )

#145399648
0!
0&

#145467465
1!
1&
b101011100 )

#145535282
0!
0&

#145603099
1!
1&
b101011011 )

#145670916
0!
0&

#145738733
1!
1&
b101011010 )

#145806550
0!
0&

#145874367
1!
1&
b101011001 )

#145942184
0!
0&

#146010001
1!
1&
b101011000 )

#146077818
0!
0&

#146145635
1!
1&
b101010111 )

#146213452
0!
0&

#146281269
1!
1&
b101010110 )

#146349086
0!
0&

#146416903
1!
1&
b101010101 )

#146484720
0!
0&

#146552537
1!
1&
b101010100 )

#146620354
0!
0&

#146688171
1!
1&
b101010011 )

#146755988
0!
0&

#146823805
1!
1&
b101010010 )

#146891622
0!
0&

#146959439
1!
1&
b101010001 )

#147027256
0!
0&

#147095073
1!
1&
b101010000 )

#147162890
0!
0&

#147230707
1!
1&
b101001111 )

#147298524
0!
0&

#147366341
1!
1&
b101001110 )

#147434158
0!
0&

#147501975
1!
1&
b101001101 )

#147569792
0!
0&

#147637609
1!
1&
b101001100 )

#147705426
0!
0&

#147773243
1!
1&
b101001011 )

#147841060
0!
0&

#147908877
1!
1&
b101001010 )

#147976694
0!
0&

#148044511
1!
1&
b101001001 )

#148112328
0!
0&

#148180145
1!
1&
b101001000 )

#148247962
0!
0&

#148315779
1!
1&
b101000111 )

#148383596
0!
0&

#148451413
1!
1&
b101000110 )

#148519230
0!
0&

#148587047
1!
1&
b101000101 )

#148654864
0!
0&

#148722681
1!
1&
b101000100 )

#148790498
0!
0&

#148840000
b100 -

#148858315
1!
1&
b101000011 )

#148926132
0!
0&

#148993949
1!
1&
b101000010 )

#149061766
0!
0&

#149129583
1!
1&
b101000001 )

#149197400
0!
0&

#149265217
1!
1&
b101000000 )

#149333034
0!
0&

#149400851
1!
1&
b100111111 )

#149468668
0!
0&

#149536485
1!
1&
b100111110 )

#149604302
0!
0&

#149672119
1!
1&
b100111101 )

#149739936
0!
0&

#149807753
1!
1&
b100111100 )

#149875570
0!
0&

#149943387
1!
1&
b100111011 )

#150011204
0!
0&

#150079021
1!
1&
b100111010 )

#150146838
0!
0&

#150214655
1!
1&
b100111001 )

#150282472
0!
0&

#150350289
1!
1&
b100111000 )

#150418106
0!
0&

#150485923
1!
1&
b100110111 )

#150553740
0!
0&

#150621557
1!
1&
b100110110 )

#150689374
0!
0&

#150757191
1!
1&
b100110101 )

#150825008
0!
0&

#150892825
1!
1&
b100110100 )

#150960642
0!
0&

#151028459
1!
1&
b100110011 )

#151096276
0!
0&

#151164093
1!
1&
b100110010 )

#151231910
0!
0&

#151299727
1!
1&
b100110001 )

#151367544
0!
0&

#151435361
1!
1&
b100110000 )

#151503178
0!
0&

#151570995
1!
1&
b100101111 )

#151638812
0!
0&

#151706629
1!
1&
b100101110 )

#151774446
0!
0&

#151842263
1!
1&
b100101101 )

#151910080
0!
0&

#151977897
1!
1&
b100101100 )

#152045714
0!
0&

#152113531
1!
1&
b100101011 )

#152181348
0!
0&

#152249165
1!
1&
b100101010 )

#152316982
0!
0&

#152384799
1!
1&
b100101001 )

#152452616
0!
0&

#152520433
1!
1&
b100101000 )

#152588250
0!
0&

#152656067
1!
1&
b100100111 )

#152723884
0!
0&

#152791701
1!
1&
b100100110 )

#152859518
0!
0&

#152927335
1!
1&
b100100101 )

#152995152
0!
0&

#153062969
1!
1&
b100100100 )

#153130786
0!
0&

#153198603
1!
1&
b100100011 )

#153266420
0!
0&

#153334237
1!
1&
b100100010 )

#153402054
0!
0&

#153469871
1!
1&
b100100001 )

#153537688
0!
0&

#153605505
1!
1&
b100100000 )
1+

#153673322
0!
0&

#153741139
1!
b100101 $
1&
b100011111 )
b1001010 *
0+

#153808956
0!
0&

#153876773
1!
1&
b100011110 )

#153944590
0!
0&

#154012407
1!
1&
b100011101 )

#154080224
0!
0&

#154148041
1!
1&
b100011100 )

#154215858
0!
0&

#154283675
1!
1&
b100011011 )

#154351492
0!
0&

#154419309
1!
1&
b100011010 )

#154487126
0!
0&

#154554943
1!
1&
b100011001 )

#154622760
0!
0&

#154690577
1!
1&
b100011000 )

#154758394
0!
0&

#154826211
1!
1&
b100010111 )

#154894028
0!
0&

#154961845
1!
1&
b100010110 )

#155029662
0!
0&

#155097479
1!
1&
b100010101 )

#155165296
0!
0&

#155233113
1!
1&
b100010100 )

#155300930
0!
0&

#155368747
1!
1&
b100010011 )

#155436564
0!
0&

#155504381
1!
1&
b100010010 )

#155572198
0!
0&

#155640015
1!
1&
b100010001 )

#155707832
0!
0&

#155775649
1!
1&
b100010000 )

#155843466
0!
0&

#155911283
1!
1&
b100001111 )

#155979100
0!
0&

#156046917
1!
1&
b100001110 )

#156114734
0!
0&

#156182551
1!
1&
b100001101 )

#156250368
0!
0&

#156318185
1!
1&
b100001100 )

#156386002
0!
0&

#156453819
1!
1&
b100001011 )

#156521636
0!
0&

#156589453
1!
1&
b100001010 )

#156657270
0!
0&

#156725087
1!
1&
b100001001 )

#156792904
0!
0&

#156860721
1!
1&
b100001000 )

#156928538
0!
0&

#156996355
1!
1&
b100000111 )

#157064172
0!
0&

#157131989
1!
1&
b100000110 )

#157199806
0!
0&

#157267623
1!
1&
b100000101 )

#157335440
0!
0&

#157403257
1!
1&
b100000100 )

#157416000
b101 -

#157471074
0!
0&

#157538891
1!
1&
b100000011 )

#157606708
0!
0&

#157674525
1!
1&
b100000010 )

#157742342
0!
0&

#157810159
1!
1&
b100000001 )

#157877976
0!
0&

#157945793
1!
1&
b100000000 )

#158013610
0!
0&

#158081427
1!
1&
b11111111 )

#158149244
0!
0&

#158217061
1!
1&
b11111110 )

#158284878
0!
0&

#158352695
1!
1&
b11111101 )

#158420512
0!
0&

#158488329
1!
1&
b11111100 )

#158556146
0!
0&

#158623963
1!
1&
b11111011 )

#158691780
0!
0&

#158759597
1!
1&
b11111010 )

#158827414
0!
0&

#158895231
1!
1&
b11111001 )

#158963048
0!
0&

#159030865
1!
1&
b11111000 )

#159098682
0!
0&

#159166499
1!
1&
b11110111 )

#159234316
0!
0&

#159302133
1!
1&
b11110110 )

#159369950
0!
0&

#159437767
1!
1&
b11110101 )

#159505584
0!
0&

#159573401
1!
1&
b11110100 )

#159641218
0!
0&

#159709035
1!
1&
b11110011 )

#159776852
0!
0&

#159844669
1!
1&
b11110010 )

#159912486
0!
0&

#159980303
1!
1&
b11110001 )

#160048120
0!
0&

#160115937
1!
1&
b11110000 )

#160183754
0!
0&

#160251571
1!
1&
b11101111 )

#160319388
0!
0&

#160387205
1!
1&
b11101110 )

#160455022
0!
0&

#160522839
1!
1&
b11101101 )

#160590656
0!
0&

#160658473
1!
1&
b11101100 )

#160726290
0!
0&

#160794107
1!
1&
b11101011 )

#160861924
0!
0&

#160929741
1!
1&
b11101010 )

#160997558
0!
0&

#161065375
1!
1&
b11101001 )

#161133192
0!
0&

#161201009
1!
1&
b11101000 )

#161268826
0!
0&

#161336643
1!
1&
b11100111 )

#161404460
0!
0&

#161472277
1!
1&
b11100110 )

#161540094
0!
0&

#161607911
1!
1&
b11100101 )

#161675728
0!
0&

#161743545
1!
1&
b11100100 )

#161811362
0!
0&

#161879179
1!
1&
b11100011 )

#161946996
0!
0&

#162014813
1!
1&
b11100010 )

#162082630
0!
0&

#162150447
1!
1&
b11100001 )

#162218264
0!
0&

#162286081
1!
1&
b11100000 )
1+

#162353898
0!
0&

#162421715
1!
b10010 $
1&
b11011111 )
b100101 *
0+

#162489532
0!
0&

#162557349
1!
1&
b11011110 )

#162625166
0!
0&

#162692983
1!
1&
b11011101 )

#162760800
0!
0&

#162828617
1!
1&
b11011100 )

#162896434
0!
0&

#162964251
1!
1&
b11011011 )

#163032068
0!
0&

#163099885
1!
1&
b11011010 )

#163167702
0!
0&

#163235519
1!
1&
b11011001 )

#163303336
0!
0&

#163371153
1!
1&
b11011000 )

#163438970
0!
0&

#163506787
1!
1&
b11010111 )

#163574604
0!
0&

#163642421
1!
1&
b11010110 )

#163710238
0!
0&

#163778055
1!
1&
b11010101 )

#163845872
0!
0&

#163913689
1!
1&
b11010100 )

#163981506
0!
0&

#164049323
1!
1&
b11010011 )

#164117140
0!
0&

#164184957
1!
1&
b11010010 )

#164252774
0!
0&

#164320591
1!
1&
b11010001 )

#164388408
0!
0&

#164456225
1!
1&
b11010000 )

#164524042
0!
0&

#164591859
1!
1&
b11001111 )

#164659676
0!
0&

#164727493
1!
1&
b11001110 )

#164795310
0!
0&

#164863127
1!
1&
b11001101 )

#164930944
0!
0&

#164998761
1!
1&
b11001100 )

#165066578
0!
0&

#165134395
1!
1&
b11001011 )

#165202212
0!
0&

#165270029
1!
1&
b11001010 )

#165337846
0!
0&

#165405663
1!
1&
b11001001 )

#165473480
0!
0&

#165541297
1!
1&
b11001000 )

#165609114
0!
0&

#165676931
1!
1&
b11000111 )

#165744748
0!
0&

#165812565
1!
1&
b11000110 )

#165880382
0!
0&

#165948199
1!
1&
b11000101 )

#165992000
1#
1(
b110 -

#166016016
0!
0&

#166083833
1!
1&
b11000100 )

#166151650
0!
0&

#166219467
1!
1&
b11000011 )

#166287284
0!
0&

#166355101
1!
1&
b11000010 )

#166422918
0!
0&

#166490735
1!
1&
b11000001 )

#166558552
0!
0&

#166626369
1!
1&
b11000000 )

#166694186
0!
0&

#166762003
1!
1&
b10111111 )

#166829820
0!
0&

#166897637
1!
1&
b10111110 )

#166965454
0!
0&

#167033271
1!
1&
b10111101 )

#167101088
0!
0&

#167168905
1!
1&
b10111100 )

#167236722
0!
0&

#167304539
1!
1&
b10111011 )

#167372356
0!
0&

#167440173
1!
1&
b10111010 )

#167507990
0!
0&

#167575807
1!
1&
b10111001 )

#167643624
0!
0&

#167711441
1!
1&
b10111000 )

#167779258
0!
0&

#167847075
1!
1&
b10110111 )

#167914892
0!
0&

#167982709
1!
1&
b10110110 )

#168050526
0!
0&

#168118343
1!
1&
b10110101 )

#168186160
0!
0&

#168253977
1!
1&
b10110100 )

#168321794
0!
0&

#168389611
1!
1&
b10110011 )

#168457428
0!
0&

#168525245
1!
1&
b10110010 )

#168593062
0!
0&

#168660879
1!
1&
b10110001 )

#168728696
0!
0&

#168796513
1!
1&
b10110000 )

#168864330
0!
0&

#168932147
1!
1&
b10101111 )

#168999964
0!
0&

#169067781
1!
1&
b10101110 )

#169135598
0!
0&

#169203415
1!
1&
b10101101 )

#169271232
0!
0&

#169339049
1!
1&
b10101100 )

#169406866
0!
0&

#169474683
1!
1&
b10101011 )

#169542500
0!
0&

#169610317
1!
1&
b10101010 )

#169678134
0!
0&

#169745951
1!
1&
b10101001 )

#169813768
0!
0&

#169881585
1!
1&
b10101000 )

#169949402
0!
0&

#170017219
1!
1&
b10100111 )

#170085036
0!
0&

#170152853
1!
1&
b10100110 )

#170220670
0!
0&

#170288487
1!
1&
b10100101 )

#170356304
0!
0&

#170424121
1!
1&
b10100100 )

#170491938
0!
0&

#170559755
1!
1&
b10100011 )

#170627572
0!
0&

#170695389
1!
1&
b10100010 )

#170763206
0!
0&

#170831023
1!
1&
b10100001 )

#170898840
0!
0&

#170966657
1!
1&
b10100000 )
1+

#171034474
0!
0&

#171102291
1!
b1001 $
1&
b10011111 )
b1000010010 *
0+

#171170108
0!
0&

#171237925
1!
1&
b10011110 )

#171305742
0!
0&

#171373559
1!
1&
b10011101 )

#171441376
0!
0&

#171509193
1!
1&
b10011100 )

#171577010
0!
0&

#171644827
1!
1&
b10011011 )

#171712644
0!
0&

#171780461
1!
1&
b10011010 )

#171848278
0!
0&

#171916095
1!
1&
b10011001 )

#171983912
0!
0&

#172051729
1!
1&
b10011000 )

#172119546
0!
0&

#172187363
1!
1&
b10010111 )

#172255180
0!
0&

#172322997
1!
1&
b10010110 )

#172390814
0!
0&

#172458631
1!
1&
b10010101 )

#172526448
0!
0&

#172594265
1!
1&
b10010100 )

#172662082
0!
0&

#172729899
1!
1&
b10010011 )

#172797716
0!
0&

#172865533
1!
1&
b10010010 )

#172933350
0!
0&

#173001167
1!
1&
b10010001 )

#173068984
0!
0&

#173136801
1!
1&
b10010000 )

#173204618
0!
0&

#173272435
1!
1&
b10001111 )

#173340252
0!
0&

#173408069
1!
1&
b10001110 )

#173475886
0!
0&

#173543703
1!
1&
b10001101 )

#173611520
0!
0&

#173679337
1!
1&
b10001100 )

#173747154
0!
0&

#173814971
1!
1&
b10001011 )

#173882788
0!
0&

#173950605
1!
1&
b10001010 )

#174018422
0!
0&

#174086239
1!
1&
b10001001 )

#174154056
0!
0&

#174221873
1!
1&
b10001000 )

#174289690
0!
0&

#174357507
1!
1&
b10000111 )

#174425324
0!
0&

#174493141
1!
1&
b10000110 )

#174560958
0!
0&

#174568000
0#
0(
b111 -

#174628775
1!
1&
b10000101 )

#174696592
0!
0&

#174764409
1!
1&
b10000100 )

#174832226
0!
0&

#174900043
1!
1&
b10000011 )

#174967860
0!
0&

#175035677
1!
1&
b10000010 )

#175103494
0!
0&

#175171311
1!
1&
b10000001 )

#175239128
0!
0&

#175306945
1!
1&
b10000000 )

#175374762
0!
0&

#175442579
1!
1&
b1111111 )

#175510396
0!
0&

#175578213
1!
1&
b1111110 )

#175646030
0!
0&

#175713847
1!
1&
b1111101 )

#175781664
0!
0&

#175849481
1!
1&
b1111100 )

#175917298
0!
0&

#175985115
1!
1&
b1111011 )

#176052932
0!
0&

#176120749
1!
1&
b1111010 )

#176188566
0!
0&

#176256383
1!
1&
b1111001 )

#176324200
0!
0&

#176392017
1!
1&
b1111000 )

#176459834
0!
0&

#176527651
1!
1&
b1110111 )

#176595468
0!
0&

#176663285
1!
1&
b1110110 )

#176731102
0!
0&

#176798919
1!
1&
b1110101 )

#176866736
0!
0&

#176934553
1!
1&
b1110100 )

#177002370
0!
0&

#177070187
1!
1&
b1110011 )

#177138004
0!
0&

#177205821
1!
1&
b1110010 )

#177273638
0!
0&

#177341455
1!
1&
b1110001 )

#177409272
0!
0&

#177477089
1!
1&
b1110000 )

#177544906
0!
0&

#177612723
1!
1&
b1101111 )

#177680540
0!
0&

#177748357
1!
1&
b1101110 )

#177816174
0!
0&

#177883991
1!
1&
b1101101 )

#177951808
0!
0&

#178019625
1!
1&
b1101100 )

#178087442
0!
0&

#178155259
1!
1&
b1101011 )

#178223076
0!
0&

#178290893
1!
1&
b1101010 )

#178358710
0!
0&

#178426527
1!
1&
b1101001 )

#178494344
0!
0&

#178562161
1!
1&
b1101000 )

#178629978
0!
0&

#178697795
1!
1&
b1100111 )

#178765612
0!
0&

#178833429
1!
1&
b1100110 )

#178901246
0!
0&

#178969063
1!
1&
b1100101 )

#179036880
0!
0&

#179104697
1!
1&
b1100100 )

#179172514
0!
0&

#179240331
1!
1&
b1100011 )

#179308148
0!
0&

#179375965
1!
1&
b1100010 )

#179443782
0!
0&

#179511599
1!
1&
b1100001 )

#179579416
0!
0&

#179647233
1!
1&
b1100000 )
1+

#179715050
0!
0&

#179782867
1!
b10000100 $
1&
b1011111 )
b100001001 *
0+

#179850684
0!
0&

#179918501
1!
1&
b1011110 )

#179986318
0!
0&

#180054135
1!
1&
b1011101 )

#180121952
0!
0&

#180189769
1!
1&
b1011100 )

#180257586
0!
0&

#180325403
1!
1&
b1011011 )

#180393220
0!
0&

#180461037
1!
1&
b1011010 )

#180528854
0!
0&

#180596671
1!
1&
b1011001 )

#180664488
0!
0&

#180732305
1!
1&
b1011000 )

#180800122
0!
0&

#180867939
1!
1&
b1010111 )

#180935756
0!
0&

#181003573
1!
1&
b1010110 )

#181071390
0!
0&

#181139207
1!
1&
b1010101 )

#181207024
0!
0&

#181274841
1!
1&
b1010100 )

#181342658
0!
0&

#181410475
1!
1&
b1010011 )

#181478292
0!
0&

#181546109
1!
1&
b1010010 )

#181613926
0!
0&

#181681743
1!
1&
b1010001 )

#181749560
0!
0&

#181817377
1!
1&
b1010000 )

#181885194
0!
0&

#181953011
1!
1&
b1001111 )

#182020828
0!
0&

#182088645
1!
1&
b1001110 )

#182156462
0!
0&

#182224279
1!
1&
b1001101 )

#182292096
0!
0&

#182359913
1!
1&
b1001100 )

#182427730
0!
0&

#182495547
1!
1&
b1001011 )

#182563364
0!
0&

#182631181
1!
1&
b1001010 )

#182698998
0!
0&

#182766815
1!
1&
b1001001 )

#182834632
0!
0&

#182902449
1!
1&
b1001000 )

#182970266
0!
0&

#183038083
1!
1&
b1000111 )

#183105900
0!
0&

#183144000
1#
1(
b1000 -

#183173717
1!
1&
b1000110 )

#183241534
0!
0&

#183309351
1!
1&
b1000101 )

#183377168
0!
0&

#183444985
1!
1&
b1000100 )

#183512802
0!
0&

#183580619
1!
1&
b1000011 )

#183648436
0!
0&

#183716253
1!
1&
b1000010 )

#183784070
0!
0&

#183851887
1!
1&
b1000001 )

#183919704
0!
0&

#183987521
1!
1&
b1000000 )

#184055338
0!
0&

#184123155
1!
1&
b111111 )

#184190972
0!
0&

#184258789
1!
1&
b111110 )

#184326606
0!
0&

#184394423
1!
1&
b111101 )

#184462240
0!
0&

#184530057
1!
1&
b111100 )

#184597874
0!
0&

#184665691
1!
1&
b111011 )

#184733508
0!
0&

#184801325
1!
1&
b111010 )

#184869142
0!
0&

#184936959
1!
1&
b111001 )

#185004776
0!
0&

#185072593
1!
1&
b111000 )

#185140410
0!
0&

#185208227
1!
1&
b110111 )

#185276044
0!
0&

#185343861
1!
1&
b110110 )

#185411678
0!
0&

#185479495
1!
1&
b110101 )

#185547312
0!
0&

#185615129
1!
1&
b110100 )

#185682946
0!
0&

#185750763
1!
1&
b110011 )

#185818580
0!
0&

#185886397
1!
1&
b110010 )

#185954214
0!
0&

#186022031
1!
1&
b110001 )

#186089848
0!
0&

#186157665
1!
1&
b110000 )

#186225482
0!
0&

#186293299
1!
1&
b101111 )

#186361116
0!
0&

#186428933
1!
1&
b101110 )

#186496750
0!
0&

#186564567
1!
1&
b101101 )

#186632384
0!
0&

#186700201
1!
1&
b101100 )

#186768018
0!
0&

#186835835
1!
1&
b101011 )

#186903652
0!
0&

#186971469
1!
1&
b101010 )

#187039286
0!
0&

#187107103
1!
1&
b101001 )

#187174920
0!
0&

#187242737
1!
1&
b101000 )

#187310554
0!
0&

#187378371
1!
1&
b100111 )

#187446188
0!
0&

#187514005
1!
1&
b100110 )

#187581822
0!
0&

#187649639
1!
1&
b100101 )

#187717456
0!
0&

#187785273
1!
1&
b100100 )

#187853090
0!
0&

#187920907
1!
1&
b100011 )

#187988724
0!
0&

#188056541
1!
1&
b100010 )

#188124358
0!
0&

#188192175
1!
1&
b100001 )

#188259992
0!
0&

#188327809
1!
1&
b100000 )
1+

#188395626
0!
0&

#188463443
1!
b1000010 $
1&
b11111 )
b1010000100 *
0+

#188531260
0!
0&

#188599077
1!
1&
b11110 )

#188666894
0!
0&

#188734711
1!
1&
b11101 )

#188802528
0!
0&

#188870345
1!
1&
b11100 )

#188938162
0!
0&

#189005979
1!
1&
b11011 )

#189073796
0!
0&

#189141613
1!
1&
b11010 )

#189209430
0!
0&

#189277247
1!
1&
b11001 )

#189345064
0!
0&

#189412881
1!
1&
b11000 )

#189480698
0!
0&

#189548515
1!
1&
b10111 )

#189616332
0!
0&

#189684149
1!
1&
b10110 )

#189751966
0!
0&

#189819783
1!
1&
b10101 )

#189887600
0!
0&

#189955417
1!
1&
b10100 )

#190023234
0!
0&

#190091051
1!
1&
b10011 )

#190158868
0!
0&

#190226685
1!
1&
b10010 )

#190294502
0!
0&

#190362319
1!
1&
b10001 )

#190430136
0!
0&

#190497953
1!
1&
b10000 )

#190565770
0!
0&

#190633587
1!
1&
b1111 )

#190701404
0!
0&

#190769221
1!
1&
b1110 )

#190837038
0!
0&

#190904855
1!
1&
b1101 )

#190972672
0!
0&

#191040489
1!
1&
b1100 )

#191108306
0!
0&

#191176123
1!
1&
b1011 )

#191243940
0!
0&

#191311757
1!
1&
b1010 )

#191379574
0!
0&

#191447391
1!
1&
b1001 )

#191515208
0!
0&

#191583025
1!
1&
b1000 )

#191650842
0!
0&

#191718659
1!
1&
b111 )

#191786476
0!
0&

#191854293
1!
1&
b110 )

#191922110
0!
0&

#191989927
1!
1&
b101 )

#192057744
0!
0&

#192125561
1!
1&
b100 )

#192193378
0!
0&

#192261195
1!
1&
b11 )

#192329012
0!
0&

#192396829
1!
1&
b10 )

#192464646
0!
0&

#192532463
1!
1%
1&
b1 )

#192600280
0!
0&

#192668097
1!
0%
1&
b0 )

#192735914
0!
0&

#192803731
1!
1&

#192871548
0!
0&

#192939365
1!
1&

#193007182
0!
0&

#193074999
1!
1&

#193142816
0!
0&

#193210633
1!
1&

#193278450
0!
0&

#193346267
1!
1&

#193414084
0!
0&

#193481901
1!
1&

#193549718
0!
0&

#193617535
1!
1&

#193685352
0!
0&

#193753169
1!
1&

#193820986
0!
0&

#193888803
1!
1&

#193956620
0!
0&

#194024437
1!
1&

#194092254
0!
0&

#194160071
1!
1&

#194227888
0!
0&

#194295705
1!
1&

#194363522
0!
0&

#194431339
1!
1&

#194499156
0!
0&

#194566973
1!
1&

#194634790
0!
0&

#194702607
1!
1&

#194770424
0!
0&

#194838241
1!
1&

#194906058
0!
0&

#194973875
1!
1&

#195041692
0!
0&

#195109509
1!
1&

#195177326
0!
0&

#195245143
1!
1&

#195312960
0!
0&

#195380777
1!
1&

#195448594
0!
0&

#195516411
1!
1&

#195584228
0!
0&

#195652045
1!
1&

#195719862
0!
0&

#195787679
1!
1&

#195855496
0!
0&

#195923313
1!
1&

#195991130
0!
0&

#196058947
1!
1&

#196126764
0!
0&

#196194581
1!
1&

#196262398
0!
0&

#196330215
1!
1&

#196398032
0!
0&

#196465849
1!
1&

#196533666
0!
0&

#196601483
1!
1&

#196669300
0!
0&

#196737117
1!
1&

#196804934
0!
0&

#196872751
1!
1&

#196940568
0!
0&

#197008385
1!
1&

#197076202
0!
0&

#197144019
1!
1&

#197211836
0!
0&

#197279653
1!
1&

#197347470
0!
0&

#197415287
1!
1&

#197483104
0!
0&

#197550921
1!
1&

#197618738
0!
0&

#197686555
1!
1&

#197754372
0!
0&

#197822189
1!
1&

#197890006
0!
0&

#197957823
1!
1&

#198025640
0!
0&

#198093457
1!
1&

#198161274
0!
0&

#198229091
1!
1&

#198296908
0!
0&

#198364725
1!
1&

#198432542
0!
0&

#198500359
1!
1&

#198568176
0!
0&

#198635993
1!
1&

#198703810
0!
0&

#198771627
1!
1&

#198839444
0!
0&

#198907261
1!
1&

#198975078
0!
0&

#199042895
1!
1&

#199110712
0!
0&

#199178529
1!
1&

#199246346
0!
0&

#199314163
1!
1&

#199381980
0!
0&

#199449797
1!
1&

#199517614
0!
0&

#199585431
1!
1&

#199653248
0!
0&

#199721065
1!
1&

#199788882
0!
0&

#199856699
1!
1&

#199924516
0!
0&

#199992333
1!
1&

#200060150
0!
0&

#200127967
1!
1&

#200195784
0!
0&

#200263601
1!
1&

#200331418
0!
0&

#200399235
1!
1&

#200467052
0!
0&

#200534869
1!
1&

#200602686
0!
0&

#200670503
1!
1&

#200738320
0!
0&

#200806137
1!
1&

#200873954
0!
0&

#200941771
1!
1&

#201009588
0!
0&

#201077405
1!
1&

#201145222
0!
0&

#201213039
1!
1&

#201280856
0!
0&

#201348673
1!
1&

#201416490
0!
0&

#201484307
1!
1&

#201552124
0!
0&

#201619941
1!
1&

#201687758
0!
0&

#201755575
1!
1&

#201823392
0!
0&

#201891209
1!
1&

#201959026
0!
0&

#202026843
1!
1&

#202094660
0!
0&

#202162477
1!
1&

#202230294
0!
0&

#202298111
1!
1&

#202365928
0!
0&

#202433745
1!
1&

#202501562
0!
0&

#202569379
1!
1&

#202637196
0!
0&

#202705013
1!
1&

#202772830
0!
0&

#202840647
1!
1&

#202908464
0!
0&

#202976281
1!
1&

#203044098
0!
0&

#203111915
1!
1&

#203179732
0!
0&

#203247549
1!
1&

#203315366
0!
0&

#203383183
1!
1&

#203451000
0!
0&

#203518817
1!
1&

#203586634
0!
0&

#203654451
1!
1&

#203722268
0!
0&

#203790085
1!
1&

#203857902
0!
0&

#203925719
1!
1&

#203993536
0!
0&

#204061353
1!
1&

#204129170
0!
0&

#204196987
1!
1&

#204264804
0!
0&

#204332621
1!
1&

#204400438
0!
0&

#204468255
1!
1&

#204536072
0!
0&

#204603889
1!
1&

#204671706
0!
0&

#204739523
1!
1&

#204807340
0!
0&

#204875157
1!
1&

#204942974
0!
0&

#205010791
1!
1&

#205078608
0!
0&

#205146425
1!
1&

#205214242
0!
0&

#205282059
1!
1&

#205349876
0!
0&

#205417693
1!
1&

#205485510
0!
0&

#205553327
1!
1&

#205621144
0!
0&

#205688961
1!
1&

#205756778
0!
0&

#205824595
1!
1&

#205892412
0!
0&

#205960229
1!
1&

#206028046
0!
0&

#206095863
1!
1&

#206163680
0!
0&

#206231497
1!
1&

#206299314
0!
0&

#206367131
1!
1&

#206434948
0!
0&

#206502765
1!
1&

#206570582
0!
0&

#206638399
1!
1&

#206706216
0!
0&

#206774033
1!
1&

#206841850
0!
0&

#206909667
1!
1&

#206977484
0!
0&

#207045301
1!
1&

#207113118
0!
0&

#207180935
1!
1&

#207248752
0!
0&

#207316569
1!
1&

#207384386
0!
0&

#207452203
1!
1&

#207520020
0!
0&

#207587837
1!
1&

#207655654
0!
0&

#207723471
1!
1&

#207791288
0!
0&

#207859105
1!
1&

#207926922
0!
0&

#207994739
1!
1&

#208062556
0!
0&

#208130373
1!
1&

#208198190
0!
0&

#208266007
1!
1&

#208333824
0!
0&

#208401641
1!
1&

#208469458
0!
0&

#208537275
1!
1&

#208605092
0!
0&

#208672909
1!
1&

#208740726
0!
0&

#208808543
1!
1&

#208876360
0!
0&

#208944177
1!
1&

#209011994
0!
0&

#209079811
1!
1&

#209147628
0!
0&

#209215445
1!
1&

#209283262
0!
0&

#209351079
1!
1&

#209418896
0!
0&

#209486713
1!
1&

#209554530
0!
0&

#209622347
1!
1&

#209690164
0!
0&

#209757981
1!
1&

#209825798
0!
0&

#209893615
1!
1&

#209961432
0!
0&

#210029249
1!
1&

#210097066
0!
0&

#210164883
1!
1&

#210232700
0!
0&

#210300517
1!
1&

#210368334
0!
0&

#210436151
1!
1&

#210503968
0!
0&

#210571785
1!
1&

#210639602
0!
0&

#210707419
1!
1&

#210775236
0!
0&

#210843053
1!
1&

#210910870
0!
0&

#210978687
1!
1&

#211046504
0!
0&

#211114321
1!
1&

#211182138
0!
0&

#211249955
1!
1&

#211317772
0!
0&

#211385589
1!
1&

#211453406
0!
0&

#211521223
1!
1&

#211589040
0!
0&

#211656857
1!
1&

#211724674
0!
0&

#211792491
1!
1&

#211860308
0!
0&

#211928125
1!
1&

#211995942
0!
0&

#212063759
1!
1&

#212131576
0!
0&

#212199393
1!
1&

#212267210
0!
0&

#212335027
1!
1&

#212402844
0!
0&

#212470661
1!
1&

#212538478
0!
0&

#212606295
1!
1&

#212674112
0!
0&

#212741929
1!
1&

#212809746
0!
0&

#212877563
1!
1&

#212945380
0!
0&

#213013197
1!
1&

#213081014
0!
0&

#213148831
1!
1&

#213216648
0!
0&

#213284465
1!
1&

#213352282
0!
0&

#213420099
1!
1&

#213487916
0!
0&

#213555733
1!
1&

#213623550
0!
0&

#213691367
1!
1&

#213759184
0!
0&

#213827001
1!
1&

#213894818
0!
0&

#213962635
1!
1&

#214030452
0!
0&

#214098269
1!
1&

#214166086
0!
0&

#214233903
1!
1&

#214301720
0!
0&

#214369537
1!
1&

#214437354
0!
0&

#214505171
1!
1&

#214572988
0!
0&

#214640805
1!
1&

#214708622
0!
0&

#214776439
1!
1&

#214844256
0!
0&

#214912073
1!
1&

#214979890
0!
0&

#215047707
1!
1&

#215115524
0!
0&

#215183341
1!
1&

#215251158
0!
0&

#215318975
1!
1&

#215386792
0!
0&

#215454609
1!
1&

#215522426
0!
0&

#215590243
1!
1&

#215658060
0!
0&

#215725877
1!
1&

#215793694
0!
0&

#215861511
1!
1&

#215929328
0!
0&

#215997145
1!
1&

#216064962
0!
0&

#216132779
1!
1&

#216200596
0!
0&

#216268413
1!
1&

#216336230
0!
0&

#216404047
1!
1&

#216471864
0!
0&

#216539681
1!
1&

#216607498
0!
0&

#216675315
1!
1&

#216743132
0!
0&

#216810949
1!
1&

#216878766
0!
0&

#216946583
1!
1&

#217014400
0!
0&

#217082217
1!
1&

#217150034
0!
0&

#217217851
1!
1&

#217285668
0!
0&

#217353485
1!
1&

#217421302
0!
0&

#217489119
1!
1&

#217556936
0!
0&

#217624753
1!
1&

#217692570
0!
0&

#217760387
1!
1&

#217828204
0!
0&

#217896021
1!
1&

#217963838
0!
0&

#218031655
1!
1&

#218099472
0!
0&

#218167289
1!
1&

#218235106
0!
0&

#218302923
1!
1&

#218370740
0!
0&

#218438557
1!
1&

#218506374
0!
0&

#218574191
1!
1&

#218642008
0!
0&

#218709825
1!
1&

#218777642
0!
0&

#218845459
1!
1&

#218913276
0!
0&

#218981093
1!
1&

#219048910
0!
0&

#219116727
1!
1&

#219184544
0!
0&

#219252361
1!
1&

#219320178
0!
0&

#219387995
1!
1&

#219455812
0!
0&

#219523629
1!
1&

#219591446
0!
0&

#219659263
1!
1&

#219727080
0!
0&

#219794897
1!
1&

#219862714
0!
0&

#219930531
1!
1&

#219998348
0!
0&

#220066165
1!
1&

#220133982
0!
0&

#220201799
1!
1&

#220269616
0!
0&

#220337433
1!
1&

#220405250
0!
0&

#220473067
1!
1&

#220540884
0!
0&

#220608701
1!
1&

#220676518
0!
0&

#220744335
1!
1&

#220812152
0!
0&

#220879969
1!
1&

#220947786
0!
0&

#221015603
1!
1&

#221083420
0!
0&

#221151237
1!
1&

#221219054
0!
0&

#221286871
1!
1&

#221354688
0!
0&

#221422505
1!
1&

#221490322
0!
0&

#221558139
1!
1&

#221625956
0!
0&

#221693773
1!
1&

#221761590
0!
0&

#221829407
1!
1&

#221897224
0!
0&

#221965041
1!
1&

#222032858
0!
0&

#222100675
1!
1&

#222168492
0!
0&

#222236309
1!
1&

#222304126
0!
0&

#222371943
1!
1&

#222439760
0!
0&

#222507577
1!
1&

#222575394
0!
0&

#222643211
1!
1&

#222711028
0!
0&

#222778845
1!
1&

#222846662
0!
0&

#222914479
1!
1&

#222982296
0!
0&

#223050113
1!
1&

#223117930
0!
0&

#223185747
1!
1&

#223253564
0!
0&

#223321381
1!
1&

#223389198
0!
0&

#223457015
1!
1&

#223524832
0!
0&

#223592649
1!
1&

#223660466
0!
0&

#223728283
1!
1&

#223796100
0!
0&

#223863917
1!
1&

#223931734
0!
0&

#223999551
1!
1&

#224067368
0!
0&

#224135185
1!
1&

#224203002
0!
0&

#224270819
1!
1&

#224338636
0!
0&

#224406453
1!
1&

#224474270
0!
0&

#224542087
1!
1&

#224609904
0!
0&

#224677721
1!
1&

#224745538
0!
0&

#224813355
1!
1&

#224881172
0!
0&

#224948989
1!
1&

#225016806
0!
0&

#225084623
1!
1&

#225152440
0!
0&

#225220257
1!
1&

#225288074
0!
0&

#225355891
1!
1&

#225423708
0!
0&

#225491525
1!
1&

#225559342
0!
0&

#225627159
1!
1&

#225694976
0!
0&

#225762793
1!
1&

#225830610
0!
0&

#225898427
1!
1&

#225966244
0!
0&

#226034061
1!
1&

#226101878
0!
0&

#226169695
1!
1&

#226237512
0!
0&

#226305329
1!
1&

#226373146
0!
0&

#226440963
1!
1&

#226508780
0!
0&

#226576597
1!
1&

#226644414
0!
0&

#226712231
1!
1&

#226780048
0!
0&

#226847865
1!
1&

#226915682
0!
0&

#226983499
1!
1&

#227051316
0!
0&

#227119133
1!
1&

#227186950
0!
0&

#227254767
1!
1&

#227322584
0!
0&

#227390401
1!
1&

#227458218
0!
0&

#227526035
1!
1&

#227593852
0!
0&

#227661669
1!
1&

#227729486
0!
0&

#227797303
1!
1&

#227865120
0!
0&

#227932937
1!
1&

#228000754
0!
0&

#228068571
1!
1&

#228136388
0!
0&

#228204205
1!
1&

#228272022
0!
0&

#228339839
1!
1&

#228407656
0!
0&

#228475473
1!
1&

#228543290
0!
0&

#228611107
1!
1&

#228678924
0!
0&

#228746741
1!
1&

#228814558
0!
0&

#228882375
1!
1&

#228950192
0!
0&

#229018009
1!
1&

#229085826
0!
0&

#229153643
1!
1&

#229221460
0!
0&

#229289277
1!
1&

#229357094
0!
0&

#229424911
1!
1&

#229492728
0!
0&

#229560545
1!
1&

#229628362
0!
0&

#229696179
1!
1&

#229763996
0!
0&

#229831813
1!
1&

#229899630
0!
0&

#229967447
1!
1&

#230035264
0!
0&

#230103081
1!
1&

#230170898
0!
0&

#230238715
1!
1&

#230306532
0!
0&

#230374349
1!
1&

#230442166
0!
0&

#230509983
1!
1&

#230577800
0!
0&

#230645617
1!
1&

#230713434
0!
0&

#230781251
1!
1&

#230849068
0!
0&

#230916885
1!
1&

#230984702
0!
0&

#231052519
1!
1&

#231120336
0!
0&

#231188153
1!
1&

#231255970
0!
0&

#231323787
1!
1&

#231391604
0!
0&

#231459421
1!
1&

#231527238
0!
0&

#231595055
1!
1&

#231662872
0!
0&

#231730689
1!
1&

#231798506
0!
0&

#231866323
1!
1&

#231934140
0!
0&

#232001957
1!
1&

#232069774
0!
0&

#232137591
1!
1&

#232205408
0!
0&

#232273225
1!
1&

#232341042
0!
0&

#232408859
1!
1&

#232476676
0!
0&

#232544493
1!
1&

#232612310
0!
0&

#232680127
1!
1&

#232747944
0!
0&

#232815761
1!
1&

#232883578
0!
0&

#232951395
1!
1&

#233019212
0!
0&

#233087029
1!
1&

#233154846
0!
0&

#233222663
1!
1&

#233290480
0!
0&

#233358297
1!
1&

#233426114
0!
0&

#233493931
1!
1&

#233561748
0!
0&

#233629565
1!
1&

#233697382
0!
0&

#233765199
1!
1&

#233833016
0!
0&

#233900833
1!
1&

#233968650
0!
0&

#234036467
1!
1&

#234104284
0!
0&

#234172101
1!
1&

#234239918
0!
0&

#234307735
1!
1&

#234375552
0!
0&

#234443369
1!
1&

#234511186
0!
0&

#234579003
1!
1&

#234646820
0!
0&

#234714637
1!
1&

#234782454
0!
0&

#234850271
1!
1&

#234918088
0!
0&

#234985905
1!
1&

#235053722
0!
0&

#235121539
1!
1&

#235189356
0!
0&

#235257173
1!
1&

#235324990
0!
0&

#235392807
1!
1&

#235460624
0!
0&

#235528441
1!
1&

#235596258
0!
0&

#235664075
1!
1&

#235731892
0!
0&

#235799709
1!
1&

#235867526
0!
0&

#235935343
1!
1&

#236003160
0!
0&

#236070977
1!
1&

#236138794
0!
0&

#236206611
1!
1&

#236274428
0!
0&

#236342245
1!
1&

#236410062
0!
0&

#236477879
1!
1&

#236545696
0!
0&

#236613513
1!
1&

#236681330
0!
0&

#236749147
1!
1&

#236816964
0!
0&

#236884781
1!
1&

#236952598
0!
0&

#237020415
1!
1&

#237088232
0!
0&

#237156049
1!
1&

#237223866
0!
0&

#237291683
1!
1&

#237359500
0!
0&

#237427317
1!
1&

#237495134
0!
0&

#237562951
1!
1&

#237630768
0!
0&

#237698585
1!
1&

#237766402
0!
0&

#237834219
1!
1&

#237902036
0!
0&

#237969853
1!
1&

#238037670
0!
0&

#238105487
1!
1&

#238173304
0!
0&

#238241121
1!
1&

#238308938
0!
0&

#238376755
1!
1&

#238444572
0!
0&

#238512389
1!
1&

#238580206
0!
0&

#238648023
1!
1&

#238715840
0!
0&

#238783657
1!
1&

#238851474
0!
0&

#238919291
1!
1&

#238987108
0!
0&

#239054925
1!
1&

#239122742
0!
0&

#239190559
1!
1&

#239258376
0!
0&

#239326193
1!
1&

#239394010
0!
0&

#239461827
1!
1&

#239529644
0!
0&

#239597461
1!
1&

#239665278
0!
0&

#239733095
1!
1&

#239800912
0!
0&

#239868729
1!
1&

#239936546
0!
0&

#240004363
1!
1&

#240072180
0!
0&

#240139997
1!
1&

#240207814
0!
0&

#240275631
1!
1&

#240343448
0!
0&

#240411265
1!
1&

#240479082
0!
0&

#240546899
1!
1&

#240614716
0!
0&

#240682533
1!
1&

#240750350
0!
0&

#240818167
1!
1&

#240885984
0!
0&

#240953801
1!
1&

#241021618
0!
0&

#241089435
1!
1&

#241157252
0!
0&

#241225069
1!
1&

#241292886
0!
0&

#241360703
1!
1&

#241428520
0!
0&

#241496337
1!
1&

#241564154
0!
0&

#241631971
1!
1&

#241699788
0!
0&

#241767605
1!
1&

#241835422
0!
0&

#241903239
1!
1&

#241971056
0!
0&

#242038873
1!
1&

#242106690
0!
0&

#242174507
1!
1&

#242242324
0!
0&

#242310141
1!
1&

#242377958
0!
0&

#242445775
1!
1&

#242513592
0!
0&

#242581409
1!
1&

#242649226
0!
0&

#242717043
1!
1&

#242784860
0!
0&

#242852677
1!
1&

#242920494
0!
0&

#242988311
1!
1&

#243056128
0!
0&

#243123945
1!
1&

#243191762
0!
0&

#243259579
1!
1&

#243327396
0!
0&

#243395213
1!
1&

#243463030
0!
0&

#243530847
1!
1&

#243598664
0!
0&

#243666481
1!
1&

#243734298
0!
0&

#243802115
1!
1&

#243869932
0!
0&

#243937749
1!
1&

#244005566
0!
0&

#244073383
1!
1&

#244141200
0!
0&

#244209017
1!
1&

#244276834
0!
0&

#244344651
1!
1&

#244412468
0!
0&

#244480285
1!
1&

#244548102
0!
0&

#244615919
1!
1&

#244683736
0!
0&

#244751553
1!
1&

#244819370
0!
0&

#244887187
1!
1&

#244955004
0!
0&

#245022821
1!
1&

#245090638
0!
0&

#245158455
1!
1&

#245226272
0!
0&

#245294089
1!
1&

#245361906
0!
0&

#245429723
1!
1&

#245497540
0!
0&

#245565357
1!
1&

#245633174
0!
0&

#245700991
1!
1&

#245768808
0!
0&

#245836625
1!
1&

#245904442
0!
0&

#245972259
1!
1&

#246040076
0!
0&

#246107893
1!
1&

#246175710
0!
0&

#246243527
1!
1&

#246311344
0!
0&

#246379161
1!
1&

#246446978
0!
0&

#246514795
1!
1&

#246582612
0!
0&

#246650429
1!
1&

#246718246
0!
0&

#246786063
1!
1&

#246853880
0!
0&

#246921697
1!
1&

#246989514
0!
0&

#247057331
1!
1&

#247125148
0!
0&

#247192965
1!
1&

#247260782
0!
0&

#247328599
1!
1&

#247396416
0!
0&

#247464233
1!
1&

#247532050
0!
0&

#247599867
1!
1&

#247667684
0!
0&

#247735501
1!
1&

#247803318
0!
0&

#247871135
1!
1&

#247938952
0!
0&

#248006769
1!
1&

#248074586
0!
0&

#248142403
1!
1&

#248210220
0!
0&

#248278037
1!
1&

#248345854
0!
0&

#248413671
1!
1&

#248481488
0!
0&

#248549305
1!
1&

#248617122
0!
0&

#248684939
1!
1&

#248752756
0!
0&

#248820573
1!
1&

#248888390
0!
0&

#248956207
1!
1&

#249024024
0!
0&

#249091841
1!
1&

#249159658
0!
0&

#249227475
1!
1&

#249295292
0!
0&

#249363109
1!
1&

#249430926
0!
0&

#249498743
1!
1&

#249566560
0!
0&

#249634377
1!
1&

#249702194
0!
0&

#249770011
1!
1&

#249837828
0!
0&

#249905645
1!
1&

#249973462
0!
0&

#250041279
1!
1&

#250109096
0!
0&

#250176913
1!
1&

#250244730
0!
0&

#250312547
1!
1&

#250380364
0!
0&

#250448181
1!
1&

#250515998
0!
0&

#250583815
1!
1&

#250651632
0!
0&

#250719449
1!
1&

#250787266
0!
0&

#250855083
1!
1&

#250922900
0!
0&

#250990717
1!
1&

#251058534
0!
0&

#251126351
1!
1&

#251194168
0!
0&

#251261985
1!
1&

#251329802
0!
0&

#251397619
1!
1&

#251465436
0!
0&

#251533253
1!
1&

#251601070
0!
0&

#251668887
1!
1&

#251736704
0!
0&

#251804521
1!
1&

#251872338
0!
0&

#251940155
1!
1&

#252007972
0!
0&

#252075789
1!
1&

#252143606
0!
0&

#252211423
1!
1&

#252279240
0!
0&

#252347057
1!
1&

#252414874
0!
0&

#252482691
1!
1&

#252550508
0!
0&

#252618325
1!
1&

#252686142
0!
0&

#252753959
1!
1&

#252821776
0!
0&

#252889593
1!
1&

#252957410
0!
0&

#253025227
1!
1&

#253093044
0!
0&

#253160861
1!
1&

#253228678
0!
0&

#253296495
1!
1&

#253364312
0!
0&

#253432129
1!
1&

#253499946
0!
0&

#253567763
1!
1&

#253635580
0!
0&

#253703397
1!
1&

#253771214
0!
0&

#253839031
1!
1&

#253906848
0!
0&

#253974665
1!
1&

#254042482
0!
0&

#254110299
1!
1&

#254178116
0!
0&

#254245933
1!
1&

#254313750
0!
0&

#254381567
1!
1&

#254449384
0!
0&

#254517201
1!
1&

#254585018
0!
0&

#254652835
1!
1&

#254720652
0!
0&

#254788469
1!
1&

#254856286
0!
0&

#254924103
1!
1&

#254991920
0!
0&

#255059737
1!
1&

#255127554
0!
0&

#255195371
1!
1&

#255263188
0!
0&

#255331005
1!
1&

#255398822
0!
0&

#255466639
1!
1&

#255534456
0!
0&

#255602273
1!
1&

#255670090
0!
0&

#255737907
1!
1&

#255805724
0!
0&

#255873541
1!
1&

#255941358
0!
0&

#256009175
1!
1&

#256076992
0!
0&

#256144809
1!
1&

#256212626
0!
0&

#256280443
1!
1&

#256348260
0!
0&

#256416077
1!
1&

#256483894
0!
0&

#256551711
1!
1&

#256619528
0!
0&

#256687345
1!
1&

#256755162
0!
0&

#256822979
1!
1&

#256890796
0!
0&

#256958613
1!
1&

#257026430
0!
0&

#257094247
1!
1&

#257162064
0!
0&

#257229881
1!
1&

#257297698
0!
0&

#257365515
1!
1&

#257433332
0!
0&

#257501149
1!
1&

#257568966
0!
0&

#257636783
1!
1&

#257704600
0!
0&

#257772417
1!
1&

#257840234
0!
0&

#257908051
1!
1&

#257975868
0!
0&

#258043685
1!
1&

#258111502
0!
0&

#258179319
1!
1&

#258247136
0!
0&

#258314953
1!
1&

#258382770
0!
0&

#258450587
1!
1&

#258518404
0!
0&

#258586221
1!
1&

#258654038
0!
0&

#258721855
1!
1&

#258789672
0!
0&

#258857489
1!
1&

#258925306
0!
0&

#258993123
1!
1&

#259060940
0!
0&

#259128757
1!
1&

#259196574
0!
0&

#259264391
1!
1&

#259332208
0!
0&

#259400025
1!
1&

#259467842
0!
0&

#259535659
1!
1&

#259603476
0!
0&

#259671293
1!
1&

#259739110
0!
0&

#259806927
1!
1&

#259874744
0!
0&

#259942561
1!
1&

#260010378
0!
0&

#260078195
1!
1&

#260146012
0!
0&

#260213829
1!
1&

#260281646
0!
0&

#260349463
1!
1&

#260417280
0!
0&

#260485097
1!
1&

#260552914
0!
0&

#260620731
1!
1&

#260688548
0!
0&

#260756365
1!
1&

#260824182
0!
0&

#260891999
1!
1&

#260959816
0!
0&

#261027633
1!
1&

#261095450
0!
0&

#261163267
1!
1&

#261231084
0!
0&

#261298901
1!
1&

#261366718
0!
0&

#261434535
1!
1&

#261502352
0!
0&

#261570169
1!
1&

#261637986
0!
0&

#261705803
1!
1&

#261773620
0!
0&

#261841437
1!
1&

#261909254
0!
0&

#261977071
1!
1&

#262044888
0!
0&

#262112705
1!
1&

#262180522
0!
0&

#262248339
1!
1&

#262316156
0!
0&

#262383973
1!
1&

#262451790
0!
0&

#262519607
1!
1&

#262587424
0!
0&

#262655241
1!
1&

#262723058
0!
0&

#262790875
1!
1&

#262858692
0!
0&

#262926509
1!
1&

#262994326
0!
0&

#263062143
1!
1&

#263129960
0!
0&

#263197777
1!
1&

#263265594
0!
0&

#263333411
1!
1&

#263401228
0!
0&

#263469045
1!
1&

#263536862
0!
0&

#263604679
1!
1&

#263672496
0!
0&

#263740313
1!
1&

#263808130
0!
0&

#263875947
1!
1&

#263943764
0!
0&

#264011581
1!
1&

#264079398
0!
0&

#264147215
1!
1&

#264215032
0!
0&

#264282849
1!
1&

#264350666
0!
0&

#264418483
1!
1&

#264486300
0!
0&

#264554117
1!
1&

#264621934
0!
0&

#264689751
1!
1&

#264757568
0!
0&

#264825385
1!
1&

#264893202
0!
0&

#264961019
1!
1&

#265028836
0!
0&

#265096653
1!
1&

#265164470
0!
0&

#265232287
1!
1&

#265300104
0!
0&

#265367921
1!
1&

#265435738
0!
0&

#265503555
1!
1&

#265571372
0!
0&

#265639189
1!
1&

#265707006
0!
0&

#265774823
1!
1&

#265842640
0!
0&

#265910457
1!
1&

#265978274
0!
0&

#266046091
1!
1&

#266113908
0!
0&

#266181725
1!
1&

#266249542
0!
0&

#266317359
1!
1&

#266385176
0!
0&

#266452993
1!
1&

#266520810
0!
0&

#266588627
1!
1&

#266656444
0!
0&

#266724261
1!
1&

#266792078
0!
0&

#266859895
1!
1&

#266927712
0!
0&

#266995529
1!
1&

#267063346
0!
0&

#267131163
1!
1&

#267198980
0!
0&

#267266797
1!
1&

#267334614
0!
0&

#267402431
1!
1&

#267470248
0!
0&

#267538065
1!
1&

#267605882
0!
0&

#267673699
1!
1&

#267741516
0!
0&

#267809333
1!
1&

#267877150
0!
0&

#267944967
1!
1&

#268012784
0!
0&

#268080601
1!
1&

#268148418
0!
0&

#268216235
1!
1&

#268284052
0!
0&

#268351869
1!
1&

#268419686
0!
0&

#268487503
1!
1&

#268555320
0!
0&

#268623137
1!
1&

#268690954
0!
0&

#268758771
1!
1&

#268826588
0!
0&

#268894405
1!
1&

#268962222
0!
0&

#269030039
1!
1&

#269097856
0!
0&

#269165673
1!
1&

#269233490
0!
0&

#269301307
1!
1&

#269369124
0!
0&

#269436941
1!
1&

#269504758
0!
0&

#269572575
1!
1&

#269640392
0!
0&

#269708209
1!
1&

#269776026
0!
0&

#269843843
1!
1&

#269911660
0!
0&

#269979477
1!
1&

#270047294
0!
0&

#270115111
1!
1&

#270182928
0!
0&

#270250745
1!
1&

#270318562
0!
0&

#270386379
1!
1&

#270454196
0!
0&

#270522013
1!
1&

#270589830
0!
0&

#270657647
1!
1&

#270725464
0!
0&

#270793281
1!
1&

#270861098
0!
0&

#270928915
1!
1&

#270996732
0!
0&

#271064549
1!
1&

#271132366
0!
0&

#271200183
1!
1&

#271268000
0!
0&

#271335817
1!
1&

#271403634
0!
0&

#271471451
1!
1&

#271539268
0!
0&

#271607085
1!
1&

#271674902
0!
0&

#271742719
1!
1&

#271810536
0!
0&

#271878353
1!
1&

#271946170
0!
0&

#272013987
1!
1&

#272081804
0!
0&

#272149621
1!
1&

#272217438
0!
0&

#272285255
1!
1&

#272353072
0!
0&

#272420889
1!
1&

#272488706
0!
0&

#272556523
1!
1&

#272624340
0!
0&

#272692157
1!
1&

#272759974
0!
0&

#272827791
1!
1&

#272895608
0!
0&

#272963425
1!
1&

#273031242
0!
0&

#273099059
1!
1&

#273166876
0!
0&

#273234693
1!
1&

#273302510
0!
0&

#273370327
1!
1&

#273438144
0!
0&

#273505961
1!
1&

#273573778
0!
0&

#273641595
1!
1&

#273709412
0!
0&

#273777229
1!
1&

#273845046
0!
0&

#273912863
1!
1&

#273980680
0!
0&

#274048497
1!
1&

#274116314
0!
0&

#274184131
1!
1&

#274251948
0!
0&

#274319765
1!
1&

#274387582
0!
0&

#274455399
1!
1&

#274523216
0!
0&

#274591033
1!
1&

#274658850
0!
0&

#274726667
1!
1&

#274794484
0!
0&

#274862301
1!
1&

#274930118
0!
0&

#274997935
1!
1&

#275065752
0!
0&

#275133569
1!
1&

#275201386
0!
0&

#275269203
1!
1&

#275337020
0!
0&

#275404837
1!
1&

#275472654
0!
0&

#275540471
1!
1&

#275608288
0!
0&

#275676105
1!
1&

#275743922
0!
0&

#275811739
1!
1&

#275879556
0!
0&

#275947373
1!
1&

#276015190
0!
0&

#276083007
1!
1&

#276150824
0!
0&

#276218641
1!
1&

#276286458
0!
0&

#276354275
1!
1&

#276422092
0!
0&

#276489909
1!
1&

#276557726
0!
0&

#276625543
1!
1&

#276693360
0!
0&

#276761177
1!
1&

#276828994
0!
0&

#276896811
1!
1&

#276964628
0!
0&

#277032445
1!
1&

#277100262
0!
0&

#277168079
1!
1&

#277235896
0!
0&

#277303713
1!
1&

#277371530
0!
0&

#277439347
1!
1&

#277507164
0!
0&

#277574981
1!
1&

#277642798
0!
0&

#277710615
1!
1&

#277778432
0!
0&

#277846249
1!
1&

#277914066
0!
0&

#277981883
1!
1&

#278049700
0!
0&

#278117517
1!
1&

#278185334
0!
0&

#278253151
1!
1&

#278320968
0!
0&

#278388785
1!
1&

#278456602
0!
0&

#278524419
1!
1&

#278592236
0!
0&

#278660053
1!
1&

#278727870
0!
0&

#278795687
1!
1&

#278863504
0!
0&

#278931321
1!
1&

#278999138
0!
0&

#279066955
1!
1&

#279134772
0!
0&

#279202589
1!
1&

#279270406
0!
0&

#279338223
1!
1&

#279406040
0!
0&

#279473857
1!
1&

#279541674
0!
0&

#279609491
1!
1&

#279677308
0!
0&

#279745125
1!
1&

#279812942
0!
0&

#279880759
1!
1&

#279948576
0!
0&

#280016393
1!
1&

#280084210
0!
0&

#280152027
1!
1&

#280219844
0!
0&

#280287661
1!
1&

#280355478
0!
0&

#280423295
1!
1&

#280491112
0!
0&

#280558929
1!
1&

#280626746
0!
0&

#280694563
1!
1&

#280762380
0!
0&

#280830197
1!
1&

#280898014
0!
0&

#280965831
1!
1&

#281033648
0!
0&

#281101465
1!
1&

#281169282
0!
0&

#281237099
1!
1&

#281304916
0!
0&

#281372733
1!
1&

#281440550
0!
0&

#281508367
1!
1&

#281576184
0!
0&

#281644001
1!
1&

#281711818
0!
0&

#281779635
1!
1&

#281847452
0!
0&

#281915269
1!
1&

#281983086
0!
0&

#282050903
1!
1&

#282118720
0!
0&

#282186537
1!
1&

#282254354
0!
0&

#282322171
1!
1&

#282389988
0!
0&

#282457805
1!
1&

#282525622
0!
0&

#282593439
1!
1&

#282661256
0!
0&

#282729073
1!
1&

#282796890
0!
0&

#282864707
1!
1&

#282932524
0!
0&

#283000341
1!
1&

#283068158
0!
0&

#283135975
1!
1&

#283203792
0!
0&

#283271609
1!
1&

#283339426
0!
0&

#283407243
1!
1&

#283475060
0!
0&

#283542877
1!
1&

#283610694
0!
0&

#283678511
1!
1&

#283746328
0!
0&

#283814145
1!
1&

#283881962
0!
0&

#283949779
1!
1&

#284017596
0!
0&

#284085413
1!
1&

#284153230
0!
0&

#284221047
1!
1&

#284288864
0!
0&

#284356681
1!
1&

#284424498
0!
0&

#284492315
1!
1&

#284560132
0!
0&

#284627949
1!
1&

#284695766
0!
0&

#284763583
1!
1&

#284831400
0!
0&

#284899217
1!
1&

#284967034
0!
0&

#285034851
1!
1&

#285102668
0!
0&

#285170485
1!
1&

#285238302
0!
0&

#285306119
1!
1&

#285373936
0!
0&

#285441753
1!
1&

#285509570
0!
0&

#285577387
1!
1&

#285645204
0!
0&

#285713021
1!
1&

#285780838
0!
0&

#285848655
1!
1&

#285916472
0!
0&

#285984289
1!
1&

#286052106
0!
0&

#286119923
1!
1&

#286187740
0!
0&

#286255557
1!
1&

#286323374
0!
0&

#286391191
1!
1&

#286459008
0!
0&

#286526825
1!
1&

#286594642
0!
0&

#286662459
1!
1&

#286730276
0!
0&

#286798093
1!
1&

#286865910
0!
0&

#286933727
1!
1&

#287001544
0!
0&

#287069361
1!
1&

#287137178
0!
0&

#287204995
1!
1&

#287272812
0!
0&

#287340629
1!
1&

#287408446
0!
0&

#287476263
1!
1&

#287544080
0!
0&

#287611897
1!
1&

#287679714
0!
0&

#287747531
1!
1&

#287815348
0!
0&

#287883165
1!
1&

#287950982
0!
0&

#288018799
1!
1&

#288086616
0!
0&

#288154433
1!
1&

#288222250
0!
0&

#288290067
1!
1&

#288357884
0!
0&

#288425701
1!
1&

#288493518
0!
0&

#288561335
1!
1&

#288629152
0!
0&

#288696969
1!
1&

#288764786
0!
0&

#288832603
1!
1&

#288900420
0!
0&

#288968237
1!
1&

#289036054
0!
0&

#289103871
1!
1&

#289171688
0!
0&

#289239505
1!
1&

#289307322
0!
0&

#289375139
1!
1&

#289442956
0!
0&

#289510773
1!
1&

#289578590
0!
0&

#289646407
1!
1&

#289714224
0!
0&

#289782041
1!
1&

#289849858
0!
0&

#289917675
1!
1&

#289985492
0!
0&

#290053309
1!
1&

#290121126
0!
0&

#290188943
1!
1&

#290256760
0!
0&

#290324577
1!
1&

#290392394
0!
0&

#290460211
1!
1&

#290528028
0!
0&

#290595845
1!
1&

#290663662
0!
0&

#290731479
1!
1&

#290799296
0!
0&

#290867113
1!
1&

#290934930
0!
0&

#291002747
1!
1&

#291070564
0!
0&

#291138381
1!
1&

#291206198
0!
0&

#291274015
1!
1&

#291341832
0!
0&

#291409649
1!
1&

#291477466
0!
0&

#291545283
1!
1&

#291613100
0!
0&

#291680917
1!
1&

#291748734
0!
0&

#291816551
1!
1&

#291884368
0!
0&

#291952185
1!
1&

#292020002
0!
0&

#292087819
1!
1&

#292155636
0!
0&

#292223453
1!
1&

#292291270
0!
0&

#292359087
1!
1&

#292426904
0!
0&

#292494721
1!
1&

#292562538
0!
0&

#292630355
1!
1&

#292698172
0!
0&

#292765989
1!
1&

#292833806
0!
0&

#292901623
1!
1&

#292969440
0!
0&

#293037257
1!
1&

#293105074
0!
0&

#293172891
1!
1&

#293240708
0!
0&

#293308525
1!
1&

#293376342
0!
0&

#293444159
1!
1&

#293511976
0!
0&

#293579793
1!
1&

#293647610
0!
0&

#293715427
1!
1&

#293783244
0!
0&

#293851061
1!
1&

#293918878
0!
0&

#293986695
1!
1&

#294054512
0!
0&

#294122329
1!
1&

#294190146
0!
0&

#294257963
1!
1&

#294325780
0!
0&

#294393597
1!
1&

#294461414
0!
0&

#294529231
1!
1&

#294597048
0!
0&

#294664865
1!
1&

#294732682
0!
0&

#294800499
1!
1&

#294868316
0!
0&

#294936133
1!
1&

#295003950
0!
0&

#295071767
1!
1&

#295139584
0!
0&

#295207401
1!
1&

#295275218
0!
0&

#295343035
1!
1&

#295410852
0!
0&

#295478669
1!
1&

#295546486
0!
0&

#295614303
1!
1&

#295682120
0!
0&

#295749937
1!
1&

#295817754
0!
0&

#295885571
1!
1&

#295953388
0!
0&

#296021205
1!
1&

#296089022
0!
0&

#296156839
1!
1&

#296224656
0!
0&

#296292473
1!
1&

#296360290
0!
0&

#296428107
1!
1&

#296495924
0!
0&

#296563741
1!
1&

#296631558
0!
0&

#296699375
1!
1&

#296767192
0!
0&

#296835009
1!
1&

#296902826
0!
0&

#296970643
1!
1&

#297038460
0!
0&

#297106277
1!
1&

#297174094
0!
0&

#297241911
1!
1&

#297309728
0!
0&

#297377545
1!
1&

#297445362
0!
0&

#297513179
1!
1&

#297580996
0!
0&

#297648813
1!
1&

#297716630
0!
0&

#297784447
1!
1&

#297852264
0!
0&

#297920081
1!
1&

#297987898
0!
0&

#298055715
1!
1&

#298123532
0!
0&

#298191349
1!
1&

#298259166
0!
0&

#298326983
1!
1&

#298394800
0!
0&

#298462617
1!
1&

#298530434
0!
0&

#298598251
1!
1&

#298666068
0!
0&

#298733885
1!
1&

#298801702
0!
0&

#298869519
1!
1&

#298937336
0!
0&

#299005153
1!
1&

#299072970
0!
0&

#299140787
1!
1&

#299208604
0!
0&

#299276421
1!
1&

#299344238
0!
0&

#299412055
1!
1&

#299479872
0!
0&

#299547689
1!
1&

#299615506
0!
0&

#299683323
1!
1&

#299751140
0!
0&

#299818957
1!
1&

#299886774
0!
0&

#299954591
1!
1&

#300022408
0!
0&

#300090225
1!
1&

#300158042
0!
0&

#300225859
1!
1&

#300293676
0!
0&

#300361493
1!
1&

#300429310
0!
0&

#300497127
1!
1&

#300564944
0!
0&

#300632761
1!
1&

#300700578
0!
0&

#300768395
1!
1&

#300836212
0!
0&

#300904029
1!
1&

#300971846
0!
0&

#301039663
1!
1&

#301107480
0!
0&

#301175297
1!
1&

#301243114
0!
0&

#301310931
1!
1&

#301378748
0!
0&

#301446565
1!
1&

#301514382
0!
0&

#301582199
1!
1&

#301650016
0!
0&

#301717833
1!
1&

#301785650
0!
0&

#301853467
1!
1&

#301921284
0!
0&

#301989101
1!
1&

#302056918
0!
0&

#302124735
1!
1&

#302192552
0!
0&

#302260369
1!
1&

#302328186
0!
0&

#302396003
1!
1&

#302463820
0!
0&

#302531637
1!
1&

#302599454
0!
0&

#302667271
1!
1&

#302735088
0!
0&

#302802905
1!
1&

#302870722
0!
0&

#302938539
1!
1&

#303006356
0!
0&

#303074173
1!
1&

#303141990
0!
0&

#303209807
1!
1&

#303277624
0!
0&

#303345441
1!
1&

#303413258
0!
0&

#303481075
1!
1&

#303548892
0!
0&

#303616709
1!
1&

#303684526
0!
0&

#303752343
1!
1&

#303820160
0!
0&

#303887977
1!
1&

#303955794
0!
0&

#304023611
1!
1&

#304091428
0!
0&

#304159245
1!
1&

#304227062
0!
0&

#304294879
1!
1&

#304362696
0!
0&

#304430513
1!
1&

#304498330
0!
0&

#304566147
1!
1&

#304633964
0!
0&

#304701781
1!
1&

#304769598
0!
0&

#304837415
1!
1&

#304905232
0!
0&

#304973049
1!
1&

#305040866
0!
0&

#305108683
1!
1&

#305176500
0!
0&

#305244317
1!
1&

#305312134
0!
0&

#305379951
1!
1&

#305447768
0!
0&

#305515585
1!
1&

#305583402
0!
0&

#305651219
1!
1&

#305719036
0!
0&

#305786853
1!
1&

#305854670
0!
0&

#305922487
1!
1&

#305990304
0!
0&

#306058121
1!
1&

#306125938
0!
0&

#306193755
1!
1&

#306261572
0!
0&

#306329389
1!
1&

#306397206
0!
0&

#306465023
1!
1&

#306532840
0!
0&

#306600657
1!
1&

#306668474
0!
0&

#306736291
1!
1&

#306804108
0!
0&

#306871925
1!
1&

#306939742
0!
0&

#307007559
1!
1&

#307075376
0!
0&

#307143193
1!
1&

#307211010
0!
0&

#307278827
1!
1&

#307346644
0!
0&

#307414461
1!
1&

#307482278
0!
0&

#307550095
1!
1&

#307617912
0!
0&

#307685729
1!
1&

#307753546
0!
0&

#307821363
1!
1&

#307889180
0!
0&

#307956997
1!
1&

#308024814
0!
0&

#308092631
1!
1&

#308160448
0!
0&

#308228265
1!
1&

#308296082
0!
0&

#308363899
1!
1&

#308431716
0!
0&

#308499533
1!
1&

#308567350
0!
0&

#308635167
1!
1&

#308702984
0!
0&

#308770801
1!
1&

#308838618
0!
0&

#308906435
1!
1&

#308974252
0!
0&

#309042069
1!
1&

#309109886
0!
0&

#309177703
1!
1&

#309245520
0!
0&

#309313337
1!
1&

#309381154
0!
0&

#309448971
1!
1&

#309516788
0!
0&

#309584605
1!
1&

#309652422
0!
0&

#309720239
1!
1&

#309788056
0!
0&

#309855873
1!
1&

#309923690
0!
0&

#309991507
1!
1&

#310059324
0!
0&

#310127141
1!
1&

#310194958
0!
0&

#310262775
1!
1&

#310330592
0!
0&

#310398409
1!
1&

#310466226
0!
0&

#310534043
1!
1&

#310601860
0!
0&

#310669677
1!
1&

#310737494
0!
0&

#310805311
1!
1&

#310873128
0!
0&

#310940945
1!
1&

#311008762
0!
0&

#311076579
1!
1&

#311144396
0!
0&

#311212213
1!
1&

#311280030
0!
0&

#311347847
1!
1&

#311415664
0!
0&

#311483481
1!
1&

#311551298
0!
0&

#311619115
1!
1&

#311686932
0!
0&

#311754749
1!
1&

#311822566
0!
0&

#311890383
1!
1&

#311958200
0!
0&

#312026017
1!
1&

#312093834
0!
0&

#312161651
1!
1&

#312229468
0!
0&

#312297285
1!
1&

#312365102
0!
0&

#312432919
1!
1&

#312500736
0!
0&

#312568553
1!
1&

#312636370
0!
0&

#312704187
1!
1&

#312772004
0!
0&

#312839821
1!
1&

#312907638
0!
0&

#312975455
1!
1&

#313043272
0!
0&

#313111089
1!
1&

#313178906
0!
0&

#313246723
1!
1&

#313314540
0!
0&

#313382357
1!
1&

#313450174
0!
0&

#313517991
1!
1&

#313585808
0!
0&

#313653625
1!
1&

#313721442
0!
0&

#313789259
1!
1&

#313857076
0!
0&

#313924893
1!
1&

#313992710
0!
0&

#314060527
1!
1&

#314128344
0!
0&

#314196161
1!
1&

#314263978
0!
0&

#314331795
1!
1&

#314399612
0!
0&

#314467429
1!
1&

#314535246
0!
0&

#314603063
1!
1&

#314670880
0!
0&

#314738697
1!
1&

#314806514
0!
0&

#314874331
1!
1&

#314942148
0!
0&

#315009965
1!
1&

#315077782
0!
0&

#315145599
1!
1&

#315213416
0!
0&

#315281233
1!
1&

#315349050
0!
0&

#315416867
1!
1&

#315484684
0!
0&

#315552501
1!
1&

#315620318
0!
0&

#315688135
1!
1&

#315755952
0!
0&

#315823769
1!
1&

#315891586
0!
0&

#315959403
1!
1&

#316027220
0!
0&

#316095037
1!
1&

#316162854
0!
0&

#316230671
1!
1&

#316298488
0!
0&

#316366305
1!
1&

#316434122
0!
0&

#316501939
1!
1&

#316569756
0!
0&

#316637573
1!
1&

#316705390
0!
0&

#316773207
1!
1&

#316841024
0!
0&

#316908841
1!
1&

#316976658
0!
0&

#317044475
1!
1&

#317112292
0!
0&

#317180109
1!
1&

#317247926
0!
0&

#317315743
1!
1&

#317383560
0!
0&

#317451377
1!
1&

#317519194
0!
0&

#317587011
1!
1&

#317654828
0!
0&

#317722645
1!
1&

#317790462
0!
0&

#317858279
1!
1&

#317926096
0!
0&

#317993913
1!
1&

#318061730
0!
0&

#318129547
1!
1&

#318197364
0!
0&

#318265181
1!
1&

#318332998
0!
0&

#318400815
1!
1&

#318468632
0!
0&

#318536449
1!
1&

#318604266
0!
0&

#318672083
1!
1&

#318739900
0!
0&

#318807717
1!
1&

#318875534
0!
0&

#318943351
1!
1&

#319011168
0!
0&

#319078985
1!
1&

#319146802
0!
0&

#319214619
1!
1&

#319282436
0!
0&

#319350253
1!
1&

#319418070
0!
0&

#319485887
1!
1&

#319553704
0!
0&

#319621521
1!
1&

#319689338
0!
0&

#319757155
1!
1&

#319824972
0!
0&

#319892789
1!
1&

#319960606
0!
0&

#320028423
1!
1&

#320096240
0!
0&

#320164057
1!
1&

#320231874
0!
0&

#320299691
1!
1&

#320367508
0!
0&

#320435325
1!
1&

#320503142
0!
0&

#320570959
1!
1&

#320638776
0!
0&

#320706593
1!
1&

#320774410
0!
0&

#320842227
1!
1&

#320910044
0!
0&

#320977861
1!
1&

#321045678
0!
0&

#321113495
1!
1&

#321181312
0!
0&

#321249129
1!
1&

#321316946
0!
0&

#321384763
1!
1&

#321452580
0!
0&

#321520397
1!
1&

#321588214
0!
0&

#321656031
1!
1&

#321723848
0!
0&

#321791665
1!
1&

#321859482
0!
0&

#321927299
1!
1&

#321995116
0!
0&

#322062933
1!
1&

#322130750
0!
0&

#322198567
1!
1&

#322266384
0!
0&

#322334201
1!
1&

#322402018
0!
0&

#322469835
1!
1&

#322537652
0!
0&

#322605469
1!
1&

#322673286
0!
0&

#322741103
1!
1&

#322808920
0!
0&

#322876737
1!
1&

#322944554
0!
0&

#323012371
1!
1&

#323080188
0!
0&

#323148005
1!
1&

#323215822
0!
0&

#323283639
1!
1&

#323351456
0!
0&

#323419273
1!
1&

#323487090
0!
0&

#323554907
1!
1&

#323622724
0!
0&

#323690541
1!
1&

#323758358
0!
0&

#323826175
1!
1&

#323893992
0!
0&

#323961809
1!
1&

#324029626
0!
0&

#324097443
1!
1&

#324165260
0!
0&

#324233077
1!
1&

#324300894
0!
0&

#324368711
1!
1&

#324436528
0!
0&

#324504345
1!
1&

#324572162
0!
0&

#324639979
1!
1&

#324707796
0!
0&

#324775613
1!
1&

#324843430
0!
0&

#324911247
1!
1&

#324979064
0!
0&

#325046881
1!
1&

#325114698
0!
0&

#325182515
1!
1&

#325250332
0!
0&

#325318149
1!
1&

#325385966
0!
0&

#325453783
1!
1&

#325521600
0!
0&

#325589417
1!
1&

#325657234
0!
0&

#325725051
1!
1&

#325792868
0!
0&

#325860685
1!
1&

#325928502
0!
0&

#325996319
1!
1&

#326064136
0!
0&

#326131953
1!
1&

#326199770
0!
0&

#326267587
1!
1&

#326335404
0!
0&

#326403221
1!
1&

#326471038
0!
0&

#326538855
1!
1&

#326606672
0!
0&

#326674489
1!
1&

#326742306
0!
0&

#326810123
1!
1&

#326877940
0!
0&

#326945757
1!
1&

#327013574
0!
0&

#327081391
1!
1&

#327149208
0!
0&

#327217025
1!
1&

#327284842
0!
0&

#327352659
1!
1&

#327420476
0!
0&

#327488293
1!
1&

#327556110
0!
0&

#327623927
1!
1&

#327691744
0!
0&

#327759561
1!
1&

#327827378
0!
0&

#327895195
1!
1&

#327963012
0!
0&

#328030829
1!
1&

#328098646
0!
0&

#328166463
1!
1&

#328234280
0!
0&

#328302097
1!
1&

#328369914
0!
0&

#328437731
1!
1&

#328505548
0!
0&

#328573365
1!
1&

#328641182
0!
0&

#328708999
1!
1&

#328776816
0!
0&

#328844633
1!
1&

#328912450
0!
0&

#328980267
1!
1&

#329048084
0!
0&

#329115901
1!
1&

#329183718
0!
0&

#329251535
1!
1&

#329319352
0!
0&

#329387169
1!
1&

#329454986
0!
0&

#329522803
1!
1&

#329590620
0!
0&

#329658437
1!
1&

#329726254
0!
0&

#329794071
1!
1&

#329861888
0!
0&

#329929705
1!
1&

#329997522
0!
0&

#330065339
1!
1&

#330133156
0!
0&

#330200973
1!
1&

#330268790
0!
0&

#330336607
1!
1&

#330404424
0!
0&

#330472241
1!
1&

#330540058
0!
0&

#330607875
1!
1&

#330675692
0!
0&

#330743509
1!
1&

#330811326
0!
0&

#330879143
1!
1&

#330946960
0!
0&

#331014777
1!
1&

#331082594
0!
0&

#331150411
1!
1&

#331218228
0!
0&

#331286045
1!
1&

#331353862
0!
0&

#331421679
1!
1&

#331489496
0!
0&

#331557313
1!
1&

#331625130
0!
0&

#331692947
1!
1&

#331760764
0!
0&

#331828581
1!
1&

#331896398
0!
0&

#331964215
1!
1&

#332032032
0!
0&

#332099849
1!
1&

#332167666
0!
0&

#332235483
1!
1&

#332303300
0!
0&

#332371117
1!
1&

#332438934
0!
0&

#332506751
1!
1&

#332574568
0!
0&

#332642385
1!
1&

#332710202
0!
0&

#332778019
1!
1&

#332845836
0!
0&

#332913653
1!
1&

#332981470
0!
0&

#333049287
1!
1&

#333117104
0!
0&

#333184921
1!
1&

#333252738
0!
0&

#333320555
1!
1&

#333388372
0!
0&

#333456189
1!
1&

#333524006
0!
0&

#333591823
1!
1&

#333659640
0!
0&

#333727457
1!
1&

#333795274
0!
0&

#333863091
1!
1&

#333930908
0!
0&

#333998725
1!
1&

#334066542
0!
0&

#334134359
1!
1&

#334202176
0!
0&

#334269993
1!
1&

#334337810
0!
0&

#334405627
1!
1&

#334473444
0!
0&

#334541261
1!
1&

#334609078
0!
0&

#334676895
1!
1&

#334744712
0!
0&

#334812529
1!
1&

#334880346
0!
0&

#334948163
1!
1&

#335015980
0!
0&

#335083797
1!
1&

#335151614
0!
0&

#335219431
1!
1&

#335287248
0!
0&

#335355065
1!
1&

#335422882
0!
0&

#335490699
1!
1&

#335558516
0!
0&

#335626333
1!
1&

#335694150
0!
0&

#335761967
1!
1&

#335829784
0!
0&

#335897601
1!
1&

#335965418
0!
0&

#336033235
1!
1&

#336101052
0!
0&

#336168869
1!
1&

#336236686
0!
0&

#336304503
1!
1&

#336372320
0!
0&

#336440137
1!
1&

#336507954
0!
0&

#336575771
1!
1&

#336643588
0!
0&

#336711405
1!
1&

#336779222
0!
0&

#336847039
1!
1&

#336914856
0!
0&

#336982673
1!
1&

#337050490
0!
0&

#337118307
1!
1&

#337186124
0!
0&

#337253941
1!
1&

#337321758
0!
0&

#337389575
1!
1&

#337457392
0!
0&

#337525209
1!
1&

#337593026
0!
0&

#337660843
1!
1&

#337728660
0!
0&

#337796477
1!
1&

#337864294
0!
0&

#337932111
1!
1&

#337999928
0!
0&

#338067745
1!
1&

#338135562
0!
0&

#338203379
1!
1&

#338271196
0!
0&

#338339013
1!
1&

#338406830
0!
0&

#338474647
1!
1&

#338542464
0!
0&

#338610281
1!
1&

#338678098
0!
0&

#338745915
1!
1&

#338813732
0!
0&

#338881549
1!
1&

#338949366
0!
0&

#339017183
1!
1&

#339085000
0!
0&

#339152817
1!
1&

#339220634
0!
0&

#339288451
1!
1&

#339356268
0!
0&

#339424085
1!
1&

#339491902
0!
0&

#339559719
1!
1&

#339627536
0!
0&

#339695353
1!
1&

#339763170
0!
0&

#339830987
1!
1&

#339898804
0!
0&

#339966621
1!
1&

#340034438
0!
0&

#340102255
1!
1&

#340170072
0!
0&

#340237889
1!
1&

#340305706
0!
0&

#340373523
1!
1&

#340441340
0!
0&

#340509157
1!
1&

#340576974
0!
0&

#340644791
1!
1&

#340712608
0!
0&

#340780425
1!
1&

#340848242
0!
0&

#340916059
1!
1&

#340983876
0!
0&

#341051693
1!
1&

#341119510
0!
0&

#341187327
1!
1&

#341255144
0!
0&

#341322961
1!
1&

#341390778
0!
0&

#341458595
1!
1&

#341526412
0!
0&

#341594229
1!
1&

#341662046
0!
0&

#341729863
1!
1&

#341797680
0!
0&

#341865497
1!
1&

#341933314
0!
0&

#342001131
1!
1&

#342068948
0!
0&

#342136765
1!
1&

#342204582
0!
0&

#342272399
1!
1&

#342340216
0!
0&

#342408033
1!
1&

#342475850
0!
0&

#342543667
1!
1&

#342611484
0!
0&

#342679301
1!
1&

#342747118
0!
0&

#342814935
1!
1&

#342882752
0!
0&

#342950569
1!
1&

#343018386
0!
0&

#343086203
1!
1&

#343154020
0!
0&

#343221837
1!
1&

#343289654
0!
0&

#343357471
1!
1&

#343425288
0!
0&

#343493105
1!
1&

#343560922
0!
0&

#343628739
1!
1&

#343696556
0!
0&

#343764373
1!
1&

#343832190
0!
0&

#343900007
1!
1&

#343967824
0!
0&

#344035641
1!
1&

#344103458
0!
0&

#344171275
1!
1&

#344239092
0!
0&

#344306909
1!
1&

#344374726
0!
0&

#344442543
1!
1&

#344510360
0!
0&

#344578177
1!
1&

#344645994
0!
0&

#344713811
1!
1&

#344781628
0!
0&

#344849445
1!
1&

#344917262
0!
0&

#344985079
1!
1&

#345052896
0!
0&

#345120713
1!
1&

#345188530
0!
0&

#345256347
1!
1&

#345324164
0!
0&

#345391981
1!
1&

#345459798
0!
0&

#345527615
1!
1&

#345595432
0!
0&

#345663249
1!
1&

#345731066
0!
0&

#345798883
1!
1&

#345866700
0!
0&

#345934517
1!
1&

#346002334
0!
0&

#346070151
1!
1&

#346137968
0!
0&

#346205785
1!
1&

#346273602
0!
0&

#346341419
1!
1&

#346409236
0!
0&

#346477053
1!
1&

#346544870
0!
0&

#346612687
1!
1&

#346680504
0!
0&

#346748321
1!
1&

#346816138
0!
0&

#346883955
1!
1&

#346951772
0!
0&

#347019589
1!
1&

#347087406
0!
0&

#347155223
1!
1&

#347223040
0!
0&

#347290857
1!
1&

#347358674
0!
0&

#347426491
1!
1&

#347494308
0!
0&

#347562125
1!
1&

#347629942
0!
0&

#347697759
1!
1&

#347765576
0!
0&

#347833393
1!
1&

#347901210
0!
0&

#347969027
1!
1&

#348036844
0!
0&

#348104661
1!
1&

#348172478
0!
0&

#348240295
1!
1&

#348308112
0!
0&

#348375929
1!
1&

#348443746
0!
0&

#348511563
1!
1&

#348579380
0!
0&

#348647197
1!
1&

#348715014
0!
0&

#348782831
1!
1&

#348850648
0!
0&

#348918465
1!
1&

#348986282
0!
0&

#349054099
1!
1&

#349121916
0!
0&

#349189733
1!
1&

#349257550
0!
0&

#349325367
1!
1&

#349393184
0!
0&

#349461001
1!
1&

#349528818
0!
0&

#349596635
1!
1&

#349664452
0!
0&

#349732269
1!
1&

#349800086
0!
0&

#349867903
1!
1&

#349935720
0!
0&

#350003537
1!
1&

#350071354
0!
0&

#350139171
1!
1&

#350206988
0!
0&

#350274805
1!
1&

#350342622
0!
0&

#350410439
1!
1&

#350478256
0!
0&

#350546073
1!
1&

#350613890
0!
0&

#350681707
1!
1&

#350749524
0!
0&

#350817341
1!
1&

#350885158
0!
0&

#350952975
1!
1&

#351020792
0!
0&

#351088609
1!
1&

#351156426
0!
0&

#351224243
1!
1&

#351292060
0!
0&

#351359877
1!
1&

#351427694
0!
0&

#351495511
1!
1&

#351563328
0!
0&

#351631145
1!
1&

#351698962
0!
0&

#351766779
1!
1&

#351834596
0!
0&

#351902413
1!
1&

#351970230
0!
0&

#352038047
1!
1&

#352105864
0!
0&

#352173681
1!
1&

#352241498
0!
0&

#352309315
1!
1&

#352377132
0!
0&

#352444949
1!
1&

#352512766
0!
0&

#352580583
1!
1&

#352648400
0!
0&

#352716217
1!
1&

#352784034
0!
0&

#352851851
1!
1&

#352919668
0!
0&

#352987485
1!
1&

#353055302
0!
0&

#353123119
1!
1&

#353190936
0!
0&

#353258753
1!
1&

#353326570
0!
0&

#353394387
1!
1&

#353462204
0!
0&

#353530021
1!
1&

#353597838
0!
0&

#353665655
1!
1&

#353733472
0!
0&

#353801289
1!
1&

#353869106
0!
0&

#353936923
1!
1&

#354004740
0!
0&

#354072557
1!
1&

#354140374
0!
0&

#354208191
1!
1&

#354276008
0!
0&

#354343825
1!
1&

#354411642
0!
0&

#354479459
1!
1&

#354547276
0!
0&

#354615093
1!
1&

#354682910
0!
0&

#354750727
1!
1&

#354818544
0!
0&

#354886361
1!
1&

#354954178
0!
0&

#355021995
1!
1&

#355089812
0!
0&

#355157629
1!
1&

#355225446
0!
0&

#355293263
1!
1&

#355361080
0!
0&

#355428897
1!
1&

#355496714
0!
0&

#355564531
1!
1&

#355632348
0!
0&

#355700165
1!
1&

#355767982
0!
0&

#355835799
1!
1&

#355903616
0!
0&

#355971433
1!
1&

#356039250
0!
0&

#356107067
1!
1&

#356174884
0!
0&

#356242701
1!
1&

#356310518
0!
0&

#356378335
1!
1&

#356446152
0!
0&

#356513969
1!
1&

#356581786
0!
0&

#356649603
1!
1&

#356717420
0!
0&

#356785237
1!
1&

#356853054
0!
0&

#356920871
1!
1&

#356988688
0!
0&

#357056505
1!
1&

#357124322
0!
0&

#357192139
1!
1&

#357259956
0!
0&

#357327773
1!
1&

#357395590
0!
0&

#357463407
1!
1&

#357531224
0!
0&

#357599041
1!
1&

#357666858
0!
0&

#357734675
1!
1&

#357802492
0!
0&

#357870309
1!
1&

#357938126
0!
0&

#358005943
1!
1&

#358073760
0!
0&

#358141577
1!
1&

#358209394
0!
0&

#358277211
1!
1&

#358345028
0!
0&

#358412845
1!
1&

#358480662
0!
0&

#358548479
1!
1&

#358616296
0!
0&

#358684113
1!
1&

#358751930
0!
0&

#358819747
1!
1&

#358887564
0!
0&

#358955381
1!
1&

#359023198
0!
0&

#359091015
1!
1&

#359158832
0!
0&

#359226649
1!
1&

#359294466
0!
0&

#359362283
1!
1&

#359430100
0!
0&

#359497917
1!
1&

#359565734
0!
0&

#359633551
1!
1&

#359701368
0!
0&

#359769185
1!
1&

#359837002
0!
0&

#359904819
1!
1&

#359972636
0!
0&

#360040453
1!
1&

#360108270
0!
0&

#360176087
1!
1&

#360243904
0!
0&

#360311721
1!
1&

#360379538
0!
0&

#360447355
1!
1&

#360515172
0!
0&

#360582989
1!
1&

#360650806
0!
0&

#360718623
1!
1&

#360786440
0!
0&

#360854257
1!
1&

#360922074
0!
0&

#360989891
1!
1&

#361057708
0!
0&

#361125525
1!
1&

#361193342
0!
0&

#361261159
1!
1&

#361328976
0!
0&

#361396793
1!
1&

#361464610
0!
0&

#361532427
1!
1&

#361600244
0!
0&

#361668061
1!
1&
