$date
   Sat May 16 16:31:57 2026
$end

$version
  2025.1.0
  $dumpfile ("sim_btn_enc.vcd") 
$end

$timescale
  1ps
$end

$scope module sim_btn_enc $end
$var reg 1 ! clk $end
$var reg 1 " rst_n $end
$var reg 2 # btn_in [1:0] $end
$var wire 8 $ data [7:0] $end
$var wire 1 % data_valid $end
$var wire 1 & data_ready $end
$var wire 1 ' uart_tx $end
$scope module btn_enc_inst $end
$var wire 1 ( clk $end
$var wire 1 ) rst_n $end
$var wire 2 * btn_in [1:0] $end
$var reg 8 + data [7:0] $end
$var reg 1 , data_valid $end
$var wire 1 & data_ready $end
$var reg 2 - btn_in_buf [1:0] $end
$var reg 8 . btn_chg_idx [7:0] $end
$var integer 32 / i [31:0] $end
$upscope $end
$scope module data_inst $end
$var wire 1 0 clk $end
$var wire 1 1 rst_n $end
$var wire 8 $ data [7:0] $end
$var wire 1 % data_valid $end
$var wire 1 & data_ready $end
$var wire 1 ' uart_tx $end
$var reg 10 2 counter [9:0] $end
$var reg 10 3 data_buf [9:0] $end
$var wire 1 4 counter_tx $end
$upscope $end
$upscope $end
$enddefinitions $end

#0
$dumpvars
0!
0"
b0 #
b0 $
0%
1&
1'
0(
0)
b0 *
b0 +
0,
b0 -
b11111111 .
b10 /
00
01
b0 2
b1 3
14
$end

#67817
1!
1(
10

#135634
0!
0(
00

#200000
1"
1)
11

#203451
1!
1(
10

#271268
0!
0(
00

#339085
1!
1(
10

#406902
0!
0(
00

#474719
1!
1(
10

#542536
0!
0(
00

#610353
1!
1(
10

#678170
0!
0(
00

#745987
1!
1(
10

#813804
0!
0(
00

#881621
1!
1(
10

#949438
0!
0(
00

#1017255
1!
1(
10

#1085072
0!
0(
00

#1152889
1!
1(
10

#1220706
0!
0(
00

#1288523
1!
1(
10

#1356340
0!
0(
00

#1424157
1!
1(
10

#1491974
0!
0(
00

#1559791
1!
1(
10

#1627608
0!
0(
00

#1695425
1!
1(
10

#1763242
0!
0(
00

#1831059
1!
1(
10

#1898876
0!
0(
00

#1966693
1!
1(
10

#2034510
0!
0(
00

#2102327
1!
1(
10

#2170144
0!
0(
00

#2237961
1!
1(
10

#2305778
0!
0(
00

#2373595
1!
1(
10

#2441412
0!
0(
00

#2509229
1!
1(
10

#2577046
0!
0(
00

#2644863
1!
1(
10

#2712680
0!
0(
00

#2780497
1!
1(
10

#2848314
0!
0(
00

#2916131
1!
1(
10

#2983948
0!
0(
00

#3051765
1!
1(
10

#3119582
0!
0(
00

#3187399
1!
1(
10

#3255216
0!
0(
00

#3323033
1!
1(
10

#3390850
0!
0(
00

#3458667
1!
1(
10

#3526484
0!
0(
00

#3594301
1!
1(
10

#3662118
0!
0(
00

#3729935
1!
1(
10

#3797752
0!
0(
00

#3865569
1!
1(
10

#3933386
0!
0(
00

#4001203
1!
1(
10

#4069020
0!
0(
00

#4136837
1!
1(
10

#4204654
0!
0(
00

#4272471
1!
1(
10

#4340288
0!
0(
00

#4408105
1!
1(
10

#4475922
0!
0(
00

#4543739
1!
1(
10

#4611556
0!
0(
00

#4679373
1!
1(
10

#4747190
0!
0(
00

#4815007
1!
1(
10

#4882824
0!
0(
00

#4950641
1!
1(
10

#5018458
0!
0(
00

#5086275
1!
1(
10

#5154092
0!
0(
00

#5221909
1!
1(
10

#5289726
0!
0(
00

#5357543
1!
1(
10

#5425360
0!
0(
00

#5493177
1!
1(
10

#5560994
0!
0(
00

#5628811
1!
1(
10

#5696628
0!
0(
00

#5764445
1!
1(
10

#5832262
0!
0(
00

#5900079
1!
1(
10

#5967896
0!
0(
00

#6035713
1!
1(
10

#6103530
0!
0(
00

#6171347
1!
1(
10

#6239164
0!
0(
00

#6306981
1!
1(
10

#6374798
0!
0(
00

#6442615
1!
1(
10

#6510432
0!
0(
00

#6578249
1!
1(
10

#6646066
0!
0(
00

#6713883
1!
1(
10

#6781700
0!
0(
00

#6849517
1!
1(
10

#6917334
0!
0(
00

#6985151
1!
1(
10

#7052968
0!
0(
00

#7120785
1!
1(
10

#7188602
0!
0(
00

#7256419
1!
1(
10

#7324236
0!
0(
00

#7392053
1!
1(
10

#7459870
0!
0(
00

#7527687
1!
1(
10

#7595504
0!
0(
00

#7663321
1!
1(
10

#7731138
0!
0(
00

#7798955
1!
1(
10

#7866772
0!
0(
00

#7934589
1!
1(
10

#8002406
0!
0(
00

#8070223
1!
1(
10

#8138040
0!
0(
00

#8205857
1!
1(
10

#8273674
0!
0(
00

#8341491
1!
1(
10

#8409308
0!
0(
00

#8477125
1!
1(
10

#8544942
0!
0(
00

#8612759
1!
1(
10

#8680576
0!
0(
00

#8748393
1!
1(
10

#8816210
0!
0(
00

#8884027
1!
1(
10

#8951844
0!
0(
00

#9019661
1!
1(
10

#9087478
0!
0(
00

#9155295
1!
1(
10

#9223112
0!
0(
00

#9290929
1!
1(
10

#9358746
0!
0(
00

#9426563
1!
1(
10

#9494380
0!
0(
00

#9562197
1!
1(
10

#9630014
0!
0(
00

#9697831
1!
1(
10

#9765648
0!
0(
00

#9833465
1!
1(
10

#9901282
0!
0(
00

#9969099
1!
1(
10

#10036916
0!
0(
00

#10104733
1!
1(
10

#10172550
0!
0(
00

#10200000
b1 #
b1 *
b0 .
b10 /

#10240367
1!
b1000001 $
1%
1(
b1000001 +
1,
b1 -
b11111111 .
b10 /
10

#10308184
0!
0(
00

#10376001
1!
b0 $
0%
0&
0'
1(
b0 +
0,
10
b1001111111 2
b1010000010 3
04

#10443818
0!
0(
00

#10511635
1!
1(
10
b1001111110 2

#10579452
0!
0(
00

#10647269
1!
1(
10
b1001111101 2

#10715086
0!
0(
00

#10782903
1!
1(
10
b1001111100 2

#10850720
0!
0(
00

#10918537
1!
1(
10
b1001111011 2

#10986354
0!
0(
00

#11054171
1!
1(
10
b1001111010 2

#11121988
0!
0(
00

#11189805
1!
1(
10
b1001111001 2

#11257622
0!
0(
00

#11325439
1!
1(
10
b1001111000 2

#11393256
0!
0(
00

#11461073
1!
1(
10
b1001110111 2

#11528890
0!
0(
00

#11596707
1!
1(
10
b1001110110 2

#11664524
0!
0(
00

#11732341
1!
1(
10
b1001110101 2

#11800158
0!
0(
00

#11867975
1!
1(
10
b1001110100 2

#11935792
0!
0(
00

#12003609
1!
1(
10
b1001110011 2

#12071426
0!
0(
00

#12139243
1!
1(
10
b1001110010 2

#12207060
0!
0(
00

#12274877
1!
1(
10
b1001110001 2

#12342694
0!
0(
00

#12410511
1!
1(
10
b1001110000 2

#12478328
0!
0(
00

#12546145
1!
1(
10
b1001101111 2

#12613962
0!
0(
00

#12681779
1!
1(
10
b1001101110 2

#12749596
0!
0(
00

#12817413
1!
1(
10
b1001101101 2

#12885230
0!
0(
00

#12953047
1!
1(
10
b1001101100 2

#13020864
0!
0(
00

#13088681
1!
1(
10
b1001101011 2

#13156498
0!
0(
00

#13224315
1!
1(
10
b1001101010 2

#13292132
0!
0(
00

#13359949
1!
1(
10
b1001101001 2

#13427766
0!
0(
00

#13495583
1!
1(
10
b1001101000 2

#13563400
0!
0(
00

#13631217
1!
1(
10
b1001100111 2

#13699034
0!
0(
00

#13766851
1!
1(
10
b1001100110 2

#13834668
0!
0(
00

#13902485
1!
1(
10
b1001100101 2

#13970302
0!
0(
00

#14038119
1!
1(
10
b1001100100 2

#14105936
0!
0(
00

#14173753
1!
1(
10
b1001100011 2

#14241570
0!
0(
00

#14309387
1!
1(
10
b1001100010 2

#14377204
0!
0(
00

#14445021
1!
1(
10
b1001100001 2

#14512838
0!
0(
00

#14580655
1!
1(
10
b1001100000 2

#14648472
0!
0(
00

#14716289
1!
1(
10
b1001011111 2

#14784106
0!
0(
00

#14851923
1!
1(
10
b1001011110 2

#14919740
0!
0(
00

#14987557
1!
1(
10
b1001011101 2

#15055374
0!
0(
00

#15123191
1!
1(
10
b1001011100 2

#15191008
0!
0(
00

#15258825
1!
1(
10
b1001011011 2

#15326642
0!
0(
00

#15394459
1!
1(
10
b1001011010 2

#15462276
0!
0(
00

#15530093
1!
1(
10
b1001011001 2

#15597910
0!
0(
00

#15665727
1!
1(
10
b1001011000 2

#15733544
0!
0(
00

#15801361
1!
1(
10
b1001010111 2

#15869178
0!
0(
00

#15936995
1!
1(
10
b1001010110 2

#16004812
0!
0(
00

#16072629
1!
1(
10
b1001010101 2

#16140446
0!
0(
00

#16208263
1!
1(
10
b1001010100 2

#16276080
0!
0(
00

#16343897
1!
1(
10
b1001010011 2

#16411714
0!
0(
00

#16479531
1!
1(
10
b1001010010 2

#16547348
0!
0(
00

#16615165
1!
1(
10
b1001010001 2

#16682982
0!
0(
00

#16750799
1!
1(
10
b1001010000 2

#16818616
0!
0(
00

#16886433
1!
1(
10
b1001001111 2

#16954250
0!
0(
00

#17022067
1!
1(
10
b1001001110 2

#17089884
0!
0(
00

#17157701
1!
1(
10
b1001001101 2

#17225518
0!
0(
00

#17293335
1!
1(
10
b1001001100 2

#17361152
0!
0(
00

#17428969
1!
1(
10
b1001001011 2

#17496786
0!
0(
00

#17564603
1!
1(
10
b1001001010 2

#17632420
0!
0(
00

#17700237
1!
1(
10
b1001001001 2

#17768054
0!
0(
00

#17835871
1!
1(
10
b1001001000 2

#17903688
0!
0(
00

#17971505
1!
1(
10
b1001000111 2

#18039322
0!
0(
00

#18107139
1!
1(
10
b1001000110 2

#18174956
0!
0(
00

#18242773
1!
1(
10
b1001000101 2

#18310590
0!
0(
00

#18378407
1!
1(
10
b1001000100 2

#18446224
0!
0(
00

#18514041
1!
1(
10
b1001000011 2

#18581858
0!
0(
00

#18649675
1!
1(
10
b1001000010 2

#18717492
0!
0(
00

#18785309
1!
1(
10
b1001000001 2

#18853126
0!
0(
00

#18920943
1!
1(
10
b1001000000 2
14

#18988760
0!
0(
00

#19056577
1!
1'
1(
10
b1000111111 2
b101000001 3
04

#19124394
0!
0(
00

#19192211
1!
1(
10
b1000111110 2

#19260028
0!
0(
00

#19327845
1!
1(
10
b1000111101 2

#19395662
0!
0(
00

#19463479
1!
1(
10
b1000111100 2

#19531296
0!
0(
00

#19599113
1!
1(
10
b1000111011 2

#19666930
0!
0(
00

#19734747
1!
1(
10
b1000111010 2

#19802564
0!
0(
00

#19870381
1!
1(
10
b1000111001 2

#19938198
0!
0(
00

#20006015
1!
1(
10
b1000111000 2

#20073832
0!
0(
00

#20141649
1!
1(
10
b1000110111 2

#20209466
0!
0(
00

#20277283
1!
1(
10
b1000110110 2

#20345100
0!
0(
00

#20412917
1!
1(
10
b1000110101 2

#20480734
0!
0(
00

#20548551
1!
1(
10
b1000110100 2

#20616368
0!
0(
00

#20684185
1!
1(
10
b1000110011 2

#20752002
0!
0(
00

#20819819
1!
1(
10
b1000110010 2

#20887636
0!
0(
00

#20955453
1!
1(
10
b1000110001 2

#21023270
0!
0(
00

#21091087
1!
1(
10
b1000110000 2

#21158904
0!
0(
00

#21226721
1!
1(
10
b1000101111 2

#21294538
0!
0(
00

#21362355
1!
1(
10
b1000101110 2

#21430172
0!
0(
00

#21497989
1!
1(
10
b1000101101 2

#21565806
0!
0(
00

#21633623
1!
1(
10
b1000101100 2

#21701440
0!
0(
00

#21769257
1!
1(
10
b1000101011 2

#21837074
0!
0(
00

#21904891
1!
1(
10
b1000101010 2

#21972708
0!
0(
00

#22040525
1!
1(
10
b1000101001 2

#22108342
0!
0(
00

#22176159
1!
1(
10
b1000101000 2

#22243976
0!
0(
00

#22311793
1!
1(
10
b1000100111 2

#22379610
0!
0(
00

#22447427
1!
1(
10
b1000100110 2

#22515244
0!
0(
00

#22583061
1!
1(
10
b1000100101 2

#22650878
0!
0(
00

#22718695
1!
1(
10
b1000100100 2

#22786512
0!
0(
00

#22854329
1!
1(
10
b1000100011 2

#22922146
0!
0(
00

#22989963
1!
1(
10
b1000100010 2

#23057780
0!
0(
00

#23125597
1!
1(
10
b1000100001 2

#23193414
0!
0(
00

#23261231
1!
1(
10
b1000100000 2

#23329048
0!
0(
00

#23396865
1!
1(
10
b1000011111 2

#23464682
0!
0(
00

#23532499
1!
1(
10
b1000011110 2

#23600316
0!
0(
00

#23668133
1!
1(
10
b1000011101 2

#23735950
0!
0(
00

#23803767
1!
1(
10
b1000011100 2

#23871584
0!
0(
00

#23939401
1!
1(
10
b1000011011 2

#24007218
0!
0(
00

#24075035
1!
1(
10
b1000011010 2

#24142852
0!
0(
00

#24210669
1!
1(
10
b1000011001 2

#24278486
0!
0(
00

#24346303
1!
1(
10
b1000011000 2

#24414120
0!
0(
00

#24481937
1!
1(
10
b1000010111 2

#24549754
0!
0(
00

#24617571
1!
1(
10
b1000010110 2

#24685388
0!
0(
00

#24753205
1!
1(
10
b1000010101 2

#24821022
0!
0(
00

#24888839
1!
1(
10
b1000010100 2

#24956656
0!
0(
00

#25024473
1!
1(
10
b1000010011 2

#25092290
0!
0(
00

#25160107
1!
1(
10
b1000010010 2

#25227924
0!
0(
00

#25295741
1!
1(
10
b1000010001 2

#25363558
0!
0(
00

#25431375
1!
1(
10
b1000010000 2

#25499192
0!
0(
00

#25567009
1!
1(
10
b1000001111 2

#25634826
0!
0(
00

#25702643
1!
1(
10
b1000001110 2

#25770460
0!
0(
00

#25838277
1!
1(
10
b1000001101 2

#25906094
0!
0(
00

#25973911
1!
1(
10
b1000001100 2

#26041728
0!
0(
00

#26109545
1!
1(
10
b1000001011 2

#26177362
0!
0(
00

#26245179
1!
1(
10
b1000001010 2

#26312996
0!
0(
00

#26380813
1!
1(
10
b1000001001 2

#26448630
0!
0(
00

#26516447
1!
1(
10
b1000001000 2

#26584264
0!
0(
00

#26652081
1!
1(
10
b1000000111 2

#26719898
0!
0(
00

#26787715
1!
1(
10
b1000000110 2

#26855532
0!
0(
00

#26923349
1!
1(
10
b1000000101 2

#26991166
0!
0(
00

#27058983
1!
1(
10
b1000000100 2

#27126800
0!
0(
00

#27194617
1!
1(
10
b1000000011 2

#27262434
0!
0(
00

#27330251
1!
1(
10
b1000000010 2

#27398068
0!
0(
00

#27465885
1!
1(
10
b1000000001 2

#27533702
0!
0(
00

#27601519
1!
1(
10
b1000000000 2
14

#27669336
0!
0(
00

#27737153
1!
0'
1(
10
b111111111 2
b10100000 3
04

#27804970
0!
0(
00

#27872787
1!
1(
10
b111111110 2

#27940604
0!
0(
00

#28008421
1!
1(
10
b111111101 2

#28076238
0!
0(
00

#28144055
1!
1(
10
b111111100 2

#28211872
0!
0(
00

#28279689
1!
1(
10
b111111011 2

#28347506
0!
0(
00

#28415323
1!
1(
10
b111111010 2

#28483140
0!
0(
00

#28550957
1!
1(
10
b111111001 2

#28618774
0!
0(
00

#28686591
1!
1(
10
b111111000 2

#28754408
0!
0(
00

#28822225
1!
1(
10
b111110111 2

#28890042
0!
0(
00

#28957859
1!
1(
10
b111110110 2

#29025676
0!
0(
00

#29093493
1!
1(
10
b111110101 2

#29161310
0!
0(
00

#29229127
1!
1(
10
b111110100 2

#29296944
0!
0(
00

#29364761
1!
1(
10
b111110011 2

#29432578
0!
0(
00

#29500395
1!
1(
10
b111110010 2

#29568212
0!
0(
00

#29636029
1!
1(
10
b111110001 2

#29703846
0!
0(
00

#29771663
1!
1(
10
b111110000 2

#29839480
0!
0(
00

#29907297
1!
1(
10
b111101111 2

#29975114
0!
0(
00

#30042931
1!
1(
10
b111101110 2

#30110748
0!
0(
00

#30178565
1!
1(
10
b111101101 2

#30246382
0!
0(
00

#30314199
1!
1(
10
b111101100 2

#30382016
0!
0(
00

#30449833
1!
1(
10
b111101011 2

#30517650
0!
0(
00

#30585467
1!
1(
10
b111101010 2

#30653284
0!
0(
00

#30721101
1!
1(
10
b111101001 2

#30788918
0!
0(
00

#30856735
1!
1(
10
b111101000 2

#30924552
0!
0(
00

#30992369
1!
1(
10
b111100111 2

#31060186
0!
0(
00

#31128003
1!
1(
10
b111100110 2

#31195820
0!
0(
00

#31263637
1!
1(
10
b111100101 2

#31331454
0!
0(
00

#31399271
1!
1(
10
b111100100 2

#31467088
0!
0(
00

#31534905
1!
1(
10
b111100011 2

#31602722
0!
0(
00

#31670539
1!
1(
10
b111100010 2

#31738356
0!
0(
00

#31806173
1!
1(
10
b111100001 2

#31873990
0!
0(
00

#31941807
1!
1(
10
b111100000 2

#32009624
0!
0(
00

#32077441
1!
1(
10
b111011111 2

#32145258
0!
0(
00

#32213075
1!
1(
10
b111011110 2

#32280892
0!
0(
00

#32348709
1!
1(
10
b111011101 2

#32416526
0!
0(
00

#32484343
1!
1(
10
b111011100 2

#32552160
0!
0(
00

#32619977
1!
1(
10
b111011011 2

#32687794
0!
0(
00

#32755611
1!
1(
10
b111011010 2

#32823428
0!
0(
00

#32891245
1!
1(
10
b111011001 2

#32959062
0!
0(
00

#33026879
1!
1(
10
b111011000 2

#33094696
0!
0(
00

#33162513
1!
1(
10
b111010111 2

#33230330
0!
0(
00

#33298147
1!
1(
10
b111010110 2

#33365964
0!
0(
00

#33433781
1!
1(
10
b111010101 2

#33501598
0!
0(
00

#33569415
1!
1(
10
b111010100 2

#33637232
0!
0(
00

#33705049
1!
1(
10
b111010011 2

#33772866
0!
0(
00

#33840683
1!
1(
10
b111010010 2

#33908500
0!
0(
00

#33976317
1!
1(
10
b111010001 2

#34044134
0!
0(
00

#34111951
1!
1(
10
b111010000 2

#34179768
0!
0(
00

#34247585
1!
1(
10
b111001111 2

#34315402
0!
0(
00

#34383219
1!
1(
10
b111001110 2

#34451036
0!
0(
00

#34518853
1!
1(
10
b111001101 2

#34586670
0!
0(
00

#34654487
1!
1(
10
b111001100 2

#34722304
0!
0(
00

#34790121
1!
1(
10
b111001011 2

#34857938
0!
0(
00

#34925755
1!
1(
10
b111001010 2

#34993572
0!
0(
00

#35061389
1!
1(
10
b111001001 2

#35129206
0!
0(
00

#35197023
1!
1(
10
b111001000 2

#35264840
0!
0(
00

#35332657
1!
1(
10
b111000111 2

#35400474
0!
0(
00

#35468291
1!
1(
10
b111000110 2

#35536108
0!
0(
00

#35603925
1!
1(
10
b111000101 2

#35671742
0!
0(
00

#35739559
1!
1(
10
b111000100 2

#35807376
0!
0(
00

#35875193
1!
1(
10
b111000011 2

#35943010
0!
0(
00

#36010827
1!
1(
10
b111000010 2

#36078644
0!
0(
00

#36146461
1!
1(
10
b111000001 2

#36214278
0!
0(
00

#36282095
1!
1(
10
b111000000 2
14

#36349912
0!
0(
00

#36417729
1!
1(
10
b110111111 2
b1010000 3
04

#36485546
0!
0(
00

#36553363
1!
1(
10
b110111110 2

#36621180
0!
0(
00

#36688997
1!
1(
10
b110111101 2

#36756814
0!
0(
00

#36824631
1!
1(
10
b110111100 2

#36892448
0!
0(
00

#36960265
1!
1(
10
b110111011 2

#37028082
0!
0(
00

#37095899
1!
1(
10
b110111010 2

#37163716
0!
0(
00

#37231533
1!
1(
10
b110111001 2

#37299350
0!
0(
00

#37367167
1!
1(
10
b110111000 2

#37434984
0!
0(
00

#37502801
1!
1(
10
b110110111 2

#37570618
0!
0(
00

#37638435
1!
1(
10
b110110110 2

#37706252
0!
0(
00

#37774069
1!
1(
10
b110110101 2

#37841886
0!
0(
00

#37909703
1!
1(
10
b110110100 2

#37977520
0!
0(
00

#38045337
1!
1(
10
b110110011 2

#38113154
0!
0(
00

#38180971
1!
1(
10
b110110010 2

#38248788
0!
0(
00

#38316605
1!
1(
10
b110110001 2

#38384422
0!
0(
00

#38452239
1!
1(
10
b110110000 2

#38520056
0!
0(
00

#38587873
1!
1(
10
b110101111 2

#38655690
0!
0(
00

#38723507
1!
1(
10
b110101110 2

#38791324
0!
0(
00

#38859141
1!
1(
10
b110101101 2

#38926958
0!
0(
00

#38994775
1!
1(
10
b110101100 2

#39062592
0!
0(
00

#39130409
1!
1(
10
b110101011 2

#39198226
0!
0(
00

#39266043
1!
1(
10
b110101010 2

#39333860
0!
0(
00

#39401677
1!
1(
10
b110101001 2

#39469494
0!
0(
00

#39537311
1!
1(
10
b110101000 2

#39605128
0!
0(
00

#39672945
1!
1(
10
b110100111 2

#39740762
0!
0(
00

#39808579
1!
1(
10
b110100110 2

#39876396
0!
0(
00

#39944213
1!
1(
10
b110100101 2

#40012030
0!
0(
00

#40079847
1!
1(
10
b110100100 2

#40147664
0!
0(
00

#40215481
1!
1(
10
b110100011 2

#40283298
0!
0(
00

#40351115
1!
1(
10
b110100010 2

#40418932
0!
0(
00

#40486749
1!
1(
10
b110100001 2

#40554566
0!
0(
00

#40622383
1!
1(
10
b110100000 2

#40690200
0!
0(
00

#40758017
1!
1(
10
b110011111 2

#40825834
0!
0(
00

#40893651
1!
1(
10
b110011110 2

#40961468
0!
0(
00

#41029285
1!
1(
10
b110011101 2

#41097102
0!
0(
00

#41164919
1!
1(
10
b110011100 2

#41232736
0!
0(
00

#41300553
1!
1(
10
b110011011 2

#41368370
0!
0(
00

#41436187
1!
1(
10
b110011010 2

#41504004
0!
0(
00

#41571821
1!
1(
10
b110011001 2

#41639638
0!
0(
00

#41707455
1!
1(
10
b110011000 2

#41775272
0!
0(
00

#41843089
1!
1(
10
b110010111 2

#41910906
0!
0(
00

#41978723
1!
1(
10
b110010110 2

#42046540
0!
0(
00

#42114357
1!
1(
10
b110010101 2

#42182174
0!
0(
00

#42249991
1!
1(
10
b110010100 2

#42317808
0!
0(
00

#42385625
1!
1(
10
b110010011 2

#42453442
0!
0(
00

#42521259
1!
1(
10
b110010010 2

#42589076
0!
0(
00

#42656893
1!
1(
10
b110010001 2

#42724710
0!
0(
00

#42792527
1!
1(
10
b110010000 2

#42860344
0!
0(
00

#42928161
1!
1(
10
b110001111 2

#42995978
0!
0(
00

#43063795
1!
1(
10
b110001110 2

#43131612
0!
0(
00

#43199429
1!
1(
10
b110001101 2

#43267246
0!
0(
00

#43335063
1!
1(
10
b110001100 2

#43402880
0!
0(
00

#43470697
1!
1(
10
b110001011 2

#43538514
0!
0(
00

#43606331
1!
1(
10
b110001010 2

#43674148
0!
0(
00

#43741965
1!
1(
10
b110001001 2

#43809782
0!
0(
00

#43877599
1!
1(
10
b110001000 2

#43945416
0!
0(
00

#44013233
1!
1(
10
b110000111 2

#44081050
0!
0(
00

#44148867
1!
1(
10
b110000110 2

#44216684
0!
0(
00

#44284501
1!
1(
10
b110000101 2

#44352318
0!
0(
00

#44420135
1!
1(
10
b110000100 2

#44487952
0!
0(
00

#44555769
1!
1(
10
b110000011 2

#44623586
0!
0(
00

#44691403
1!
1(
10
b110000010 2

#44759220
0!
0(
00

#44827037
1!
1(
10
b110000001 2

#44894854
0!
0(
00

#44962671
1!
1(
10
b110000000 2
14

#45030488
0!
0(
00

#45098305
1!
1(
10
b101111111 2
b101000 3
04

#45166122
0!
0(
00

#45233939
1!
1(
10
b101111110 2

#45301756
0!
0(
00

#45369573
1!
1(
10
b101111101 2

#45437390
0!
0(
00

#45505207
1!
1(
10
b101111100 2

#45573024
0!
0(
00

#45640841
1!
1(
10
b101111011 2

#45708658
0!
0(
00

#45776475
1!
1(
10
b101111010 2

#45844292
0!
0(
00

#45912109
1!
1(
10
b101111001 2

#45979926
0!
0(
00

#46047743
1!
1(
10
b101111000 2

#46115560
0!
0(
00

#46183377
1!
1(
10
b101110111 2

#46251194
0!
0(
00

#46319011
1!
1(
10
b101110110 2

#46386828
0!
0(
00

#46454645
1!
1(
10
b101110101 2

#46522462
0!
0(
00

#46590279
1!
1(
10
b101110100 2

#46658096
0!
0(
00

#46725913
1!
1(
10
b101110011 2

#46793730
0!
0(
00

#46861547
1!
1(
10
b101110010 2

#46929364
0!
0(
00

#46997181
1!
1(
10
b101110001 2

#47064998
0!
0(
00

#47132815
1!
1(
10
b101110000 2

#47200632
0!
0(
00

#47268449
1!
1(
10
b101101111 2

#47336266
0!
0(
00

#47404083
1!
1(
10
b101101110 2

#47471900
0!
0(
00

#47539717
1!
1(
10
b101101101 2

#47607534
0!
0(
00

#47675351
1!
1(
10
b101101100 2

#47743168
0!
0(
00

#47810985
1!
1(
10
b101101011 2

#47878802
0!
0(
00

#47946619
1!
1(
10
b101101010 2

#48014436
0!
0(
00

#48082253
1!
1(
10
b101101001 2

#48150070
0!
0(
00

#48217887
1!
1(
10
b101101000 2

#48285704
0!
0(
00

#48353521
1!
1(
10
b101100111 2

#48421338
0!
0(
00

#48489155
1!
1(
10
b101100110 2

#48556972
0!
0(
00

#48624789
1!
1(
10
b101100101 2

#48692606
0!
0(
00

#48760423
1!
1(
10
b101100100 2

#48828240
0!
0(
00

#48896057
1!
1(
10
b101100011 2

#48963874
0!
0(
00

#49031691
1!
1(
10
b101100010 2

#49099508
0!
0(
00

#49167325
1!
1(
10
b101100001 2

#49235142
0!
0(
00

#49302959
1!
1(
10
b101100000 2

#49370776
0!
0(
00

#49438593
1!
1(
10
b101011111 2

#49506410
0!
0(
00

#49574227
1!
1(
10
b101011110 2

#49642044
0!
0(
00

#49709861
1!
1(
10
b101011101 2

#49777678
0!
0(
00

#49845495
1!
1(
10
b101011100 2

#49913312
0!
0(
00

#49981129
1!
1(
10
b101011011 2

#50048946
0!
0(
00

#50116763
1!
1(
10
b101011010 2

#50184580
0!
0(
00

#50252397
1!
1(
10
b101011001 2

#50320214
0!
0(
00

#50388031
1!
1(
10
b101011000 2

#50455848
0!
0(
00

#50523665
1!
1(
10
b101010111 2

#50591482
0!
0(
00

#50659299
1!
1(
10
b101010110 2

#50727116
0!
0(
00

#50794933
1!
1(
10
b101010101 2

#50862750
0!
0(
00

#50930567
1!
1(
10
b101010100 2

#50998384
0!
0(
00

#51066201
1!
1(
10
b101010011 2

#51134018
0!
0(
00

#51201835
1!
1(
10
b101010010 2

#51269652
0!
0(
00

#51337469
1!
1(
10
b101010001 2

#51405286
0!
0(
00

#51473103
1!
1(
10
b101010000 2

#51540920
0!
0(
00

#51608737
1!
1(
10
b101001111 2

#51676554
0!
0(
00

#51744371
1!
1(
10
b101001110 2

#51812188
0!
0(
00

#51880005
1!
1(
10
b101001101 2

#51947822
0!
0(
00

#52015639
1!
1(
10
b101001100 2

#52083456
0!
0(
00

#52151273
1!
1(
10
b101001011 2

#52219090
0!
0(
00

#52286907
1!
1(
10
b101001010 2

#52354724
0!
0(
00

#52422541
1!
1(
10
b101001001 2

#52490358
0!
0(
00

#52558175
1!
1(
10
b101001000 2

#52625992
0!
0(
00

#52693809
1!
1(
10
b101000111 2

#52761626
0!
0(
00

#52829443
1!
1(
10
b101000110 2

#52897260
0!
0(
00

#52965077
1!
1(
10
b101000101 2

#53032894
0!
0(
00

#53100711
1!
1(
10
b101000100 2

#53168528
0!
0(
00

#53236345
1!
1(
10
b101000011 2

#53304162
0!
0(
00

#53371979
1!
1(
10
b101000010 2

#53439796
0!
0(
00

#53507613
1!
1(
10
b101000001 2

#53575430
0!
0(
00

#53643247
1!
1(
10
b101000000 2
14

#53711064
0!
0(
00

#53778881
1!
1(
10
b100111111 2
b10100 3
04

#53846698
0!
0(
00

#53914515
1!
1(
10
b100111110 2

#53982332
0!
0(
00

#54050149
1!
1(
10
b100111101 2

#54117966
0!
0(
00

#54185783
1!
1(
10
b100111100 2

#54253600
0!
0(
00

#54321417
1!
1(
10
b100111011 2

#54389234
0!
0(
00

#54457051
1!
1(
10
b100111010 2

#54524868
0!
0(
00

#54592685
1!
1(
10
b100111001 2

#54660502
0!
0(
00

#54728319
1!
1(
10
b100111000 2

#54796136
0!
0(
00

#54863953
1!
1(
10
b100110111 2

#54931770
0!
0(
00

#54999587
1!
1(
10
b100110110 2

#55067404
0!
0(
00

#55135221
1!
1(
10
b100110101 2

#55203038
0!
0(
00

#55270855
1!
1(
10
b100110100 2

#55338672
0!
0(
00

#55406489
1!
1(
10
b100110011 2

#55474306
0!
0(
00

#55542123
1!
1(
10
b100110010 2

#55609940
0!
0(
00

#55677757
1!
1(
10
b100110001 2

#55745574
0!
0(
00

#55813391
1!
1(
10
b100110000 2

#55881208
0!
0(
00

#55949025
1!
1(
10
b100101111 2

#56016842
0!
0(
00

#56084659
1!
1(
10
b100101110 2

#56152476
0!
0(
00

#56220293
1!
1(
10
b100101101 2

#56288110
0!
0(
00

#56355927
1!
1(
10
b100101100 2

#56423744
0!
0(
00

#56491561
1!
1(
10
b100101011 2

#56559378
0!
0(
00

#56627195
1!
1(
10
b100101010 2

#56695012
0!
0(
00

#56762829
1!
1(
10
b100101001 2

#56830646
0!
0(
00

#56898463
1!
1(
10
b100101000 2

#56966280
0!
0(
00

#57034097
1!
1(
10
b100100111 2

#57101914
0!
0(
00

#57169731
1!
1(
10
b100100110 2

#57237548
0!
0(
00

#57305365
1!
1(
10
b100100101 2

#57373182
0!
0(
00

#57440999
1!
1(
10
b100100100 2

#57508816
0!
0(
00

#57576633
1!
1(
10
b100100011 2

#57644450
0!
0(
00

#57712267
1!
1(
10
b100100010 2

#57780084
0!
0(
00

#57847901
1!
1(
10
b100100001 2

#57915718
0!
0(
00

#57983535
1!
1(
10
b100100000 2

#58051352
0!
0(
00

#58119169
1!
1(
10
b100011111 2

#58186986
0!
0(
00

#58254803
1!
1(
10
b100011110 2

#58322620
0!
0(
00

#58390437
1!
1(
10
b100011101 2

#58458254
0!
0(
00

#58526071
1!
1(
10
b100011100 2

#58593888
0!
0(
00

#58661705
1!
1(
10
b100011011 2

#58729522
0!
0(
00

#58797339
1!
1(
10
b100011010 2

#58865156
0!
0(
00

#58932973
1!
1(
10
b100011001 2

#59000790
0!
0(
00

#59068607
1!
1(
10
b100011000 2

#59136424
0!
0(
00

#59204241
1!
1(
10
b100010111 2

#59272058
0!
0(
00

#59339875
1!
1(
10
b100010110 2

#59407692
0!
0(
00

#59475509
1!
1(
10
b100010101 2

#59543326
0!
0(
00

#59611143
1!
1(
10
b100010100 2

#59678960
0!
0(
00

#59746777
1!
1(
10
b100010011 2

#59814594
0!
0(
00

#59882411
1!
1(
10
b100010010 2

#59950228
0!
0(
00

#60018045
1!
1(
10
b100010001 2

#60085862
0!
0(
00

#60153679
1!
1(
10
b100010000 2

#60221496
0!
0(
00

#60289313
1!
1(
10
b100001111 2

#60357130
0!
0(
00

#60424947
1!
1(
10
b100001110 2

#60492764
0!
0(
00

#60560581
1!
1(
10
b100001101 2

#60628398
0!
0(
00

#60696215
1!
1(
10
b100001100 2

#60764032
0!
0(
00

#60831849
1!
1(
10
b100001011 2

#60899666
0!
0(
00

#60967483
1!
1(
10
b100001010 2

#61035300
0!
0(
00

#61103117
1!
1(
10
b100001001 2

#61170934
0!
0(
00

#61238751
1!
1(
10
b100001000 2

#61306568
0!
0(
00

#61374385
1!
1(
10
b100000111 2

#61442202
0!
0(
00

#61510019
1!
1(
10
b100000110 2

#61577836
0!
0(
00

#61645653
1!
1(
10
b100000101 2

#61713470
0!
0(
00

#61781287
1!
1(
10
b100000100 2

#61849104
0!
0(
00

#61916921
1!
1(
10
b100000011 2

#61984738
0!
0(
00

#62052555
1!
1(
10
b100000010 2

#62120372
0!
0(
00

#62188189
1!
1(
10
b100000001 2

#62256006
0!
0(
00

#62323823
1!
1(
10
b100000000 2
14

#62391640
0!
0(
00

#62459457
1!
1(
10
b11111111 2
b1010 3
04

#62527274
0!
0(
00

#62595091
1!
1(
10
b11111110 2

#62662908
0!
0(
00

#62730725
1!
1(
10
b11111101 2

#62798542
0!
0(
00

#62866359
1!
1(
10
b11111100 2

#62934176
0!
0(
00

#63001993
1!
1(
10
b11111011 2

#63069810
0!
0(
00

#63137627
1!
1(
10
b11111010 2

#63205444
0!
0(
00

#63273261
1!
1(
10
b11111001 2

#63341078
0!
0(
00

#63408895
1!
1(
10
b11111000 2

#63476712
0!
0(
00

#63544529
1!
1(
10
b11110111 2

#63612346
0!
0(
00

#63680163
1!
1(
10
b11110110 2

#63747980
0!
0(
00

#63815797
1!
1(
10
b11110101 2

#63883614
0!
0(
00

#63951431
1!
1(
10
b11110100 2

#64019248
0!
0(
00

#64087065
1!
1(
10
b11110011 2

#64154882
0!
0(
00

#64222699
1!
1(
10
b11110010 2

#64290516
0!
0(
00

#64358333
1!
1(
10
b11110001 2

#64426150
0!
0(
00

#64493967
1!
1(
10
b11110000 2

#64561784
0!
0(
00

#64629601
1!
1(
10
b11101111 2

#64697418
0!
0(
00

#64765235
1!
1(
10
b11101110 2

#64833052
0!
0(
00

#64900869
1!
1(
10
b11101101 2

#64968686
0!
0(
00

#65036503
1!
1(
10
b11101100 2

#65104320
0!
0(
00

#65172137
1!
1(
10
b11101011 2

#65239954
0!
0(
00

#65307771
1!
1(
10
b11101010 2

#65375588
0!
0(
00

#65443405
1!
1(
10
b11101001 2

#65511222
0!
0(
00

#65579039
1!
1(
10
b11101000 2

#65646856
0!
0(
00

#65714673
1!
1(
10
b11100111 2

#65782490
0!
0(
00

#65850307
1!
1(
10
b11100110 2

#65918124
0!
0(
00

#65985941
1!
1(
10
b11100101 2

#66053758
0!
0(
00

#66121575
1!
1(
10
b11100100 2

#66189392
0!
0(
00

#66257209
1!
1(
10
b11100011 2

#66325026
0!
0(
00

#66392843
1!
1(
10
b11100010 2

#66460660
0!
0(
00

#66528477
1!
1(
10
b11100001 2

#66596294
0!
0(
00

#66664111
1!
1(
10
b11100000 2

#66731928
0!
0(
00

#66799745
1!
1(
10
b11011111 2

#66867562
0!
0(
00

#66935379
1!
1(
10
b11011110 2

#67003196
0!
0(
00

#67071013
1!
1(
10
b11011101 2

#67138830
0!
0(
00

#67206647
1!
1(
10
b11011100 2

#67274464
0!
0(
00

#67342281
1!
1(
10
b11011011 2

#67410098
0!
0(
00

#67477915
1!
1(
10
b11011010 2

#67545732
0!
0(
00

#67613549
1!
1(
10
b11011001 2

#67681366
0!
0(
00

#67749183
1!
1(
10
b11011000 2

#67817000
0!
0(
00

#67884817
1!
1(
10
b11010111 2

#67952634
0!
0(
00

#68020451
1!
1(
10
b11010110 2

#68088268
0!
0(
00

#68156085
1!
1(
10
b11010101 2

#68223902
0!
0(
00

#68291719
1!
1(
10
b11010100 2

#68359536
0!
0(
00

#68427353
1!
1(
10
b11010011 2

#68495170
0!
0(
00

#68562987
1!
1(
10
b11010010 2

#68630804
0!
0(
00

#68698621
1!
1(
10
b11010001 2

#68766438
0!
0(
00

#68834255
1!
1(
10
b11010000 2

#68902072
0!
0(
00

#68969889
1!
1(
10
b11001111 2

#69037706
0!
0(
00

#69105523
1!
1(
10
b11001110 2

#69173340
0!
0(
00

#69241157
1!
1(
10
b11001101 2

#69308974
0!
0(
00

#69376791
1!
1(
10
b11001100 2

#69444608
0!
0(
00

#69512425
1!
1(
10
b11001011 2

#69580242
0!
0(
00

#69648059
1!
1(
10
b11001010 2

#69715876
0!
0(
00

#69783693
1!
1(
10
b11001001 2

#69851510
0!
0(
00

#69919327
1!
1(
10
b11001000 2

#69987144
0!
0(
00

#70054961
1!
1(
10
b11000111 2

#70122778
0!
0(
00

#70190595
1!
1(
10
b11000110 2

#70258412
0!
0(
00

#70326229
1!
1(
10
b11000101 2

#70394046
0!
0(
00

#70461863
1!
1(
10
b11000100 2

#70529680
0!
0(
00

#70597497
1!
1(
10
b11000011 2

#70665314
0!
0(
00

#70733131
1!
1(
10
b11000010 2

#70800948
0!
0(
00

#70868765
1!
1(
10
b11000001 2

#70936582
0!
0(
00

#71004399
1!
1(
10
b11000000 2
14

#71072216
0!
0(
00

#71140033
1!
1'
1(
10
b10111111 2
b101 3
04

#71207850
0!
0(
00

#71275667
1!
1(
10
b10111110 2

#71343484
0!
0(
00

#71411301
1!
1(
10
b10111101 2

#71479118
0!
0(
00

#71546935
1!
1(
10
b10111100 2

#71614752
0!
0(
00

#71682569
1!
1(
10
b10111011 2

#71750386
0!
0(
00

#71818203
1!
1(
10
b10111010 2

#71886020
0!
0(
00

#71953837
1!
1(
10
b10111001 2

#72021654
0!
0(
00

#72089471
1!
1(
10
b10111000 2

#72157288
0!
0(
00

#72225105
1!
1(
10
b10110111 2

#72292922
0!
0(
00

#72360739
1!
1(
10
b10110110 2

#72428556
0!
0(
00

#72496373
1!
1(
10
b10110101 2

#72564190
0!
0(
00

#72632007
1!
1(
10
b10110100 2

#72699824
0!
0(
00

#72767641
1!
1(
10
b10110011 2

#72835458
0!
0(
00

#72903275
1!
1(
10
b10110010 2

#72971092
0!
0(
00

#73038909
1!
1(
10
b10110001 2

#73106726
0!
0(
00

#73174543
1!
1(
10
b10110000 2

#73242360
0!
0(
00

#73310177
1!
1(
10
b10101111 2

#73377994
0!
0(
00

#73445811
1!
1(
10
b10101110 2

#73513628
0!
0(
00

#73581445
1!
1(
10
b10101101 2

#73649262
0!
0(
00

#73717079
1!
1(
10
b10101100 2

#73784896
0!
0(
00

#73852713
1!
1(
10
b10101011 2

#73920530
0!
0(
00

#73988347
1!
1(
10
b10101010 2

#74056164
0!
0(
00

#74123981
1!
1(
10
b10101001 2

#74191798
0!
0(
00

#74259615
1!
1(
10
b10101000 2

#74327432
0!
0(
00

#74395249
1!
1(
10
b10100111 2

#74463066
0!
0(
00

#74530883
1!
1(
10
b10100110 2

#74598700
0!
0(
00

#74666517
1!
1(
10
b10100101 2

#74734334
0!
0(
00

#74802151
1!
1(
10
b10100100 2

#74869968
0!
0(
00

#74937785
1!
1(
10
b10100011 2

#75005602
0!
0(
00

#75073419
1!
1(
10
b10100010 2

#75141236
0!
0(
00

#75209053
1!
1(
10
b10100001 2

#75276870
0!
0(
00

#75344687
1!
1(
10
b10100000 2

#75412504
0!
0(
00

#75480321
1!
1(
10
b10011111 2

#75548138
0!
0(
00

#75615955
1!
1(
10
b10011110 2

#75683772
0!
0(
00

#75751589
1!
1(
10
b10011101 2

#75819406
0!
0(
00

#75887223
1!
1(
10
b10011100 2

#75955040
0!
0(
00

#76022857
1!
1(
10
b10011011 2

#76090674
0!
0(
00

#76158491
1!
1(
10
b10011010 2

#76226308
0!
0(
00

#76294125
1!
1(
10
b10011001 2

#76361942
0!
0(
00

#76429759
1!
1(
10
b10011000 2

#76497576
0!
0(
00

#76565393
1!
1(
10
b10010111 2

#76633210
0!
0(
00

#76701027
1!
1(
10
b10010110 2

#76768844
0!
0(
00

#76836661
1!
1(
10
b10010101 2

#76904478
0!
0(
00

#76972295
1!
1(
10
b10010100 2

#77040112
0!
0(
00

#77107929
1!
1(
10
b10010011 2

#77175746
0!
0(
00

#77243563
1!
1(
10
b10010010 2

#77311380
0!
0(
00

#77379197
1!
1(
10
b10010001 2

#77447014
0!
0(
00

#77514831
1!
1(
10
b10010000 2

#77582648
0!
0(
00

#77650465
1!
1(
10
b10001111 2

#77718282
0!
0(
00

#77786099
1!
1(
10
b10001110 2

#77853916
0!
0(
00

#77921733
1!
1(
10
b10001101 2

#77989550
0!
0(
00

#78057367
1!
1(
10
b10001100 2

#78125184
0!
0(
00

#78193001
1!
1(
10
b10001011 2

#78260818
0!
0(
00

#78328635
1!
1(
10
b10001010 2

#78396452
0!
0(
00

#78464269
1!
1(
10
b10001001 2

#78532086
0!
0(
00

#78599903
1!
1(
10
b10001000 2

#78667720
0!
0(
00

#78735537
1!
1(
10
b10000111 2

#78803354
0!
0(
00

#78871171
1!
1(
10
b10000110 2

#78938988
0!
0(
00

#79006805
1!
1(
10
b10000101 2

#79074622
0!
0(
00

#79142439
1!
1(
10
b10000100 2

#79210256
0!
0(
00

#79278073
1!
1(
10
b10000011 2

#79345890
0!
0(
00

#79413707
1!
1(
10
b10000010 2

#79481524
0!
0(
00

#79549341
1!
1(
10
b10000001 2

#79617158
0!
0(
00

#79684975
1!
1(
10
b10000000 2
14

#79752792
0!
0(
00

#79820609
1!
0'
1(
10
b1111111 2
b10 3
04

#79888426
0!
0(
00

#79956243
1!
1(
10
b1111110 2

#80024060
0!
0(
00

#80091877
1!
1(
10
b1111101 2

#80159694
0!
0(
00

#80227511
1!
1(
10
b1111100 2

#80295328
0!
0(
00

#80363145
1!
1(
10
b1111011 2

#80430962
0!
0(
00

#80498779
1!
1(
10
b1111010 2

#80566596
0!
0(
00

#80634413
1!
1(
10
b1111001 2

#80702230
0!
0(
00

#80770047
1!
1(
10
b1111000 2

#80837864
0!
0(
00

#80905681
1!
1(
10
b1110111 2

#80973498
0!
0(
00

#81041315
1!
1(
10
b1110110 2

#81109132
0!
0(
00

#81176949
1!
1(
10
b1110101 2

#81244766
0!
0(
00

#81312583
1!
1(
10
b1110100 2

#81380400
0!
0(
00

#81448217
1!
1(
10
b1110011 2

#81516034
0!
0(
00

#81583851
1!
1(
10
b1110010 2

#81651668
0!
0(
00

#81719485
1!
1(
10
b1110001 2

#81787302
0!
0(
00

#81855119
1!
1(
10
b1110000 2

#81922936
0!
0(
00

#81990753
1!
1(
10
b1101111 2

#82058570
0!
0(
00

#82126387
1!
1(
10
b1101110 2

#82194204
0!
0(
00

#82262021
1!
1(
10
b1101101 2

#82329838
0!
0(
00

#82397655
1!
1(
10
b1101100 2

#82465472
0!
0(
00

#82533289
1!
1(
10
b1101011 2

#82601106
0!
0(
00

#82668923
1!
1(
10
b1101010 2

#82736740
0!
0(
00

#82804557
1!
1(
10
b1101001 2

#82872374
0!
0(
00

#82940191
1!
1(
10
b1101000 2

#83008008
0!
0(
00

#83075825
1!
1(
10
b1100111 2

#83143642
0!
0(
00

#83211459
1!
1(
10
b1100110 2

#83279276
0!
0(
00

#83347093
1!
1(
10
b1100101 2

#83414910
0!
0(
00

#83482727
1!
1(
10
b1100100 2

#83550544
0!
0(
00

#83618361
1!
1(
10
b1100011 2

#83686178
0!
0(
00

#83753995
1!
1(
10
b1100010 2

#83821812
0!
0(
00

#83889629
1!
1(
10
b1100001 2

#83957446
0!
0(
00

#84025263
1!
1(
10
b1100000 2

#84093080
0!
0(
00

#84160897
1!
1(
10
b1011111 2

#84228714
0!
0(
00

#84296531
1!
1(
10
b1011110 2

#84364348
0!
0(
00

#84432165
1!
1(
10
b1011101 2

#84499982
0!
0(
00

#84567799
1!
1(
10
b1011100 2

#84635616
0!
0(
00

#84703433
1!
1(
10
b1011011 2

#84771250
0!
0(
00

#84839067
1!
1(
10
b1011010 2

#84906884
0!
0(
00

#84974701
1!
1(
10
b1011001 2

#85042518
0!
0(
00

#85110335
1!
1(
10
b1011000 2

#85178152
0!
0(
00

#85245969
1!
1(
10
b1010111 2

#85313786
0!
0(
00

#85381603
1!
1(
10
b1010110 2

#85449420
0!
0(
00

#85517237
1!
1(
10
b1010101 2

#85585054
0!
0(
00

#85652871
1!
1(
10
b1010100 2

#85720688
0!
0(
00

#85788505
1!
1(
10
b1010011 2

#85856322
0!
0(
00

#85924139
1!
1(
10
b1010010 2

#85991956
0!
0(
00

#86059773
1!
1(
10
b1010001 2

#86127590
0!
0(
00

#86195407
1!
1(
10
b1010000 2

#86263224
0!
0(
00

#86331041
1!
1(
10
b1001111 2

#86398858
0!
0(
00

#86466675
1!
1(
10
b1001110 2

#86534492
0!
0(
00

#86602309
1!
1(
10
b1001101 2

#86670126
0!
0(
00

#86737943
1!
1(
10
b1001100 2

#86805760
0!
0(
00

#86873577
1!
1(
10
b1001011 2

#86941394
0!
0(
00

#87009211
1!
1(
10
b1001010 2

#87077028
0!
0(
00

#87144845
1!
1(
10
b1001001 2

#87212662
0!
0(
00

#87280479
1!
1(
10
b1001000 2

#87348296
0!
0(
00

#87416113
1!
1(
10
b1000111 2

#87483930
0!
0(
00

#87551747
1!
1(
10
b1000110 2

#87619564
0!
0(
00

#87687381
1!
1(
10
b1000101 2

#87755198
0!
0(
00

#87823015
1!
1(
10
b1000100 2

#87890832
0!
0(
00

#87958649
1!
1(
10
b1000011 2

#88026466
0!
0(
00

#88094283
1!
1(
10
b1000010 2

#88162100
0!
0(
00

#88229917
1!
1(
10
b1000001 2

#88297734
0!
0(
00

#88365551
1!
1(
10
b1000000 2
14

#88433368
0!
0(
00

#88501185
1!
1'
1(
10
b111111 2
b1 3
04

#88569002
0!
0(
00

#88636819
1!
1(
10
b111110 2

#88704636
0!
0(
00

#88772453
1!
1(
10
b111101 2

#88840270
0!
0(
00

#88908087
1!
1(
10
b111100 2

#88975904
0!
0(
00

#89043721
1!
1(
10
b111011 2

#89111538
0!
0(
00

#89179355
1!
1(
10
b111010 2

#89247172
0!
0(
00

#89314989
1!
1(
10
b111001 2

#89382806
0!
0(
00

#89450623
1!
1(
10
b111000 2

#89518440
0!
0(
00

#89586257
1!
1(
10
b110111 2

#89654074
0!
0(
00

#89721891
1!
1(
10
b110110 2

#89789708
0!
0(
00

#89857525
1!
1(
10
b110101 2

#89925342
0!
0(
00

#89993159
1!
1(
10
b110100 2

#90060976
0!
0(
00

#90128793
1!
1(
10
b110011 2

#90196610
0!
0(
00

#90264427
1!
1(
10
b110010 2

#90332244
0!
0(
00

#90400061
1!
1(
10
b110001 2

#90467878
0!
0(
00

#90535695
1!
1(
10
b110000 2

#90603512
0!
0(
00

#90671329
1!
1(
10
b101111 2

#90739146
0!
0(
00

#90806963
1!
1(
10
b101110 2

#90874780
0!
0(
00

#90942597
1!
1(
10
b101101 2

#91010414
0!
0(
00

#91078231
1!
1(
10
b101100 2

#91146048
0!
0(
00

#91213865
1!
1(
10
b101011 2

#91281682
0!
0(
00

#91349499
1!
1(
10
b101010 2

#91417316
0!
0(
00

#91485133
1!
1(
10
b101001 2

#91552950
0!
0(
00

#91620767
1!
1(
10
b101000 2

#91688584
0!
0(
00

#91756401
1!
1(
10
b100111 2

#91824218
0!
0(
00

#91892035
1!
1(
10
b100110 2

#91959852
0!
0(
00

#92027669
1!
1(
10
b100101 2

#92095486
0!
0(
00

#92163303
1!
1(
10
b100100 2

#92231120
0!
0(
00

#92298937
1!
1(
10
b100011 2

#92366754
0!
0(
00

#92434571
1!
1(
10
b100010 2

#92502388
0!
0(
00

#92570205
1!
1(
10
b100001 2

#92638022
0!
0(
00

#92705839
1!
1(
10
b100000 2

#92773656
0!
0(
00

#92841473
1!
1(
10
b11111 2

#92909290
0!
0(
00

#92977107
1!
1(
10
b11110 2

#93044924
0!
0(
00

#93112741
1!
1(
10
b11101 2

#93180558
0!
0(
00

#93248375
1!
1(
10
b11100 2

#93316192
0!
0(
00

#93384009
1!
1(
10
b11011 2

#93451826
0!
0(
00

#93519643
1!
1(
10
b11010 2

#93587460
0!
0(
00

#93655277
1!
1(
10
b11001 2

#93723094
0!
0(
00

#93790911
1!
1(
10
b11000 2

#93858728
0!
0(
00

#93926545
1!
1(
10
b10111 2

#93994362
0!
0(
00

#94062179
1!
1(
10
b10110 2

#94129996
0!
0(
00

#94197813
1!
1(
10
b10101 2

#94265630
0!
0(
00

#94333447
1!
1(
10
b10100 2

#94401264
0!
0(
00

#94469081
1!
1(
10
b10011 2

#94536898
0!
0(
00

#94604715
1!
1(
10
b10010 2

#94672532
0!
0(
00

#94740349
1!
1(
10
b10001 2

#94808166
0!
0(
00

#94875983
1!
1(
10
b10000 2

#94943800
0!
0(
00

#95011617
1!
1(
10
b1111 2

#95079434
0!
0(
00

#95147251
1!
1(
10
b1110 2

#95215068
0!
0(
00

#95282885
1!
1(
10
b1101 2

#95350702
0!
0(
00

#95418519
1!
1(
10
b1100 2

#95486336
0!
0(
00

#95554153
1!
1(
10
b1011 2

#95621970
0!
0(
00

#95689787
1!
1(
10
b1010 2

#95757604
0!
0(
00

#95825421
1!
1(
10
b1001 2

#95893238
0!
0(
00

#95961055
1!
1(
10
b1000 2

#96028872
0!
0(
00

#96096689
1!
1(
10
b111 2

#96164506
0!
0(
00

#96232323
1!
1(
10
b110 2

#96300140
0!
0(
00

#96367957
1!
1(
10
b101 2

#96435774
0!
0(
00

#96503591
1!
1(
10
b100 2

#96571408
0!
0(
00

#96639225
1!
1(
10
b11 2

#96707042
0!
0(
00

#96774859
1!
1(
10
b10 2

#96842676
0!
0(
00

#96910493
1!
1(
10
b1 2

#96978310
0!
0(
00

#97046127
1!
1&
1(
10
b0 2
14

#97113944
0!
0(
00

#97181761
1!
1(
10

#97249578
0!
0(
00

#97317395
1!
1(
10

#97385212
0!
0(
00

#97453029
1!
1(
10

#97520846
0!
0(
00

#97588663
1!
1(
10

#97656480
0!
0(
00

#97724297
1!
1(
10

#97792114
0!
0(
00

#97859931
1!
1(
10

#97927748
0!
0(
00

#97995565
1!
1(
10

#98063382
0!
0(
00

#98131199
1!
1(
10

#98199016
0!
0(
00

#98266833
1!
1(
10

#98334650
0!
0(
00

#98402467
1!
1(
10

#98470284
0!
0(
00

#98538101
1!
1(
10

#98605918
0!
0(
00

#98673735
1!
1(
10

#98741552
0!
0(
00

#98809369
1!
1(
10

#98877186
0!
0(
00

#98945003
1!
1(
10

#99012820
0!
0(
00

#99080637
1!
1(
10

#99148454
0!
0(
00

#99216271
1!
1(
10

#99284088
0!
0(
00

#99351905
1!
1(
10

#99419722
0!
0(
00

#99487539
1!
1(
10

#99555356
0!
0(
00

#99623173
1!
1(
10

#99690990
0!
0(
00

#99758807
1!
1(
10

#99826624
0!
0(
00

#99894441
1!
1(
10

#99962258
0!
0(
00

#100030075
1!
1(
10

#100097892
0!
0(
00

#100165709
1!
1(
10

#100200000
b0 #
b0 *
b0 .
b10 /

#100233526
0!
0(
00

#100301343
1!
b1000001 $
1%
1(
b1000001 +
1,
b0 -
b11111111 .
b10 /
10

#100369160
0!
0(
00

#100436977
1!
b0 $
0%
0&
0'
1(
b0 +
0,
10
b1001111111 2
b1010000010 3
04

#100504794
0!
0(
00

#100572611
1!
1(
10
b1001111110 2

#100640428
0!
0(
00

#100708245
1!
1(
10
b1001111101 2

#100776062
0!
0(
00

#100843879
1!
1(
10
b1001111100 2

#100911696
0!
0(
00

#100979513
1!
1(
10
b1001111011 2

#101047330
0!
0(
00

#101115147
1!
1(
10
b1001111010 2

#101182964
0!
0(
00

#101250781
1!
1(
10
b1001111001 2

#101318598
0!
0(
00

#101386415
1!
1(
10
b1001111000 2

#101454232
0!
0(
00

#101522049
1!
1(
10
b1001110111 2

#101589866
0!
0(
00

#101657683
1!
1(
10
b1001110110 2

#101725500
0!
0(
00

#101793317
1!
1(
10
b1001110101 2

#101861134
0!
0(
00

#101928951
1!
1(
10
b1001110100 2

#101996768
0!
0(
00

#102064585
1!
1(
10
b1001110011 2

#102132402
0!
0(
00

#102200219
1!
1(
10
b1001110010 2

#102268036
0!
0(
00

#102335853
1!
1(
10
b1001110001 2

#102403670
0!
0(
00

#102471487
1!
1(
10
b1001110000 2

#102539304
0!
0(
00

#102607121
1!
1(
10
b1001101111 2

#102674938
0!
0(
00

#102742755
1!
1(
10
b1001101110 2

#102810572
0!
0(
00

#102878389
1!
1(
10
b1001101101 2

#102946206
0!
0(
00

#103014023
1!
1(
10
b1001101100 2

#103081840
0!
0(
00

#103149657
1!
1(
10
b1001101011 2

#103217474
0!
0(
00

#103285291
1!
1(
10
b1001101010 2

#103353108
0!
0(
00

#103420925
1!
1(
10
b1001101001 2

#103488742
0!
0(
00

#103556559
1!
1(
10
b1001101000 2

#103624376
0!
0(
00

#103692193
1!
1(
10
b1001100111 2

#103760010
0!
0(
00

#103827827
1!
1(
10
b1001100110 2

#103895644
0!
0(
00

#103963461
1!
1(
10
b1001100101 2

#104031278
0!
0(
00

#104099095
1!
1(
10
b1001100100 2

#104166912
0!
0(
00

#104234729
1!
1(
10
b1001100011 2

#104302546
0!
0(
00

#104370363
1!
1(
10
b1001100010 2

#104438180
0!
0(
00

#104505997
1!
1(
10
b1001100001 2

#104573814
0!
0(
00

#104641631
1!
1(
10
b1001100000 2

#104709448
0!
0(
00

#104777265
1!
1(
10
b1001011111 2

#104845082
0!
0(
00

#104912899
1!
1(
10
b1001011110 2

#104980716
0!
0(
00

#105048533
1!
1(
10
b1001011101 2

#105116350
0!
0(
00

#105184167
1!
1(
10
b1001011100 2

#105251984
0!
0(
00

#105319801
1!
1(
10
b1001011011 2

#105387618
0!
0(
00

#105455435
1!
1(
10
b1001011010 2

#105523252
0!
0(
00

#105591069
1!
1(
10
b1001011001 2

#105658886
0!
0(
00

#105726703
1!
1(
10
b1001011000 2

#105794520
0!
0(
00

#105862337
1!
1(
10
b1001010111 2

#105930154
0!
0(
00

#105997971
1!
1(
10
b1001010110 2

#106065788
0!
0(
00

#106133605
1!
1(
10
b1001010101 2

#106201422
0!
0(
00

#106269239
1!
1(
10
b1001010100 2

#106337056
0!
0(
00

#106404873
1!
1(
10
b1001010011 2

#106472690
0!
0(
00

#106540507
1!
1(
10
b1001010010 2

#106608324
0!
0(
00

#106676141
1!
1(
10
b1001010001 2

#106743958
0!
0(
00

#106811775
1!
1(
10
b1001010000 2

#106879592
0!
0(
00

#106947409
1!
1(
10
b1001001111 2

#107015226
0!
0(
00

#107083043
1!
1(
10
b1001001110 2

#107150860
0!
0(
00

#107218677
1!
1(
10
b1001001101 2

#107286494
0!
0(
00

#107354311
1!
1(
10
b1001001100 2

#107422128
0!
0(
00

#107489945
1!
1(
10
b1001001011 2

#107557762
0!
0(
00

#107625579
1!
1(
10
b1001001010 2

#107693396
0!
0(
00

#107761213
1!
1(
10
b1001001001 2

#107829030
0!
0(
00

#107896847
1!
1(
10
b1001001000 2

#107964664
0!
0(
00

#108032481
1!
1(
10
b1001000111 2

#108100298
0!
0(
00

#108168115
1!
1(
10
b1001000110 2

#108235932
0!
0(
00

#108303749
1!
1(
10
b1001000101 2

#108371566
0!
0(
00

#108439383
1!
1(
10
b1001000100 2

#108507200
0!
0(
00

#108575017
1!
1(
10
b1001000011 2

#108642834
0!
0(
00

#108710651
1!
1(
10
b1001000010 2

#108778468
0!
0(
00

#108846285
1!
1(
10
b1001000001 2

#108914102
0!
0(
00

#108981919
1!
1(
10
b1001000000 2
14

#109049736
0!
0(
00

#109117553
1!
1'
1(
10
b1000111111 2
b101000001 3
04

#109185370
0!
0(
00

#109253187
1!
1(
10
b1000111110 2

#109321004
0!
0(
00

#109388821
1!
1(
10
b1000111101 2

#109456638
0!
0(
00

#109524455
1!
1(
10
b1000111100 2

#109592272
0!
0(
00

#109660089
1!
1(
10
b1000111011 2

#109727906
0!
0(
00

#109795723
1!
1(
10
b1000111010 2

#109863540
0!
0(
00

#109931357
1!
1(
10
b1000111001 2

#109999174
0!
0(
00

#110066991
1!
1(
10
b1000111000 2

#110134808
0!
0(
00

#110202625
1!
1(
10
b1000110111 2

#110270442
0!
0(
00

#110338259
1!
1(
10
b1000110110 2

#110406076
0!
0(
00

#110473893
1!
1(
10
b1000110101 2

#110541710
0!
0(
00

#110609527
1!
1(
10
b1000110100 2

#110677344
0!
0(
00

#110745161
1!
1(
10
b1000110011 2

#110812978
0!
0(
00

#110880795
1!
1(
10
b1000110010 2

#110948612
0!
0(
00

#111016429
1!
1(
10
b1000110001 2

#111084246
0!
0(
00

#111152063
1!
1(
10
b1000110000 2

#111219880
0!
0(
00

#111287697
1!
1(
10
b1000101111 2

#111355514
0!
0(
00

#111423331
1!
1(
10
b1000101110 2

#111491148
0!
0(
00

#111558965
1!
1(
10
b1000101101 2

#111626782
0!
0(
00

#111694599
1!
1(
10
b1000101100 2

#111762416
0!
0(
00

#111830233
1!
1(
10
b1000101011 2

#111898050
0!
0(
00

#111965867
1!
1(
10
b1000101010 2

#112033684
0!
0(
00

#112101501
1!
1(
10
b1000101001 2

#112169318
0!
0(
00

#112237135
1!
1(
10
b1000101000 2

#112304952
0!
0(
00

#112372769
1!
1(
10
b1000100111 2

#112440586
0!
0(
00

#112508403
1!
1(
10
b1000100110 2

#112576220
0!
0(
00

#112644037
1!
1(
10
b1000100101 2

#112711854
0!
0(
00

#112779671
1!
1(
10
b1000100100 2

#112847488
0!
0(
00

#112915305
1!
1(
10
b1000100011 2

#112983122
0!
0(
00

#113050939
1!
1(
10
b1000100010 2

#113118756
0!
0(
00

#113186573
1!
1(
10
b1000100001 2

#113254390
0!
0(
00

#113322207
1!
1(
10
b1000100000 2

#113390024
0!
0(
00

#113457841
1!
1(
10
b1000011111 2

#113525658
0!
0(
00

#113593475
1!
1(
10
b1000011110 2

#113661292
0!
0(
00

#113729109
1!
1(
10
b1000011101 2

#113796926
0!
0(
00

#113864743
1!
1(
10
b1000011100 2

#113932560
0!
0(
00

#114000377
1!
1(
10
b1000011011 2

#114068194
0!
0(
00

#114136011
1!
1(
10
b1000011010 2

#114203828
0!
0(
00

#114271645
1!
1(
10
b1000011001 2

#114339462
0!
0(
00

#114407279
1!
1(
10
b1000011000 2

#114475096
0!
0(
00

#114542913
1!
1(
10
b1000010111 2

#114610730
0!
0(
00

#114678547
1!
1(
10
b1000010110 2

#114746364
0!
0(
00

#114814181
1!
1(
10
b1000010101 2

#114881998
0!
0(
00

#114949815
1!
1(
10
b1000010100 2

#115017632
0!
0(
00

#115085449
1!
1(
10
b1000010011 2

#115153266
0!
0(
00

#115221083
1!
1(
10
b1000010010 2

#115288900
0!
0(
00

#115356717
1!
1(
10
b1000010001 2

#115424534
0!
0(
00

#115492351
1!
1(
10
b1000010000 2

#115560168
0!
0(
00

#115627985
1!
1(
10
b1000001111 2

#115695802
0!
0(
00

#115763619
1!
1(
10
b1000001110 2

#115831436
0!
0(
00

#115899253
1!
1(
10
b1000001101 2

#115967070
0!
0(
00

#116034887
1!
1(
10
b1000001100 2

#116102704
0!
0(
00

#116170521
1!
1(
10
b1000001011 2

#116238338
0!
0(
00

#116306155
1!
1(
10
b1000001010 2

#116373972
0!
0(
00

#116441789
1!
1(
10
b1000001001 2

#116509606
0!
0(
00

#116577423
1!
1(
10
b1000001000 2

#116645240
0!
0(
00

#116713057
1!
1(
10
b1000000111 2

#116780874
0!
0(
00

#116848691
1!
1(
10
b1000000110 2

#116916508
0!
0(
00

#116984325
1!
1(
10
b1000000101 2

#117052142
0!
0(
00

#117119959
1!
1(
10
b1000000100 2

#117187776
0!
0(
00

#117255593
1!
1(
10
b1000000011 2

#117323410
0!
0(
00

#117391227
1!
1(
10
b1000000010 2

#117459044
0!
0(
00

#117526861
1!
1(
10
b1000000001 2

#117594678
0!
0(
00

#117662495
1!
1(
10
b1000000000 2
14

#117730312
0!
0(
00

#117798129
1!
0'
1(
10
b111111111 2
b10100000 3
04

#117865946
0!
0(
00

#117933763
1!
1(
10
b111111110 2

#118001580
0!
0(
00

#118069397
1!
1(
10
b111111101 2

#118137214
0!
0(
00

#118205031
1!
1(
10
b111111100 2

#118272848
0!
0(
00

#118340665
1!
1(
10
b111111011 2

#118408482
0!
0(
00

#118476299
1!
1(
10
b111111010 2

#118544116
0!
0(
00

#118611933
1!
1(
10
b111111001 2

#118679750
0!
0(
00

#118747567
1!
1(
10
b111111000 2

#118815384
0!
0(
00

#118883201
1!
1(
10
b111110111 2

#118951018
0!
0(
00

#119018835
1!
1(
10
b111110110 2

#119086652
0!
0(
00

#119154469
1!
1(
10
b111110101 2

#119222286
0!
0(
00

#119290103
1!
1(
10
b111110100 2

#119357920
0!
0(
00

#119425737
1!
1(
10
b111110011 2

#119493554
0!
0(
00

#119561371
1!
1(
10
b111110010 2

#119629188
0!
0(
00

#119697005
1!
1(
10
b111110001 2

#119764822
0!
0(
00

#119832639
1!
1(
10
b111110000 2

#119900456
0!
0(
00

#119968273
1!
1(
10
b111101111 2

#120036090
0!
0(
00

#120103907
1!
1(
10
b111101110 2

#120171724
0!
0(
00

#120200000
b10 #
b10 *
b1 .
b10 /

#120239541
1!
1(
10
b111101101 2

#120307358
0!
0(
00

#120375175
1!
1(
10
b111101100 2

#120442992
0!
0(
00

#120510809
1!
1(
10
b111101011 2

#120578626
0!
0(
00

#120646443
1!
1(
10
b111101010 2

#120714260
0!
0(
00

#120782077
1!
1(
10
b111101001 2

#120849894
0!
0(
00

#120917711
1!
1(
10
b111101000 2

#120985528
0!
0(
00

#121053345
1!
1(
10
b111100111 2

#121121162
0!
0(
00

#121188979
1!
1(
10
b111100110 2

#121256796
0!
0(
00

#121324613
1!
1(
10
b111100101 2

#121392430
0!
0(
00

#121460247
1!
1(
10
b111100100 2

#121528064
0!
0(
00

#121595881
1!
1(
10
b111100011 2

#121663698
0!
0(
00

#121731515
1!
1(
10
b111100010 2

#121799332
0!
0(
00

#121867149
1!
1(
10
b111100001 2

#121934966
0!
0(
00

#122002783
1!
1(
10
b111100000 2

#122070600
0!
0(
00

#122138417
1!
1(
10
b111011111 2

#122206234
0!
0(
00

#122274051
1!
1(
10
b111011110 2

#122341868
0!
0(
00

#122409685
1!
1(
10
b111011101 2

#122477502
0!
0(
00

#122545319
1!
1(
10
b111011100 2

#122613136
0!
0(
00

#122680953
1!
1(
10
b111011011 2

#122748770
0!
0(
00

#122816587
1!
1(
10
b111011010 2

#122884404
0!
0(
00

#122952221
1!
1(
10
b111011001 2

#123020038
0!
0(
00

#123087855
1!
1(
10
b111011000 2

#123155672
0!
0(
00

#123223489
1!
1(
10
b111010111 2

#123291306
0!
0(
00

#123359123
1!
1(
10
b111010110 2

#123426940
0!
0(
00

#123494757
1!
1(
10
b111010101 2

#123562574
0!
0(
00

#123630391
1!
1(
10
b111010100 2

#123698208
0!
0(
00

#123766025
1!
1(
10
b111010011 2

#123833842
0!
0(
00

#123901659
1!
1(
10
b111010010 2

#123969476
0!
0(
00

#124037293
1!
1(
10
b111010001 2

#124105110
0!
0(
00

#124172927
1!
1(
10
b111010000 2

#124240744
0!
0(
00

#124308561
1!
1(
10
b111001111 2

#124376378
0!
0(
00

#124444195
1!
1(
10
b111001110 2

#124512012
0!
0(
00

#124579829
1!
1(
10
b111001101 2

#124647646
0!
0(
00

#124715463
1!
1(
10
b111001100 2

#124783280
0!
0(
00

#124851097
1!
1(
10
b111001011 2

#124918914
0!
0(
00

#124986731
1!
1(
10
b111001010 2

#125054548
0!
0(
00

#125122365
1!
1(
10
b111001001 2

#125190182
0!
0(
00

#125257999
1!
1(
10
b111001000 2

#125325816
0!
0(
00

#125393633
1!
1(
10
b111000111 2

#125461450
0!
0(
00

#125529267
1!
1(
10
b111000110 2

#125597084
0!
0(
00

#125664901
1!
1(
10
b111000101 2

#125732718
0!
0(
00

#125800535
1!
1(
10
b111000100 2

#125868352
0!
0(
00

#125936169
1!
1(
10
b111000011 2

#126003986
0!
0(
00

#126071803
1!
1(
10
b111000010 2

#126139620
0!
0(
00

#126207437
1!
1(
10
b111000001 2

#126275254
0!
0(
00

#126343071
1!
1(
10
b111000000 2
14

#126410888
0!
0(
00

#126478705
1!
1(
10
b110111111 2
b1010000 3
04

#126546522
0!
0(
00

#126614339
1!
1(
10
b110111110 2

#126682156
0!
0(
00

#126749973
1!
1(
10
b110111101 2

#126817790
0!
0(
00

#126885607
1!
1(
10
b110111100 2

#126953424
0!
0(
00

#127021241
1!
1(
10
b110111011 2

#127089058
0!
0(
00

#127156875
1!
1(
10
b110111010 2

#127224692
0!
0(
00

#127292509
1!
1(
10
b110111001 2

#127360326
0!
0(
00

#127428143
1!
1(
10
b110111000 2

#127495960
0!
0(
00

#127563777
1!
1(
10
b110110111 2

#127631594
0!
0(
00

#127699411
1!
1(
10
b110110110 2

#127767228
0!
0(
00

#127835045
1!
1(
10
b110110101 2

#127902862
0!
0(
00

#127970679
1!
1(
10
b110110100 2

#128038496
0!
0(
00

#128106313
1!
1(
10
b110110011 2

#128174130
0!
0(
00

#128241947
1!
1(
10
b110110010 2

#128309764
0!
0(
00

#128377581
1!
1(
10
b110110001 2

#128445398
0!
0(
00

#128513215
1!
1(
10
b110110000 2

#128581032
0!
0(
00

#128648849
1!
1(
10
b110101111 2

#128716666
0!
0(
00

#128784483
1!
1(
10
b110101110 2

#128852300
0!
0(
00

#128920117
1!
1(
10
b110101101 2

#128987934
0!
0(
00

#129055751
1!
1(
10
b110101100 2

#129123568
0!
0(
00

#129191385
1!
1(
10
b110101011 2

#129259202
0!
0(
00

#129327019
1!
1(
10
b110101010 2

#129394836
0!
0(
00

#129462653
1!
1(
10
b110101001 2

#129530470
0!
0(
00

#129598287
1!
1(
10
b110101000 2

#129666104
0!
0(
00

#129733921
1!
1(
10
b110100111 2

#129801738
0!
0(
00

#129869555
1!
1(
10
b110100110 2

#129937372
0!
0(
00

#130005189
1!
1(
10
b110100101 2

#130073006
0!
0(
00

#130140823
1!
1(
10
b110100100 2

#130208640
0!
0(
00

#130276457
1!
1(
10
b110100011 2

#130344274
0!
0(
00

#130412091
1!
1(
10
b110100010 2

#130479908
0!
0(
00

#130547725
1!
1(
10
b110100001 2

#130615542
0!
0(
00

#130683359
1!
1(
10
b110100000 2

#130751176
0!
0(
00

#130818993
1!
1(
10
b110011111 2

#130886810
0!
0(
00

#130954627
1!
1(
10
b110011110 2

#131022444
0!
0(
00

#131090261
1!
1(
10
b110011101 2

#131158078
0!
0(
00

#131225895
1!
1(
10
b110011100 2

#131293712
0!
0(
00

#131361529
1!
1(
10
b110011011 2

#131429346
0!
0(
00

#131497163
1!
1(
10
b110011010 2

#131564980
0!
0(
00

#131632797
1!
1(
10
b110011001 2

#131700614
0!
0(
00

#131768431
1!
1(
10
b110011000 2

#131836248
0!
0(
00

#131904065
1!
1(
10
b110010111 2

#131971882
0!
0(
00

#132039699
1!
1(
10
b110010110 2

#132107516
0!
0(
00

#132175333
1!
1(
10
b110010101 2

#132243150
0!
0(
00

#132310967
1!
1(
10
b110010100 2

#132378784
0!
0(
00

#132446601
1!
1(
10
b110010011 2

#132514418
0!
0(
00

#132582235
1!
1(
10
b110010010 2

#132650052
0!
0(
00

#132717869
1!
1(
10
b110010001 2

#132785686
0!
0(
00

#132853503
1!
1(
10
b110010000 2

#132921320
0!
0(
00

#132989137
1!
1(
10
b110001111 2

#133056954
0!
0(
00

#133124771
1!
1(
10
b110001110 2

#133192588
0!
0(
00

#133260405
1!
1(
10
b110001101 2

#133328222
0!
0(
00

#133396039
1!
1(
10
b110001100 2

#133463856
0!
0(
00

#133531673
1!
1(
10
b110001011 2

#133599490
0!
0(
00

#133667307
1!
1(
10
b110001010 2

#133735124
0!
0(
00

#133802941
1!
1(
10
b110001001 2

#133870758
0!
0(
00

#133938575
1!
1(
10
b110001000 2

#134006392
0!
0(
00

#134074209
1!
1(
10
b110000111 2

#134142026
0!
0(
00

#134209843
1!
1(
10
b110000110 2

#134277660
0!
0(
00

#134345477
1!
1(
10
b110000101 2

#134413294
0!
0(
00

#134481111
1!
1(
10
b110000100 2

#134548928
0!
0(
00

#134616745
1!
1(
10
b110000011 2

#134684562
0!
0(
00

#134752379
1!
1(
10
b110000010 2

#134820196
0!
0(
00

#134888013
1!
1(
10
b110000001 2

#134955830
0!
0(
00

#135023647
1!
1(
10
b110000000 2
14

#135091464
0!
0(
00

#135159281
1!
1(
10
b101111111 2
b101000 3
04

#135227098
0!
0(
00

#135294915
1!
1(
10
b101111110 2

#135362732
0!
0(
00

#135430549
1!
1(
10
b101111101 2

#135498366
0!
0(
00

#135566183
1!
1(
10
b101111100 2

#135634000
0!
0(
00

#135701817
1!
1(
10
b101111011 2

#135769634
0!
0(
00

#135837451
1!
1(
10
b101111010 2

#135905268
0!
0(
00

#135973085
1!
1(
10
b101111001 2

#136040902
0!
0(
00

#136108719
1!
1(
10
b101111000 2

#136176536
0!
0(
00

#136244353
1!
1(
10
b101110111 2

#136312170
0!
0(
00

#136379987
1!
1(
10
b101110110 2

#136447804
0!
0(
00

#136515621
1!
1(
10
b101110101 2

#136583438
0!
0(
00

#136651255
1!
1(
10
b101110100 2

#136719072
0!
0(
00

#136786889
1!
1(
10
b101110011 2

#136854706
0!
0(
00

#136922523
1!
1(
10
b101110010 2

#136990340
0!
0(
00

#137058157
1!
1(
10
b101110001 2

#137125974
0!
0(
00

#137193791
1!
1(
10
b101110000 2

#137261608
0!
0(
00

#137329425
1!
1(
10
b101101111 2

#137397242
0!
0(
00

#137465059
1!
1(
10
b101101110 2

#137532876
0!
0(
00

#137600693
1!
1(
10
b101101101 2

#137668510
0!
0(
00

#137736327
1!
1(
10
b101101100 2

#137804144
0!
0(
00

#137871961
1!
1(
10
b101101011 2

#137939778
0!
0(
00

#138007595
1!
1(
10
b101101010 2

#138075412
0!
0(
00

#138143229
1!
1(
10
b101101001 2

#138211046
0!
0(
00

#138278863
1!
1(
10
b101101000 2

#138346680
0!
0(
00

#138414497
1!
1(
10
b101100111 2

#138482314
0!
0(
00

#138550131
1!
1(
10
b101100110 2

#138617948
0!
0(
00

#138685765
1!
1(
10
b101100101 2

#138753582
0!
0(
00

#138821399
1!
1(
10
b101100100 2

#138889216
0!
0(
00

#138957033
1!
1(
10
b101100011 2

#139024850
0!
0(
00

#139092667
1!
1(
10
b101100010 2

#139160484
0!
0(
00

#139228301
1!
1(
10
b101100001 2

#139296118
0!
0(
00

#139363935
1!
1(
10
b101100000 2

#139431752
0!
0(
00

#139499569
1!
1(
10
b101011111 2

#139567386
0!
0(
00

#139635203
1!
1(
10
b101011110 2

#139703020
0!
0(
00

#139770837
1!
1(
10
b101011101 2

#139838654
0!
0(
00

#139906471
1!
1(
10
b101011100 2

#139974288
0!
0(
00

#140042105
1!
1(
10
b101011011 2

#140109922
0!
0(
00

#140177739
1!
1(
10
b101011010 2

#140245556
0!
0(
00

#140313373
1!
1(
10
b101011001 2

#140381190
0!
0(
00

#140449007
1!
1(
10
b101011000 2

#140516824
0!
0(
00

#140584641
1!
1(
10
b101010111 2

#140652458
0!
0(
00

#140720275
1!
1(
10
b101010110 2

#140788092
0!
0(
00

#140855909
1!
1(
10
b101010101 2

#140923726
0!
0(
00

#140991543
1!
1(
10
b101010100 2

#141059360
0!
0(
00

#141127177
1!
1(
10
b101010011 2

#141194994
0!
0(
00

#141262811
1!
1(
10
b101010010 2

#141330628
0!
0(
00

#141398445
1!
1(
10
b101010001 2

#141466262
0!
0(
00

#141534079
1!
1(
10
b101010000 2

#141601896
0!
0(
00

#141669713
1!
1(
10
b101001111 2

#141737530
0!
0(
00

#141805347
1!
1(
10
b101001110 2

#141873164
0!
0(
00

#141940981
1!
1(
10
b101001101 2

#142008798
0!
0(
00

#142076615
1!
1(
10
b101001100 2

#142144432
0!
0(
00

#142212249
1!
1(
10
b101001011 2

#142280066
0!
0(
00

#142347883
1!
1(
10
b101001010 2

#142415700
0!
0(
00

#142483517
1!
1(
10
b101001001 2

#142551334
0!
0(
00

#142619151
1!
1(
10
b101001000 2

#142686968
0!
0(
00

#142754785
1!
1(
10
b101000111 2

#142822602
0!
0(
00

#142890419
1!
1(
10
b101000110 2

#142958236
0!
0(
00

#143026053
1!
1(
10
b101000101 2

#143093870
0!
0(
00

#143161687
1!
1(
10
b101000100 2

#143229504
0!
0(
00

#143297321
1!
1(
10
b101000011 2

#143365138
0!
0(
00

#143432955
1!
1(
10
b101000010 2

#143500772
0!
0(
00

#143568589
1!
1(
10
b101000001 2

#143636406
0!
0(
00

#143704223
1!
1(
10
b101000000 2
14

#143772040
0!
0(
00

#143839857
1!
1(
10
b100111111 2
b10100 3
04

#143907674
0!
0(
00

#143975491
1!
1(
10
b100111110 2

#144043308
0!
0(
00

#144111125
1!
1(
10
b100111101 2

#144178942
0!
0(
00

#144246759
1!
1(
10
b100111100 2

#144314576
0!
0(
00

#144382393
1!
1(
10
b100111011 2

#144450210
0!
0(
00

#144518027
1!
1(
10
b100111010 2

#144585844
0!
0(
00

#144653661
1!
1(
10
b100111001 2

#144721478
0!
0(
00

#144789295
1!
1(
10
b100111000 2

#144857112
0!
0(
00

#144924929
1!
1(
10
b100110111 2

#144992746
0!
0(
00

#145060563
1!
1(
10
b100110110 2

#145128380
0!
0(
00

#145196197
1!
1(
10
b100110101 2

#145264014
0!
0(
00

#145331831
1!
1(
10
b100110100 2

#145399648
0!
0(
00

#145467465
1!
1(
10
b100110011 2

#145535282
0!
0(
00

#145603099
1!
1(
10
b100110010 2

#145670916
0!
0(
00

#145738733
1!
1(
10
b100110001 2

#145806550
0!
0(
00

#145874367
1!
1(
10
b100110000 2

#145942184
0!
0(
00

#146010001
1!
1(
10
b100101111 2

#146077818
0!
0(
00

#146145635
1!
1(
10
b100101110 2

#146213452
0!
0(
00

#146281269
1!
1(
10
b100101101 2

#146349086
0!
0(
00

#146416903
1!
1(
10
b100101100 2

#146484720
0!
0(
00

#146552537
1!
1(
10
b100101011 2

#146620354
0!
0(
00

#146688171
1!
1(
10
b100101010 2

#146755988
0!
0(
00

#146823805
1!
1(
10
b100101001 2

#146891622
0!
0(
00

#146959439
1!
1(
10
b100101000 2

#147027256
0!
0(
00

#147095073
1!
1(
10
b100100111 2

#147162890
0!
0(
00

#147230707
1!
1(
10
b100100110 2

#147298524
0!
0(
00

#147366341
1!
1(
10
b100100101 2

#147434158
0!
0(
00

#147501975
1!
1(
10
b100100100 2

#147569792
0!
0(
00

#147637609
1!
1(
10
b100100011 2

#147705426
0!
0(
00

#147773243
1!
1(
10
b100100010 2

#147841060
0!
0(
00

#147908877
1!
1(
10
b100100001 2

#147976694
0!
0(
00

#148044511
1!
1(
10
b100100000 2

#148112328
0!
0(
00

#148180145
1!
1(
10
b100011111 2

#148247962
0!
0(
00

#148315779
1!
1(
10
b100011110 2

#148383596
0!
0(
00

#148451413
1!
1(
10
b100011101 2

#148519230
0!
0(
00

#148587047
1!
1(
10
b100011100 2

#148654864
0!
0(
00

#148722681
1!
1(
10
b100011011 2

#148790498
0!
0(
00

#148858315
1!
1(
10
b100011010 2

#148926132
0!
0(
00

#148993949
1!
1(
10
b100011001 2

#149061766
0!
0(
00

#149129583
1!
1(
10
b100011000 2

#149197400
0!
0(
00

#149265217
1!
1(
10
b100010111 2

#149333034
0!
0(
00

#149400851
1!
1(
10
b100010110 2

#149468668
0!
0(
00

#149536485
1!
1(
10
b100010101 2

#149604302
0!
0(
00

#149672119
1!
1(
10
b100010100 2

#149739936
0!
0(
00

#149807753
1!
1(
10
b100010011 2

#149875570
0!
0(
00

#149943387
1!
1(
10
b100010010 2

#150011204
0!
0(
00

#150079021
1!
1(
10
b100010001 2

#150146838
0!
0(
00

#150214655
1!
1(
10
b100010000 2

#150282472
0!
0(
00

#150350289
1!
1(
10
b100001111 2

#150418106
0!
0(
00

#150485923
1!
1(
10
b100001110 2

#150553740
0!
0(
00

#150621557
1!
1(
10
b100001101 2

#150689374
0!
0(
00

#150757191
1!
1(
10
b100001100 2

#150825008
0!
0(
00

#150892825
1!
1(
10
b100001011 2

#150960642
0!
0(
00

#151028459
1!
1(
10
b100001010 2

#151096276
0!
0(
00

#151164093
1!
1(
10
b100001001 2

#151231910
0!
0(
00

#151299727
1!
1(
10
b100001000 2

#151367544
0!
0(
00

#151435361
1!
1(
10
b100000111 2

#151503178
0!
0(
00

#151570995
1!
1(
10
b100000110 2

#151638812
0!
0(
00

#151706629
1!
1(
10
b100000101 2

#151774446
0!
0(
00

#151842263
1!
1(
10
b100000100 2

#151910080
0!
0(
00

#151977897
1!
1(
10
b100000011 2

#152045714
0!
0(
00

#152113531
1!
1(
10
b100000010 2

#152181348
0!
0(
00

#152249165
1!
1(
10
b100000001 2

#152316982
0!
0(
00

#152384799
1!
1(
10
b100000000 2
14

#152452616
0!
0(
00

#152520433
1!
1(
10
b11111111 2
b1010 3
04

#152588250
0!
0(
00

#152656067
1!
1(
10
b11111110 2

#152723884
0!
0(
00

#152791701
1!
1(
10
b11111101 2

#152859518
0!
0(
00

#152927335
1!
1(
10
b11111100 2

#152995152
0!
0(
00

#153062969
1!
1(
10
b11111011 2

#153130786
0!
0(
00

#153198603
1!
1(
10
b11111010 2

#153266420
0!
0(
00

#153334237
1!
1(
10
b11111001 2

#153402054
0!
0(
00

#153469871
1!
1(
10
b11111000 2

#153537688
0!
0(
00

#153605505
1!
1(
10
b11110111 2

#153673322
0!
0(
00

#153741139
1!
1(
10
b11110110 2

#153808956
0!
0(
00

#153876773
1!
1(
10
b11110101 2

#153944590
0!
0(
00

#154012407
1!
1(
10
b11110100 2

#154080224
0!
0(
00

#154148041
1!
1(
10
b11110011 2

#154215858
0!
0(
00

#154283675
1!
1(
10
b11110010 2

#154351492
0!
0(
00

#154419309
1!
1(
10
b11110001 2

#154487126
0!
0(
00

#154554943
1!
1(
10
b11110000 2

#154622760
0!
0(
00

#154690577
1!
1(
10
b11101111 2

#154758394
0!
0(
00

#154826211
1!
1(
10
b11101110 2

#154894028
0!
0(
00

#154961845
1!
1(
10
b11101101 2

#155029662
0!
0(
00

#155097479
1!
1(
10
b11101100 2

#155165296
0!
0(
00

#155233113
1!
1(
10
b11101011 2

#155300930
0!
0(
00

#155368747
1!
1(
10
b11101010 2

#155436564
0!
0(
00

#155504381
1!
1(
10
b11101001 2

#155572198
0!
0(
00

#155640015
1!
1(
10
b11101000 2

#155707832
0!
0(
00

#155775649
1!
1(
10
b11100111 2

#155843466
0!
0(
00

#155911283
1!
1(
10
b11100110 2

#155979100
0!
0(
00

#156046917
1!
1(
10
b11100101 2

#156114734
0!
0(
00

#156182551
1!
1(
10
b11100100 2

#156250368
0!
0(
00

#156318185
1!
1(
10
b11100011 2

#156386002
0!
0(
00

#156453819
1!
1(
10
b11100010 2

#156521636
0!
0(
00

#156589453
1!
1(
10
b11100001 2

#156657270
0!
0(
00

#156725087
1!
1(
10
b11100000 2

#156792904
0!
0(
00

#156860721
1!
1(
10
b11011111 2

#156928538
0!
0(
00

#156996355
1!
1(
10
b11011110 2

#157064172
0!
0(
00

#157131989
1!
1(
10
b11011101 2

#157199806
0!
0(
00

#157267623
1!
1(
10
b11011100 2

#157335440
0!
0(
00

#157403257
1!
1(
10
b11011011 2

#157471074
0!
0(
00

#157538891
1!
1(
10
b11011010 2

#157606708
0!
0(
00

#157674525
1!
1(
10
b11011001 2

#157742342
0!
0(
00

#157810159
1!
1(
10
b11011000 2

#157877976
0!
0(
00

#157945793
1!
1(
10
b11010111 2

#158013610
0!
0(
00

#158081427
1!
1(
10
b11010110 2

#158149244
0!
0(
00

#158217061
1!
1(
10
b11010101 2

#158284878
0!
0(
00

#158352695
1!
1(
10
b11010100 2

#158420512
0!
0(
00

#158488329
1!
1(
10
b11010011 2

#158556146
0!
0(
00

#158623963
1!
1(
10
b11010010 2

#158691780
0!
0(
00

#158759597
1!
1(
10
b11010001 2

#158827414
0!
0(
00

#158895231
1!
1(
10
b11010000 2

#158963048
0!
0(
00

#159030865
1!
1(
10
b11001111 2

#159098682
0!
0(
00

#159166499
1!
1(
10
b11001110 2

#159234316
0!
0(
00

#159302133
1!
1(
10
b11001101 2

#159369950
0!
0(
00

#159437767
1!
1(
10
b11001100 2

#159505584
0!
0(
00

#159573401
1!
1(
10
b11001011 2

#159641218
0!
0(
00

#159709035
1!
1(
10
b11001010 2

#159776852
0!
0(
00

#159844669
1!
1(
10
b11001001 2

#159912486
0!
0(
00

#159980303
1!
1(
10
b11001000 2

#160048120
0!
0(
00

#160115937
1!
1(
10
b11000111 2

#160183754
0!
0(
00

#160251571
1!
1(
10
b11000110 2

#160319388
0!
0(
00

#160387205
1!
1(
10
b11000101 2

#160455022
0!
0(
00

#160522839
1!
1(
10
b11000100 2

#160590656
0!
0(
00

#160658473
1!
1(
10
b11000011 2

#160726290
0!
0(
00

#160794107
1!
1(
10
b11000010 2

#160861924
0!
0(
00

#160929741
1!
1(
10
b11000001 2

#160997558
0!
0(
00

#161065375
1!
1(
10
b11000000 2
14

#161133192
0!
0(
00

#161201009
1!
1'
1(
10
b10111111 2
b101 3
04

#161268826
0!
0(
00

#161336643
1!
1(
10
b10111110 2

#161404460
0!
0(
00

#161472277
1!
1(
10
b10111101 2

#161540094
0!
0(
00

#161607911
1!
1(
10
b10111100 2

#161675728
0!
0(
00

#161743545
1!
1(
10
b10111011 2

#161811362
0!
0(
00

#161879179
1!
1(
10
b10111010 2

#161946996
0!
0(
00

#162014813
1!
1(
10
b10111001 2

#162082630
0!
0(
00

#162150447
1!
1(
10
b10111000 2

#162218264
0!
0(
00

#162286081
1!
1(
10
b10110111 2

#162353898
0!
0(
00

#162421715
1!
1(
10
b10110110 2

#162489532
0!
0(
00

#162557349
1!
1(
10
b10110101 2

#162625166
0!
0(
00

#162692983
1!
1(
10
b10110100 2

#162760800
0!
0(
00

#162828617
1!
1(
10
b10110011 2

#162896434
0!
0(
00

#162964251
1!
1(
10
b10110010 2

#163032068
0!
0(
00

#163099885
1!
1(
10
b10110001 2

#163167702
0!
0(
00

#163235519
1!
1(
10
b10110000 2

#163303336
0!
0(
00

#163371153
1!
1(
10
b10101111 2

#163438970
0!
0(
00

#163506787
1!
1(
10
b10101110 2

#163574604
0!
0(
00

#163642421
1!
1(
10
b10101101 2

#163710238
0!
0(
00

#163778055
1!
1(
10
b10101100 2

#163845872
0!
0(
00

#163913689
1!
1(
10
b10101011 2

#163981506
0!
0(
00

#164049323
1!
1(
10
b10101010 2

#164117140
0!
0(
00

#164184957
1!
1(
10
b10101001 2

#164252774
0!
0(
00

#164320591
1!
1(
10
b10101000 2

#164388408
0!
0(
00

#164456225
1!
1(
10
b10100111 2

#164524042
0!
0(
00

#164591859
1!
1(
10
b10100110 2

#164659676
0!
0(
00

#164727493
1!
1(
10
b10100101 2

#164795310
0!
0(
00

#164863127
1!
1(
10
b10100100 2

#164930944
0!
0(
00

#164998761
1!
1(
10
b10100011 2

#165066578
0!
0(
00

#165134395
1!
1(
10
b10100010 2

#165202212
0!
0(
00

#165270029
1!
1(
10
b10100001 2

#165337846
0!
0(
00

#165405663
1!
1(
10
b10100000 2

#165473480
0!
0(
00

#165541297
1!
1(
10
b10011111 2

#165609114
0!
0(
00

#165676931
1!
1(
10
b10011110 2

#165744748
0!
0(
00

#165812565
1!
1(
10
b10011101 2

#165880382
0!
0(
00

#165948199
1!
1(
10
b10011100 2

#166016016
0!
0(
00

#166083833
1!
1(
10
b10011011 2

#166151650
0!
0(
00

#166219467
1!
1(
10
b10011010 2

#166287284
0!
0(
00

#166355101
1!
1(
10
b10011001 2

#166422918
0!
0(
00

#166490735
1!
1(
10
b10011000 2

#166558552
0!
0(
00

#166626369
1!
1(
10
b10010111 2

#166694186
0!
0(
00

#166762003
1!
1(
10
b10010110 2

#166829820
0!
0(
00

#166897637
1!
1(
10
b10010101 2

#166965454
0!
0(
00

#167033271
1!
1(
10
b10010100 2

#167101088
0!
0(
00

#167168905
1!
1(
10
b10010011 2

#167236722
0!
0(
00

#167304539
1!
1(
10
b10010010 2

#167372356
0!
0(
00

#167440173
1!
1(
10
b10010001 2

#167507990
0!
0(
00

#167575807
1!
1(
10
b10010000 2

#167643624
0!
0(
00

#167711441
1!
1(
10
b10001111 2

#167779258
0!
0(
00

#167847075
1!
1(
10
b10001110 2

#167914892
0!
0(
00

#167982709
1!
1(
10
b10001101 2

#168050526
0!
0(
00

#168118343
1!
1(
10
b10001100 2

#168186160
0!
0(
00

#168253977
1!
1(
10
b10001011 2

#168321794
0!
0(
00

#168389611
1!
1(
10
b10001010 2

#168457428
0!
0(
00

#168525245
1!
1(
10
b10001001 2

#168593062
0!
0(
00

#168660879
1!
1(
10
b10001000 2

#168728696
0!
0(
00

#168796513
1!
1(
10
b10000111 2

#168864330
0!
0(
00

#168932147
1!
1(
10
b10000110 2

#168999964
0!
0(
00

#169067781
1!
1(
10
b10000101 2

#169135598
0!
0(
00

#169203415
1!
1(
10
b10000100 2

#169271232
0!
0(
00

#169339049
1!
1(
10
b10000011 2

#169406866
0!
0(
00

#169474683
1!
1(
10
b10000010 2

#169542500
0!
0(
00

#169610317
1!
1(
10
b10000001 2

#169678134
0!
0(
00

#169745951
1!
1(
10
b10000000 2
14

#169813768
0!
0(
00

#169881585
1!
0'
1(
10
b1111111 2
b10 3
04

#169949402
0!
0(
00

#170017219
1!
1(
10
b1111110 2

#170085036
0!
0(
00

#170152853
1!
1(
10
b1111101 2

#170220670
0!
0(
00

#170288487
1!
1(
10
b1111100 2

#170356304
0!
0(
00

#170424121
1!
1(
10
b1111011 2

#170491938
0!
0(
00

#170559755
1!
1(
10
b1111010 2

#170627572
0!
0(
00

#170695389
1!
1(
10
b1111001 2

#170763206
0!
0(
00

#170831023
1!
1(
10
b1111000 2

#170898840
0!
0(
00

#170966657
1!
1(
10
b1110111 2

#171034474
0!
0(
00

#171102291
1!
1(
10
b1110110 2

#171170108
0!
0(
00

#171237925
1!
1(
10
b1110101 2

#171305742
0!
0(
00

#171373559
1!
1(
10
b1110100 2

#171441376
0!
0(
00

#171509193
1!
1(
10
b1110011 2

#171577010
0!
0(
00

#171644827
1!
1(
10
b1110010 2

#171712644
0!
0(
00

#171780461
1!
1(
10
b1110001 2

#171848278
0!
0(
00

#171916095
1!
1(
10
b1110000 2

#171983912
0!
0(
00

#172051729
1!
1(
10
b1101111 2

#172119546
0!
0(
00

#172187363
1!
1(
10
b1101110 2

#172255180
0!
0(
00

#172322997
1!
1(
10
b1101101 2

#172390814
0!
0(
00

#172458631
1!
1(
10
b1101100 2

#172526448
0!
0(
00

#172594265
1!
1(
10
b1101011 2

#172662082
0!
0(
00

#172729899
1!
1(
10
b1101010 2

#172797716
0!
0(
00

#172865533
1!
1(
10
b1101001 2

#172933350
0!
0(
00

#173001167
1!
1(
10
b1101000 2

#173068984
0!
0(
00

#173136801
1!
1(
10
b1100111 2

#173204618
0!
0(
00

#173272435
1!
1(
10
b1100110 2

#173340252
0!
0(
00

#173408069
1!
1(
10
b1100101 2

#173475886
0!
0(
00

#173543703
1!
1(
10
b1100100 2

#173611520
0!
0(
00

#173679337
1!
1(
10
b1100011 2

#173747154
0!
0(
00

#173814971
1!
1(
10
b1100010 2

#173882788
0!
0(
00

#173950605
1!
1(
10
b1100001 2

#174018422
0!
0(
00

#174086239
1!
1(
10
b1100000 2

#174154056
0!
0(
00

#174221873
1!
1(
10
b1011111 2

#174289690
0!
0(
00

#174357507
1!
1(
10
b1011110 2

#174425324
0!
0(
00

#174493141
1!
1(
10
b1011101 2

#174560958
0!
0(
00

#174628775
1!
1(
10
b1011100 2

#174696592
0!
0(
00

#174764409
1!
1(
10
b1011011 2

#174832226
0!
0(
00

#174900043
1!
1(
10
b1011010 2

#174967860
0!
0(
00

#175035677
1!
1(
10
b1011001 2

#175103494
0!
0(
00

#175171311
1!
1(
10
b1011000 2

#175239128
0!
0(
00

#175306945
1!
1(
10
b1010111 2

#175374762
0!
0(
00

#175442579
1!
1(
10
b1010110 2

#175510396
0!
0(
00

#175578213
1!
1(
10
b1010101 2

#175646030
0!
0(
00

#175713847
1!
1(
10
b1010100 2

#175781664
0!
0(
00

#175849481
1!
1(
10
b1010011 2

#175917298
0!
0(
00

#175985115
1!
1(
10
b1010010 2

#176052932
0!
0(
00

#176120749
1!
1(
10
b1010001 2

#176188566
0!
0(
00

#176256383
1!
1(
10
b1010000 2

#176324200
0!
0(
00

#176392017
1!
1(
10
b1001111 2

#176459834
0!
0(
00

#176527651
1!
1(
10
b1001110 2

#176595468
0!
0(
00

#176663285
1!
1(
10
b1001101 2

#176731102
0!
0(
00

#176798919
1!
1(
10
b1001100 2

#176866736
0!
0(
00

#176934553
1!
1(
10
b1001011 2

#177002370
0!
0(
00

#177070187
1!
1(
10
b1001010 2

#177138004
0!
0(
00

#177205821
1!
1(
10
b1001001 2

#177273638
0!
0(
00

#177341455
1!
1(
10
b1001000 2

#177409272
0!
0(
00

#177477089
1!
1(
10
b1000111 2

#177544906
0!
0(
00

#177612723
1!
1(
10
b1000110 2

#177680540
0!
0(
00

#177748357
1!
1(
10
b1000101 2

#177816174
0!
0(
00

#177883991
1!
1(
10
b1000100 2

#177951808
0!
0(
00

#178019625
1!
1(
10
b1000011 2

#178087442
0!
0(
00

#178155259
1!
1(
10
b1000010 2

#178223076
0!
0(
00

#178290893
1!
1(
10
b1000001 2

#178358710
0!
0(
00

#178426527
1!
1(
10
b1000000 2
14

#178494344
0!
0(
00

#178562161
1!
1'
1(
10
b111111 2
b1 3
04

#178629978
0!
0(
00

#178697795
1!
1(
10
b111110 2

#178765612
0!
0(
00

#178833429
1!
1(
10
b111101 2

#178901246
0!
0(
00

#178969063
1!
1(
10
b111100 2

#179036880
0!
0(
00

#179104697
1!
1(
10
b111011 2

#179172514
0!
0(
00

#179240331
1!
1(
10
b111010 2

#179308148
0!
0(
00

#179375965
1!
1(
10
b111001 2

#179443782
0!
0(
00

#179511599
1!
1(
10
b111000 2

#179579416
0!
0(
00

#179647233
1!
1(
10
b110111 2

#179715050
0!
0(
00

#179782867
1!
1(
10
b110110 2

#179850684
0!
0(
00

#179918501
1!
1(
10
b110101 2

#179986318
0!
0(
00

#180054135
1!
1(
10
b110100 2

#180121952
0!
0(
00

#180189769
1!
1(
10
b110011 2

#180257586
0!
0(
00

#180325403
1!
1(
10
b110010 2

#180393220
0!
0(
00

#180461037
1!
1(
10
b110001 2

#180528854
0!
0(
00

#180596671
1!
1(
10
b110000 2

#180664488
0!
0(
00

#180732305
1!
1(
10
b101111 2

#180800122
0!
0(
00

#180867939
1!
1(
10
b101110 2

#180935756
0!
0(
00

#181003573
1!
1(
10
b101101 2

#181071390
0!
0(
00

#181139207
1!
1(
10
b101100 2

#181207024
0!
0(
00

#181274841
1!
1(
10
b101011 2

#181342658
0!
0(
00

#181410475
1!
1(
10
b101010 2

#181478292
0!
0(
00

#181546109
1!
1(
10
b101001 2

#181613926
0!
0(
00

#181681743
1!
1(
10
b101000 2

#181749560
0!
0(
00

#181817377
1!
1(
10
b100111 2

#181885194
0!
0(
00

#181953011
1!
1(
10
b100110 2

#182020828
0!
0(
00

#182088645
1!
1(
10
b100101 2

#182156462
0!
0(
00

#182224279
1!
1(
10
b100100 2

#182292096
0!
0(
00

#182359913
1!
1(
10
b100011 2

#182427730
0!
0(
00

#182495547
1!
1(
10
b100010 2

#182563364
0!
0(
00

#182631181
1!
1(
10
b100001 2

#182698998
0!
0(
00

#182766815
1!
1(
10
b100000 2

#182834632
0!
0(
00

#182902449
1!
1(
10
b11111 2

#182970266
0!
0(
00

#183038083
1!
1(
10
b11110 2

#183105900
0!
0(
00

#183173717
1!
1(
10
b11101 2

#183241534
0!
0(
00

#183309351
1!
1(
10
b11100 2

#183377168
0!
0(
00

#183444985
1!
1(
10
b11011 2

#183512802
0!
0(
00

#183580619
1!
1(
10
b11010 2

#183648436
0!
0(
00

#183716253
1!
1(
10
b11001 2

#183784070
0!
0(
00

#183851887
1!
1(
10
b11000 2

#183919704
0!
0(
00

#183987521
1!
1(
10
b10111 2

#184055338
0!
0(
00

#184123155
1!
1(
10
b10110 2

#184190972
0!
0(
00

#184258789
1!
1(
10
b10101 2

#184326606
0!
0(
00

#184394423
1!
1(
10
b10100 2

#184462240
0!
0(
00

#184530057
1!
1(
10
b10011 2

#184597874
0!
0(
00

#184665691
1!
1(
10
b10010 2

#184733508
0!
0(
00

#184801325
1!
1(
10
b10001 2

#184869142
0!
0(
00

#184936959
1!
1(
10
b10000 2

#185004776
0!
0(
00

#185072593
1!
1(
10
b1111 2

#185140410
0!
0(
00

#185208227
1!
1(
10
b1110 2

#185276044
0!
0(
00

#185343861
1!
1(
10
b1101 2

#185411678
0!
0(
00

#185479495
1!
1(
10
b1100 2

#185547312
0!
0(
00

#185615129
1!
1(
10
b1011 2

#185682946
0!
0(
00

#185750763
1!
1(
10
b1010 2

#185818580
0!
0(
00

#185886397
1!
1(
10
b1001 2

#185954214
0!
0(
00

#186022031
1!
1(
10
b1000 2

#186089848
0!
0(
00

#186157665
1!
1(
10
b111 2

#186225482
0!
0(
00

#186293299
1!
1(
10
b110 2

#186361116
0!
0(
00

#186428933
1!
1(
10
b101 2

#186496750
0!
0(
00

#186564567
1!
1(
10
b100 2

#186632384
0!
0(
00

#186700201
1!
1(
10
b11 2

#186768018
0!
0(
00

#186835835
1!
1(
10
b10 2

#186903652
0!
0(
00

#186971469
1!
1(
10
b1 2

#187039286
0!
0(
00

#187107103
1!
1&
1(
10
b0 2
14

#187174920
0!
0(
00

#187242737
1!
b1000010 $
1%
1(
b1000010 +
1,
b10 -
b11111111 .
b10 /
10

#187310554
0!
0(
00

#187378371
1!
b0 $
0%
0&
0'
1(
b0 +
0,
10
b1001111111 2
b1010000100 3
04

#187446188
0!
0(
00

#187514005
1!
1(
10
b1001111110 2

#187581822
0!
0(
00

#187649639
1!
1(
10
b1001111101 2

#187717456
0!
0(
00

#187785273
1!
1(
10
b1001111100 2

#187853090
0!
0(
00

#187920907
1!
1(
10
b1001111011 2

#187988724
0!
0(
00

#188056541
1!
1(
10
b1001111010 2

#188124358
0!
0(
00

#188192175
1!
1(
10
b1001111001 2

#188259992
0!
0(
00

#188327809
1!
1(
10
b1001111000 2

#188395626
0!
0(
00

#188463443
1!
1(
10
b1001110111 2

#188531260
0!
0(
00

#188599077
1!
1(
10
b1001110110 2

#188666894
0!
0(
00

#188734711
1!
1(
10
b1001110101 2

#188802528
0!
0(
00

#188870345
1!
1(
10
b1001110100 2

#188938162
0!
0(
00

#189005979
1!
1(
10
b1001110011 2

#189073796
0!
0(
00

#189141613
1!
1(
10
b1001110010 2

#189209430
0!
0(
00

#189277247
1!
1(
10
b1001110001 2

#189345064
0!
0(
00

#189412881
1!
1(
10
b1001110000 2

#189480698
0!
0(
00

#189548515
1!
1(
10
b1001101111 2

#189616332
0!
0(
00

#189684149
1!
1(
10
b1001101110 2

#189751966
0!
0(
00

#189819783
1!
1(
10
b1001101101 2

#189887600
0!
0(
00

#189955417
1!
1(
10
b1001101100 2

#190023234
0!
0(
00

#190091051
1!
1(
10
b1001101011 2

#190158868
0!
0(
00

#190226685
1!
1(
10
b1001101010 2

#190294502
0!
0(
00

#190362319
1!
1(
10
b1001101001 2

#190430136
0!
0(
00

#190497953
1!
1(
10
b1001101000 2

#190565770
0!
0(
00

#190633587
1!
1(
10
b1001100111 2

#190701404
0!
0(
00

#190769221
1!
1(
10
b1001100110 2

#190837038
0!
0(
00

#190904855
1!
1(
10
b1001100101 2

#190972672
0!
0(
00

#191040489
1!
1(
10
b1001100100 2

#191108306
0!
0(
00

#191176123
1!
1(
10
b1001100011 2

#191243940
0!
0(
00

#191311757
1!
1(
10
b1001100010 2

#191379574
0!
0(
00

#191447391
1!
1(
10
b1001100001 2

#191515208
0!
0(
00

#191583025
1!
1(
10
b1001100000 2

#191650842
0!
0(
00

#191718659
1!
1(
10
b1001011111 2

#191786476
0!
0(
00

#191854293
1!
1(
10
b1001011110 2

#191922110
0!
0(
00

#191989927
1!
1(
10
b1001011101 2

#192057744
0!
0(
00

#192125561
1!
1(
10
b1001011100 2

#192193378
0!
0(
00

#192261195
1!
1(
10
b1001011011 2

#192329012
0!
0(
00

#192396829
1!
1(
10
b1001011010 2

#192464646
0!
0(
00

#192532463
1!
1(
10
b1001011001 2

#192600280
0!
0(
00

#192668097
1!
1(
10
b1001011000 2

#192735914
0!
0(
00

#192803731
1!
1(
10
b1001010111 2

#192871548
0!
0(
00

#192939365
1!
1(
10
b1001010110 2

#193007182
0!
0(
00

#193074999
1!
1(
10
b1001010101 2

#193142816
0!
0(
00

#193210633
1!
1(
10
b1001010100 2

#193278450
0!
0(
00

#193346267
1!
1(
10
b1001010011 2

#193414084
0!
0(
00

#193481901
1!
1(
10
b1001010010 2

#193549718
0!
0(
00

#193617535
1!
1(
10
b1001010001 2

#193685352
0!
0(
00

#193753169
1!
1(
10
b1001010000 2

#193820986
0!
0(
00

#193888803
1!
1(
10
b1001001111 2

#193956620
0!
0(
00

#194024437
1!
1(
10
b1001001110 2

#194092254
0!
0(
00

#194160071
1!
1(
10
b1001001101 2

#194227888
0!
0(
00

#194295705
1!
1(
10
b1001001100 2

#194363522
0!
0(
00

#194431339
1!
1(
10
b1001001011 2

#194499156
0!
0(
00

#194566973
1!
1(
10
b1001001010 2

#194634790
0!
0(
00

#194702607
1!
1(
10
b1001001001 2

#194770424
0!
0(
00

#194838241
1!
1(
10
b1001001000 2

#194906058
0!
0(
00

#194973875
1!
1(
10
b1001000111 2

#195041692
0!
0(
00

#195109509
1!
1(
10
b1001000110 2

#195177326
0!
0(
00

#195245143
1!
1(
10
b1001000101 2

#195312960
0!
0(
00

#195380777
1!
1(
10
b1001000100 2

#195448594
0!
0(
00

#195516411
1!
1(
10
b1001000011 2

#195584228
0!
0(
00

#195652045
1!
1(
10
b1001000010 2

#195719862
0!
0(
00

#195787679
1!
1(
10
b1001000001 2

#195855496
0!
0(
00

#195923313
1!
1(
10
b1001000000 2
14

#195991130
0!
0(
00

#196058947
1!
1(
10
b1000111111 2
b101000010 3
04

#196126764
0!
0(
00

#196194581
1!
1(
10
b1000111110 2

#196262398
0!
0(
00

#196330215
1!
1(
10
b1000111101 2

#196398032
0!
0(
00

#196465849
1!
1(
10
b1000111100 2

#196533666
0!
0(
00

#196601483
1!
1(
10
b1000111011 2

#196669300
0!
0(
00

#196737117
1!
1(
10
b1000111010 2

#196804934
0!
0(
00

#196872751
1!
1(
10
b1000111001 2

#196940568
0!
0(
00

#197008385
1!
1(
10
b1000111000 2

#197076202
0!
0(
00

#197144019
1!
1(
10
b1000110111 2

#197211836
0!
0(
00

#197279653
1!
1(
10
b1000110110 2

#197347470
0!
0(
00

#197415287
1!
1(
10
b1000110101 2

#197483104
0!
0(
00

#197550921
1!
1(
10
b1000110100 2

#197618738
0!
0(
00

#197686555
1!
1(
10
b1000110011 2

#197754372
0!
0(
00

#197822189
1!
1(
10
b1000110010 2

#197890006
0!
0(
00

#197957823
1!
1(
10
b1000110001 2

#198025640
0!
0(
00

#198093457
1!
1(
10
b1000110000 2

#198161274
0!
0(
00

#198229091
1!
1(
10
b1000101111 2

#198296908
0!
0(
00

#198364725
1!
1(
10
b1000101110 2

#198432542
0!
0(
00

#198500359
1!
1(
10
b1000101101 2

#198568176
0!
0(
00

#198635993
1!
1(
10
b1000101100 2

#198703810
0!
0(
00

#198771627
1!
1(
10
b1000101011 2

#198839444
0!
0(
00

#198907261
1!
1(
10
b1000101010 2

#198975078
0!
0(
00

#199042895
1!
1(
10
b1000101001 2

#199110712
0!
0(
00

#199178529
1!
1(
10
b1000101000 2

#199246346
0!
0(
00

#199314163
1!
1(
10
b1000100111 2

#199381980
0!
0(
00

#199449797
1!
1(
10
b1000100110 2

#199517614
0!
0(
00

#199585431
1!
1(
10
b1000100101 2

#199653248
0!
0(
00

#199721065
1!
1(
10
b1000100100 2

#199788882
0!
0(
00

#199856699
1!
1(
10
b1000100011 2

#199924516
0!
0(
00

#199992333
1!
1(
10
b1000100010 2

#200060150
0!
0(
00

#200127967
1!
1(
10
b1000100001 2

#200195784
0!
0(
00

#200263601
1!
1(
10
b1000100000 2

#200331418
0!
0(
00

#200399235
1!
1(
10
b1000011111 2

#200467052
0!
0(
00

#200534869
1!
1(
10
b1000011110 2

#200602686
0!
0(
00

#200670503
1!
1(
10
b1000011101 2

#200738320
0!
0(
00

#200806137
1!
1(
10
b1000011100 2

#200873954
0!
0(
00

#200941771
1!
1(
10
b1000011011 2

#201009588
0!
0(
00

#201077405
1!
1(
10
b1000011010 2

#201145222
0!
0(
00

#201213039
1!
1(
10
b1000011001 2

#201280856
0!
0(
00

#201348673
1!
1(
10
b1000011000 2

#201416490
0!
0(
00

#201484307
1!
1(
10
b1000010111 2

#201552124
0!
0(
00

#201619941
1!
1(
10
b1000010110 2

#201687758
0!
0(
00

#201755575
1!
1(
10
b1000010101 2

#201823392
0!
0(
00

#201891209
1!
1(
10
b1000010100 2

#201959026
0!
0(
00

#202026843
1!
1(
10
b1000010011 2

#202094660
0!
0(
00

#202162477
1!
1(
10
b1000010010 2

#202230294
0!
0(
00

#202298111
1!
1(
10
b1000010001 2

#202365928
0!
0(
00

#202433745
1!
1(
10
b1000010000 2

#202501562
0!
0(
00

#202569379
1!
1(
10
b1000001111 2

#202637196
0!
0(
00

#202705013
1!
1(
10
b1000001110 2

#202772830
0!
0(
00

#202840647
1!
1(
10
b1000001101 2

#202908464
0!
0(
00

#202976281
1!
1(
10
b1000001100 2

#203044098
0!
0(
00

#203111915
1!
1(
10
b1000001011 2

#203179732
0!
0(
00

#203247549
1!
1(
10
b1000001010 2

#203315366
0!
0(
00

#203383183
1!
1(
10
b1000001001 2

#203451000
0!
0(
00

#203518817
1!
1(
10
b1000001000 2

#203586634
0!
0(
00

#203654451
1!
1(
10
b1000000111 2

#203722268
0!
0(
00

#203790085
1!
1(
10
b1000000110 2

#203857902
0!
0(
00

#203925719
1!
1(
10
b1000000101 2

#203993536
0!
0(
00

#204061353
1!
1(
10
b1000000100 2

#204129170
0!
0(
00

#204196987
1!
1(
10
b1000000011 2

#204264804
0!
0(
00

#204332621
1!
1(
10
b1000000010 2

#204400438
0!
0(
00

#204468255
1!
1(
10
b1000000001 2

#204536072
0!
0(
00

#204603889
1!
1(
10
b1000000000 2
14

#204671706
0!
0(
00

#204739523
1!
1'
1(
10
b111111111 2
b10100001 3
04

#204807340
0!
0(
00

#204875157
1!
1(
10
b111111110 2

#204942974
0!
0(
00

#205010791
1!
1(
10
b111111101 2

#205078608
0!
0(
00

#205146425
1!
1(
10
b111111100 2

#205214242
0!
0(
00

#205282059
1!
1(
10
b111111011 2

#205349876
0!
0(
00

#205417693
1!
1(
10
b111111010 2

#205485510
0!
0(
00

#205553327
1!
1(
10
b111111001 2

#205621144
0!
0(
00

#205688961
1!
1(
10
b111111000 2

#205756778
0!
0(
00

#205824595
1!
1(
10
b111110111 2

#205892412
0!
0(
00

#205960229
1!
1(
10
b111110110 2

#206028046
0!
0(
00

#206095863
1!
1(
10
b111110101 2

#206163680
0!
0(
00

#206231497
1!
1(
10
b111110100 2

#206299314
0!
0(
00

#206367131
1!
1(
10
b111110011 2

#206434948
0!
0(
00

#206502765
1!
1(
10
b111110010 2

#206570582
0!
0(
00

#206638399
1!
1(
10
b111110001 2

#206706216
0!
0(
00

#206774033
1!
1(
10
b111110000 2

#206841850
0!
0(
00

#206909667
1!
1(
10
b111101111 2

#206977484
0!
0(
00

#207045301
1!
1(
10
b111101110 2

#207113118
0!
0(
00

#207180935
1!
1(
10
b111101101 2

#207248752
0!
0(
00

#207316569
1!
1(
10
b111101100 2

#207384386
0!
0(
00

#207452203
1!
1(
10
b111101011 2

#207520020
0!
0(
00

#207587837
1!
1(
10
b111101010 2

#207655654
0!
0(
00

#207723471
1!
1(
10
b111101001 2

#207791288
0!
0(
00

#207859105
1!
1(
10
b111101000 2

#207926922
0!
0(
00

#207994739
1!
1(
10
b111100111 2

#208062556
0!
0(
00

#208130373
1!
1(
10
b111100110 2

#208198190
0!
0(
00

#208266007
1!
1(
10
b111100101 2

#208333824
0!
0(
00

#208401641
1!
1(
10
b111100100 2

#208469458
0!
0(
00

#208537275
1!
1(
10
b111100011 2

#208605092
0!
0(
00

#208672909
1!
1(
10
b111100010 2

#208740726
0!
0(
00

#208808543
1!
1(
10
b111100001 2

#208876360
0!
0(
00

#208944177
1!
1(
10
b111100000 2

#209011994
0!
0(
00

#209079811
1!
1(
10
b111011111 2

#209147628
0!
0(
00

#209215445
1!
1(
10
b111011110 2

#209283262
0!
0(
00

#209351079
1!
1(
10
b111011101 2

#209418896
0!
0(
00

#209486713
1!
1(
10
b111011100 2

#209554530
0!
0(
00

#209622347
1!
1(
10
b111011011 2

#209690164
0!
0(
00

#209757981
1!
1(
10
b111011010 2

#209825798
0!
0(
00

#209893615
1!
1(
10
b111011001 2

#209961432
0!
0(
00

#210029249
1!
1(
10
b111011000 2

#210097066
0!
0(
00

#210164883
1!
1(
10
b111010111 2

#210232700
0!
0(
00

#210300517
1!
1(
10
b111010110 2

#210368334
0!
0(
00

#210436151
1!
1(
10
b111010101 2

#210503968
0!
0(
00

#210571785
1!
1(
10
b111010100 2

#210639602
0!
0(
00

#210707419
1!
1(
10
b111010011 2

#210775236
0!
0(
00

#210843053
1!
1(
10
b111010010 2

#210910870
0!
0(
00

#210978687
1!
1(
10
b111010001 2

#211046504
0!
0(
00

#211114321
1!
1(
10
b111010000 2

#211182138
0!
0(
00

#211249955
1!
1(
10
b111001111 2

#211317772
0!
0(
00

#211385589
1!
1(
10
b111001110 2

#211453406
0!
0(
00

#211521223
1!
1(
10
b111001101 2

#211589040
0!
0(
00

#211656857
1!
1(
10
b111001100 2

#211724674
0!
0(
00

#211792491
1!
1(
10
b111001011 2

#211860308
0!
0(
00

#211928125
1!
1(
10
b111001010 2

#211995942
0!
0(
00

#212063759
1!
1(
10
b111001001 2

#212131576
0!
0(
00

#212199393
1!
1(
10
b111001000 2

#212267210
0!
0(
00

#212335027
1!
1(
10
b111000111 2

#212402844
0!
0(
00

#212470661
1!
1(
10
b111000110 2

#212538478
0!
0(
00

#212606295
1!
1(
10
b111000101 2

#212674112
0!
0(
00

#212741929
1!
1(
10
b111000100 2

#212809746
0!
0(
00

#212877563
1!
1(
10
b111000011 2

#212945380
0!
0(
00

#213013197
1!
1(
10
b111000010 2

#213081014
0!
0(
00

#213148831
1!
1(
10
b111000001 2

#213216648
0!
0(
00

#213284465
1!
1(
10
b111000000 2
14

#213352282
0!
0(
00

#213420099
1!
0'
1(
10
b110111111 2
b1010000 3
04

#213487916
0!
0(
00

#213555733
1!
1(
10
b110111110 2

#213623550
0!
0(
00

#213691367
1!
1(
10
b110111101 2

#213759184
0!
0(
00

#213827001
1!
1(
10
b110111100 2

#213894818
0!
0(
00

#213962635
1!
1(
10
b110111011 2

#214030452
0!
0(
00

#214098269
1!
1(
10
b110111010 2

#214166086
0!
0(
00

#214233903
1!
1(
10
b110111001 2

#214301720
0!
0(
00

#214369537
1!
1(
10
b110111000 2

#214437354
0!
0(
00

#214505171
1!
1(
10
b110110111 2

#214572988
0!
0(
00

#214640805
1!
1(
10
b110110110 2

#214708622
0!
0(
00

#214776439
1!
1(
10
b110110101 2

#214844256
0!
0(
00

#214912073
1!
1(
10
b110110100 2

#214979890
0!
0(
00

#215047707
1!
1(
10
b110110011 2

#215115524
0!
0(
00

#215183341
1!
1(
10
b110110010 2

#215251158
0!
0(
00

#215318975
1!
1(
10
b110110001 2

#215386792
0!
0(
00

#215454609
1!
1(
10
b110110000 2

#215522426
0!
0(
00

#215590243
1!
1(
10
b110101111 2

#215658060
0!
0(
00

#215725877
1!
1(
10
b110101110 2

#215793694
0!
0(
00

#215861511
1!
1(
10
b110101101 2

#215929328
0!
0(
00

#215997145
1!
1(
10
b110101100 2

#216064962
0!
0(
00

#216132779
1!
1(
10
b110101011 2

#216200596
0!
0(
00

#216268413
1!
1(
10
b110101010 2

#216336230
0!
0(
00

#216404047
1!
1(
10
b110101001 2

#216471864
0!
0(
00

#216539681
1!
1(
10
b110101000 2

#216607498
0!
0(
00

#216675315
1!
1(
10
b110100111 2

#216743132
0!
0(
00

#216810949
1!
1(
10
b110100110 2

#216878766
0!
0(
00

#216946583
1!
1(
10
b110100101 2

#217014400
0!
0(
00

#217082217
1!
1(
10
b110100100 2

#217150034
0!
0(
00

#217217851
1!
1(
10
b110100011 2

#217285668
0!
0(
00

#217353485
1!
1(
10
b110100010 2

#217421302
0!
0(
00

#217489119
1!
1(
10
b110100001 2

#217556936
0!
0(
00

#217624753
1!
1(
10
b110100000 2

#217692570
0!
0(
00

#217760387
1!
1(
10
b110011111 2

#217828204
0!
0(
00

#217896021
1!
1(
10
b110011110 2

#217963838
0!
0(
00

#218031655
1!
1(
10
b110011101 2

#218099472
0!
0(
00

#218167289
1!
1(
10
b110011100 2

#218235106
0!
0(
00

#218302923
1!
1(
10
b110011011 2

#218370740
0!
0(
00

#218438557
1!
1(
10
b110011010 2

#218506374
0!
0(
00

#218574191
1!
1(
10
b110011001 2

#218642008
0!
0(
00

#218709825
1!
1(
10
b110011000 2

#218777642
0!
0(
00

#218845459
1!
1(
10
b110010111 2

#218913276
0!
0(
00

#218981093
1!
1(
10
b110010110 2

#219048910
0!
0(
00

#219116727
1!
1(
10
b110010101 2

#219184544
0!
0(
00

#219252361
1!
1(
10
b110010100 2

#219320178
0!
0(
00

#219387995
1!
1(
10
b110010011 2

#219455812
0!
0(
00

#219523629
1!
1(
10
b110010010 2

#219591446
0!
0(
00

#219659263
1!
1(
10
b110010001 2

#219727080
0!
0(
00

#219794897
1!
1(
10
b110010000 2

#219862714
0!
0(
00

#219930531
1!
1(
10
b110001111 2

#219998348
0!
0(
00

#220066165
1!
1(
10
b110001110 2

#220133982
0!
0(
00

#220201799
1!
1(
10
b110001101 2

#220269616
0!
0(
00

#220337433
1!
1(
10
b110001100 2

#220405250
0!
0(
00

#220473067
1!
1(
10
b110001011 2

#220540884
0!
0(
00

#220608701
1!
1(
10
b110001010 2

#220676518
0!
0(
00

#220744335
1!
1(
10
b110001001 2

#220812152
0!
0(
00

#220879969
1!
1(
10
b110001000 2

#220947786
0!
0(
00

#221015603
1!
1(
10
b110000111 2

#221083420
0!
0(
00

#221151237
1!
1(
10
b110000110 2

#221219054
0!
0(
00

#221286871
1!
1(
10
b110000101 2

#221354688
0!
0(
00

#221422505
1!
1(
10
b110000100 2

#221490322
0!
0(
00

#221558139
1!
1(
10
b110000011 2

#221625956
0!
0(
00

#221693773
1!
1(
10
b110000010 2

#221761590
0!
0(
00

#221829407
1!
1(
10
b110000001 2

#221897224
0!
0(
00

#221965041
1!
1(
10
b110000000 2
14

#222032858
0!
0(
00

#222100675
1!
1(
10
b101111111 2
b101000 3
04

#222168492
0!
0(
00

#222236309
1!
1(
10
b101111110 2

#222304126
0!
0(
00

#222371943
1!
1(
10
b101111101 2

#222439760
0!
0(
00

#222507577
1!
1(
10
b101111100 2

#222575394
0!
0(
00

#222643211
1!
1(
10
b101111011 2

#222711028
0!
0(
00

#222778845
1!
1(
10
b101111010 2

#222846662
0!
0(
00

#222914479
1!
1(
10
b101111001 2

#222982296
0!
0(
00

#223050113
1!
1(
10
b101111000 2

#223117930
0!
0(
00

#223185747
1!
1(
10
b101110111 2

#223253564
0!
0(
00

#223321381
1!
1(
10
b101110110 2

#223389198
0!
0(
00

#223457015
1!
1(
10
b101110101 2

#223524832
0!
0(
00

#223592649
1!
1(
10
b101110100 2

#223660466
0!
0(
00

#223728283
1!
1(
10
b101110011 2

#223796100
0!
0(
00

#223863917
1!
1(
10
b101110010 2

#223931734
0!
0(
00

#223999551
1!
1(
10
b101110001 2

#224067368
0!
0(
00

#224135185
1!
1(
10
b101110000 2

#224203002
0!
0(
00

#224270819
1!
1(
10
b101101111 2

#224338636
0!
0(
00

#224406453
1!
1(
10
b101101110 2

#224474270
0!
0(
00

#224542087
1!
1(
10
b101101101 2

#224609904
0!
0(
00

#224677721
1!
1(
10
b101101100 2

#224745538
0!
0(
00

#224813355
1!
1(
10
b101101011 2

#224881172
0!
0(
00

#224948989
1!
1(
10
b101101010 2

#225016806
0!
0(
00

#225084623
1!
1(
10
b101101001 2

#225152440
0!
0(
00

#225220257
1!
1(
10
b101101000 2

#225288074
0!
0(
00

#225355891
1!
1(
10
b101100111 2

#225423708
0!
0(
00

#225491525
1!
1(
10
b101100110 2

#225559342
0!
0(
00

#225627159
1!
1(
10
b101100101 2

#225694976
0!
0(
00

#225762793
1!
1(
10
b101100100 2

#225830610
0!
0(
00

#225898427
1!
1(
10
b101100011 2

#225966244
0!
0(
00

#226034061
1!
1(
10
b101100010 2

#226101878
0!
0(
00

#226169695
1!
1(
10
b101100001 2

#226237512
0!
0(
00

#226305329
1!
1(
10
b101100000 2

#226373146
0!
0(
00

#226440963
1!
1(
10
b101011111 2

#226508780
0!
0(
00

#226576597
1!
1(
10
b101011110 2

#226644414
0!
0(
00

#226712231
1!
1(
10
b101011101 2

#226780048
0!
0(
00

#226847865
1!
1(
10
b101011100 2

#226915682
0!
0(
00

#226983499
1!
1(
10
b101011011 2

#227051316
0!
0(
00

#227119133
1!
1(
10
b101011010 2

#227186950
0!
0(
00

#227254767
1!
1(
10
b101011001 2

#227322584
0!
0(
00

#227390401
1!
1(
10
b101011000 2

#227458218
0!
0(
00

#227526035
1!
1(
10
b101010111 2

#227593852
0!
0(
00

#227661669
1!
1(
10
b101010110 2

#227729486
0!
0(
00

#227797303
1!
1(
10
b101010101 2

#227865120
0!
0(
00

#227932937
1!
1(
10
b101010100 2

#228000754
0!
0(
00

#228068571
1!
1(
10
b101010011 2

#228136388
0!
0(
00

#228204205
1!
1(
10
b101010010 2

#228272022
0!
0(
00

#228339839
1!
1(
10
b101010001 2

#228407656
0!
0(
00

#228475473
1!
1(
10
b101010000 2

#228543290
0!
0(
00

#228611107
1!
1(
10
b101001111 2

#228678924
0!
0(
00

#228746741
1!
1(
10
b101001110 2

#228814558
0!
0(
00

#228882375
1!
1(
10
b101001101 2

#228950192
0!
0(
00

#229018009
1!
1(
10
b101001100 2

#229085826
0!
0(
00

#229153643
1!
1(
10
b101001011 2

#229221460
0!
0(
00

#229289277
1!
1(
10
b101001010 2

#229357094
0!
0(
00

#229424911
1!
1(
10
b101001001 2

#229492728
0!
0(
00

#229560545
1!
1(
10
b101001000 2

#229628362
0!
0(
00

#229696179
1!
1(
10
b101000111 2

#229763996
0!
0(
00

#229831813
1!
1(
10
b101000110 2

#229899630
0!
0(
00

#229967447
1!
1(
10
b101000101 2

#230035264
0!
0(
00

#230103081
1!
1(
10
b101000100 2

#230170898
0!
0(
00

#230238715
1!
1(
10
b101000011 2

#230306532
0!
0(
00

#230374349
1!
1(
10
b101000010 2

#230442166
0!
0(
00

#230509983
1!
1(
10
b101000001 2

#230577800
0!
0(
00

#230645617
1!
1(
10
b101000000 2
14

#230713434
0!
0(
00

#230781251
1!
1(
10
b100111111 2
b10100 3
04

#230849068
0!
0(
00

#230916885
1!
1(
10
b100111110 2

#230984702
0!
0(
00

#231052519
1!
1(
10
b100111101 2

#231120336
0!
0(
00

#231188153
1!
1(
10
b100111100 2

#231255970
0!
0(
00

#231323787
1!
1(
10
b100111011 2

#231391604
0!
0(
00

#231459421
1!
1(
10
b100111010 2

#231527238
0!
0(
00

#231595055
1!
1(
10
b100111001 2

#231662872
0!
0(
00

#231730689
1!
1(
10
b100111000 2

#231798506
0!
0(
00

#231866323
1!
1(
10
b100110111 2

#231934140
0!
0(
00

#232001957
1!
1(
10
b100110110 2

#232069774
0!
0(
00

#232137591
1!
1(
10
b100110101 2

#232205408
0!
0(
00

#232273225
1!
1(
10
b100110100 2

#232341042
0!
0(
00

#232408859
1!
1(
10
b100110011 2

#232476676
0!
0(
00

#232544493
1!
1(
10
b100110010 2

#232612310
0!
0(
00

#232680127
1!
1(
10
b100110001 2

#232747944
0!
0(
00

#232815761
1!
1(
10
b100110000 2

#232883578
0!
0(
00

#232951395
1!
1(
10
b100101111 2

#233019212
0!
0(
00

#233087029
1!
1(
10
b100101110 2

#233154846
0!
0(
00

#233222663
1!
1(
10
b100101101 2

#233290480
0!
0(
00

#233358297
1!
1(
10
b100101100 2

#233426114
0!
0(
00

#233493931
1!
1(
10
b100101011 2

#233561748
0!
0(
00

#233629565
1!
1(
10
b100101010 2

#233697382
0!
0(
00

#233765199
1!
1(
10
b100101001 2

#233833016
0!
0(
00

#233900833
1!
1(
10
b100101000 2

#233968650
0!
0(
00

#234036467
1!
1(
10
b100100111 2

#234104284
0!
0(
00

#234172101
1!
1(
10
b100100110 2

#234239918
0!
0(
00

#234307735
1!
1(
10
b100100101 2

#234375552
0!
0(
00

#234443369
1!
1(
10
b100100100 2

#234511186
0!
0(
00

#234579003
1!
1(
10
b100100011 2

#234646820
0!
0(
00

#234714637
1!
1(
10
b100100010 2

#234782454
0!
0(
00

#234850271
1!
1(
10
b100100001 2

#234918088
0!
0(
00

#234985905
1!
1(
10
b100100000 2

#235053722
0!
0(
00

#235121539
1!
1(
10
b100011111 2

#235189356
0!
0(
00

#235257173
1!
1(
10
b100011110 2

#235324990
0!
0(
00

#235392807
1!
1(
10
b100011101 2

#235460624
0!
0(
00

#235528441
1!
1(
10
b100011100 2

#235596258
0!
0(
00

#235664075
1!
1(
10
b100011011 2

#235731892
0!
0(
00

#235799709
1!
1(
10
b100011010 2

#235867526
0!
0(
00

#235935343
1!
1(
10
b100011001 2

#236003160
0!
0(
00

#236070977
1!
1(
10
b100011000 2

#236138794
0!
0(
00

#236206611
1!
1(
10
b100010111 2

#236274428
0!
0(
00

#236342245
1!
1(
10
b100010110 2

#236410062
0!
0(
00

#236477879
1!
1(
10
b100010101 2

#236545696
0!
0(
00

#236613513
1!
1(
10
b100010100 2

#236681330
0!
0(
00

#236749147
1!
1(
10
b100010011 2

#236816964
0!
0(
00

#236884781
1!
1(
10
b100010010 2

#236952598
0!
0(
00

#237020415
1!
1(
10
b100010001 2

#237088232
0!
0(
00

#237156049
1!
1(
10
b100010000 2

#237223866
0!
0(
00

#237291683
1!
1(
10
b100001111 2

#237359500
0!
0(
00

#237427317
1!
1(
10
b100001110 2

#237495134
0!
0(
00

#237562951
1!
1(
10
b100001101 2

#237630768
0!
0(
00

#237698585
1!
1(
10
b100001100 2

#237766402
0!
0(
00

#237834219
1!
1(
10
b100001011 2

#237902036
0!
0(
00

#237969853
1!
1(
10
b100001010 2

#238037670
0!
0(
00

#238105487
1!
1(
10
b100001001 2

#238173304
0!
0(
00

#238241121
1!
1(
10
b100001000 2

#238308938
0!
0(
00

#238376755
1!
1(
10
b100000111 2

#238444572
0!
0(
00

#238512389
1!
1(
10
b100000110 2

#238580206
0!
0(
00

#238648023
1!
1(
10
b100000101 2

#238715840
0!
0(
00

#238783657
1!
1(
10
b100000100 2

#238851474
0!
0(
00

#238919291
1!
1(
10
b100000011 2

#238987108
0!
0(
00

#239054925
1!
1(
10
b100000010 2

#239122742
0!
0(
00

#239190559
1!
1(
10
b100000001 2

#239258376
0!
0(
00

#239326193
1!
1(
10
b100000000 2
14

#239394010
0!
0(
00

#239461827
1!
1(
10
b11111111 2
b1010 3
04

#239529644
0!
0(
00

#239597461
1!
1(
10
b11111110 2

#239665278
0!
0(
00

#239733095
1!
1(
10
b11111101 2

#239800912
0!
0(
00

#239868729
1!
1(
10
b11111100 2

#239936546
0!
0(
00

#240004363
1!
1(
10
b11111011 2

#240072180
0!
0(
00

#240139997
1!
1(
10
b11111010 2

#240207814
0!
0(
00

#240275631
1!
1(
10
b11111001 2

#240343448
0!
0(
00

#240411265
1!
1(
10
b11111000 2

#240479082
0!
0(
00

#240546899
1!
1(
10
b11110111 2

#240614716
0!
0(
00

#240682533
1!
1(
10
b11110110 2

#240750350
0!
0(
00

#240818167
1!
1(
10
b11110101 2

#240885984
0!
0(
00

#240953801
1!
1(
10
b11110100 2

#241021618
0!
0(
00

#241089435
1!
1(
10
b11110011 2

#241157252
0!
0(
00

#241225069
1!
1(
10
b11110010 2

#241292886
0!
0(
00

#241360703
1!
1(
10
b11110001 2

#241428520
0!
0(
00

#241496337
1!
1(
10
b11110000 2

#241564154
0!
0(
00

#241631971
1!
1(
10
b11101111 2

#241699788
0!
0(
00

#241767605
1!
1(
10
b11101110 2

#241835422
0!
0(
00

#241903239
1!
1(
10
b11101101 2

#241971056
0!
0(
00

#242038873
1!
1(
10
b11101100 2

#242106690
0!
0(
00

#242174507
1!
1(
10
b11101011 2

#242242324
0!
0(
00

#242310141
1!
1(
10
b11101010 2

#242377958
0!
0(
00

#242445775
1!
1(
10
b11101001 2

#242513592
0!
0(
00

#242581409
1!
1(
10
b11101000 2

#242649226
0!
0(
00

#242717043
1!
1(
10
b11100111 2

#242784860
0!
0(
00

#242852677
1!
1(
10
b11100110 2

#242920494
0!
0(
00

#242988311
1!
1(
10
b11100101 2

#243056128
0!
0(
00

#243123945
1!
1(
10
b11100100 2

#243191762
0!
0(
00

#243259579
1!
1(
10
b11100011 2

#243327396
0!
0(
00

#243395213
1!
1(
10
b11100010 2

#243463030
0!
0(
00

#243530847
1!
1(
10
b11100001 2

#243598664
0!
0(
00

#243666481
1!
1(
10
b11100000 2

#243734298
0!
0(
00

#243802115
1!
1(
10
b11011111 2

#243869932
0!
0(
00

#243937749
1!
1(
10
b11011110 2

#244005566
0!
0(
00

#244073383
1!
1(
10
b11011101 2

#244141200
0!
0(
00

#244209017
1!
1(
10
b11011100 2

#244276834
0!
0(
00

#244344651
1!
1(
10
b11011011 2

#244412468
0!
0(
00

#244480285
1!
1(
10
b11011010 2

#244548102
0!
0(
00

#244615919
1!
1(
10
b11011001 2

#244683736
0!
0(
00

#244751553
1!
1(
10
b11011000 2

#244819370
0!
0(
00

#244887187
1!
1(
10
b11010111 2

#244955004
0!
0(
00

#245022821
1!
1(
10
b11010110 2

#245090638
0!
0(
00

#245158455
1!
1(
10
b11010101 2

#245226272
0!
0(
00

#245294089
1!
1(
10
b11010100 2

#245361906
0!
0(
00

#245429723
1!
1(
10
b11010011 2

#245497540
0!
0(
00

#245565357
1!
1(
10
b11010010 2

#245633174
0!
0(
00

#245700991
1!
1(
10
b11010001 2

#245768808
0!
0(
00

#245836625
1!
1(
10
b11010000 2

#245904442
0!
0(
00

#245972259
1!
1(
10
b11001111 2

#246040076
0!
0(
00

#246107893
1!
1(
10
b11001110 2

#246175710
0!
0(
00

#246243527
1!
1(
10
b11001101 2

#246311344
0!
0(
00

#246379161
1!
1(
10
b11001100 2

#246446978
0!
0(
00

#246514795
1!
1(
10
b11001011 2

#246582612
0!
0(
00

#246650429
1!
1(
10
b11001010 2

#246718246
0!
0(
00

#246786063
1!
1(
10
b11001001 2

#246853880
0!
0(
00

#246921697
1!
1(
10
b11001000 2

#246989514
0!
0(
00

#247057331
1!
1(
10
b11000111 2

#247125148
0!
0(
00

#247192965
1!
1(
10
b11000110 2

#247260782
0!
0(
00

#247328599
1!
1(
10
b11000101 2

#247396416
0!
0(
00

#247464233
1!
1(
10
b11000100 2

#247532050
0!
0(
00

#247599867
1!
1(
10
b11000011 2

#247667684
0!
0(
00

#247735501
1!
1(
10
b11000010 2

#247803318
0!
0(
00

#247871135
1!
1(
10
b11000001 2

#247938952
0!
0(
00

#248006769
1!
1(
10
b11000000 2
14

#248074586
0!
0(
00

#248142403
1!
1'
1(
10
b10111111 2
b101 3
04

#248210220
0!
0(
00

#248278037
1!
1(
10
b10111110 2

#248345854
0!
0(
00

#248413671
1!
1(
10
b10111101 2

#248481488
0!
0(
00

#248549305
1!
1(
10
b10111100 2

#248617122
0!
0(
00

#248684939
1!
1(
10
b10111011 2

#248752756
0!
0(
00

#248820573
1!
1(
10
b10111010 2

#248888390
0!
0(
00

#248956207
1!
1(
10
b10111001 2

#249024024
0!
0(
00

#249091841
1!
1(
10
b10111000 2

#249159658
0!
0(
00

#249227475
1!
1(
10
b10110111 2

#249295292
0!
0(
00

#249363109
1!
1(
10
b10110110 2

#249430926
0!
0(
00

#249498743
1!
1(
10
b10110101 2

#249566560
0!
0(
00

#249634377
1!
1(
10
b10110100 2

#249702194
0!
0(
00

#249770011
1!
1(
10
b10110011 2

#249837828
0!
0(
00

#249905645
1!
1(
10
b10110010 2

#249973462
0!
0(
00

#250041279
1!
1(
10
b10110001 2

#250109096
0!
0(
00

#250176913
1!
1(
10
b10110000 2

#250244730
0!
0(
00

#250312547
1!
1(
10
b10101111 2

#250380364
0!
0(
00

#250448181
1!
1(
10
b10101110 2

#250515998
0!
0(
00

#250583815
1!
1(
10
b10101101 2

#250651632
0!
0(
00

#250719449
1!
1(
10
b10101100 2

#250787266
0!
0(
00

#250855083
1!
1(
10
b10101011 2

#250922900
0!
0(
00

#250990717
1!
1(
10
b10101010 2

#251058534
0!
0(
00

#251126351
1!
1(
10
b10101001 2

#251194168
0!
0(
00

#251261985
1!
1(
10
b10101000 2

#251329802
0!
0(
00

#251397619
1!
1(
10
b10100111 2

#251465436
0!
0(
00

#251533253
1!
1(
10
b10100110 2

#251601070
0!
0(
00

#251668887
1!
1(
10
b10100101 2

#251736704
0!
0(
00

#251804521
1!
1(
10
b10100100 2

#251872338
0!
0(
00

#251940155
1!
1(
10
b10100011 2

#252007972
0!
0(
00

#252075789
1!
1(
10
b10100010 2

#252143606
0!
0(
00

#252211423
1!
1(
10
b10100001 2

#252279240
0!
0(
00

#252347057
1!
1(
10
b10100000 2

#252414874
0!
0(
00

#252482691
1!
1(
10
b10011111 2

#252550508
0!
0(
00

#252618325
1!
1(
10
b10011110 2

#252686142
0!
0(
00

#252753959
1!
1(
10
b10011101 2

#252821776
0!
0(
00

#252889593
1!
1(
10
b10011100 2

#252957410
0!
0(
00

#253025227
1!
1(
10
b10011011 2

#253093044
0!
0(
00

#253160861
1!
1(
10
b10011010 2

#253228678
0!
0(
00

#253296495
1!
1(
10
b10011001 2

#253364312
0!
0(
00

#253432129
1!
1(
10
b10011000 2

#253499946
0!
0(
00

#253567763
1!
1(
10
b10010111 2

#253635580
0!
0(
00

#253703397
1!
1(
10
b10010110 2

#253771214
0!
0(
00

#253839031
1!
1(
10
b10010101 2

#253906848
0!
0(
00

#253974665
1!
1(
10
b10010100 2

#254042482
0!
0(
00

#254110299
1!
1(
10
b10010011 2

#254178116
0!
0(
00

#254245933
1!
1(
10
b10010010 2

#254313750
0!
0(
00

#254381567
1!
1(
10
b10010001 2

#254449384
0!
0(
00

#254517201
1!
1(
10
b10010000 2

#254585018
0!
0(
00

#254652835
1!
1(
10
b10001111 2

#254720652
0!
0(
00

#254788469
1!
1(
10
b10001110 2

#254856286
0!
0(
00

#254924103
1!
1(
10
b10001101 2

#254991920
0!
0(
00

#255059737
1!
1(
10
b10001100 2

#255127554
0!
0(
00

#255195371
1!
1(
10
b10001011 2

#255263188
0!
0(
00

#255331005
1!
1(
10
b10001010 2

#255398822
0!
0(
00

#255466639
1!
1(
10
b10001001 2

#255534456
0!
0(
00

#255602273
1!
1(
10
b10001000 2

#255670090
0!
0(
00

#255737907
1!
1(
10
b10000111 2

#255805724
0!
0(
00

#255873541
1!
1(
10
b10000110 2

#255941358
0!
0(
00

#256009175
1!
1(
10
b10000101 2

#256076992
0!
0(
00

#256144809
1!
1(
10
b10000100 2

#256212626
0!
0(
00

#256280443
1!
1(
10
b10000011 2

#256348260
0!
0(
00

#256416077
1!
1(
10
b10000010 2

#256483894
0!
0(
00

#256551711
1!
1(
10
b10000001 2

#256619528
0!
0(
00

#256687345
1!
1(
10
b10000000 2
14

#256755162
0!
0(
00

#256822979
1!
0'
1(
10
b1111111 2
b10 3
04

#256890796
0!
0(
00

#256958613
1!
1(
10
b1111110 2

#257026430
0!
0(
00

#257094247
1!
1(
10
b1111101 2

#257162064
0!
0(
00

#257229881
1!
1(
10
b1111100 2

#257297698
0!
0(
00

#257365515
1!
1(
10
b1111011 2

#257433332
0!
0(
00

#257501149
1!
1(
10
b1111010 2

#257568966
0!
0(
00

#257636783
1!
1(
10
b1111001 2

#257704600
0!
0(
00

#257772417
1!
1(
10
b1111000 2

#257840234
0!
0(
00

#257908051
1!
1(
10
b1110111 2

#257975868
0!
0(
00

#258043685
1!
1(
10
b1110110 2

#258111502
0!
0(
00

#258179319
1!
1(
10
b1110101 2

#258247136
0!
0(
00

#258314953
1!
1(
10
b1110100 2

#258382770
0!
0(
00

#258450587
1!
1(
10
b1110011 2

#258518404
0!
0(
00

#258586221
1!
1(
10
b1110010 2

#258654038
0!
0(
00

#258721855
1!
1(
10
b1110001 2

#258789672
0!
0(
00

#258857489
1!
1(
10
b1110000 2

#258925306
0!
0(
00

#258993123
1!
1(
10
b1101111 2

#259060940
0!
0(
00

#259128757
1!
1(
10
b1101110 2

#259196574
0!
0(
00

#259264391
1!
1(
10
b1101101 2

#259332208
0!
0(
00

#259400025
1!
1(
10
b1101100 2

#259467842
0!
0(
00

#259535659
1!
1(
10
b1101011 2

#259603476
0!
0(
00

#259671293
1!
1(
10
b1101010 2

#259739110
0!
0(
00

#259806927
1!
1(
10
b1101001 2

#259874744
0!
0(
00

#259942561
1!
1(
10
b1101000 2

#260010378
0!
0(
00

#260078195
1!
1(
10
b1100111 2

#260146012
0!
0(
00

#260213829
1!
1(
10
b1100110 2

#260281646
0!
0(
00

#260349463
1!
1(
10
b1100101 2

#260417280
0!
0(
00

#260485097
1!
1(
10
b1100100 2

#260552914
0!
0(
00

#260620731
1!
1(
10
b1100011 2

#260688548
0!
0(
00

#260756365
1!
1(
10
b1100010 2

#260824182
0!
0(
00

#260891999
1!
1(
10
b1100001 2

#260959816
0!
0(
00

#261027633
1!
1(
10
b1100000 2

#261095450
0!
0(
00

#261163267
1!
1(
10
b1011111 2

#261231084
0!
0(
00

#261298901
1!
1(
10
b1011110 2

#261366718
0!
0(
00

#261434535
1!
1(
10
b1011101 2

#261502352
0!
0(
00

#261570169
1!
1(
10
b1011100 2

#261637986
0!
0(
00

#261705803
1!
1(
10
b1011011 2

#261773620
0!
0(
00

#261841437
1!
1(
10
b1011010 2

#261909254
0!
0(
00

#261977071
1!
1(
10
b1011001 2

#262044888
0!
0(
00

#262112705
1!
1(
10
b1011000 2

#262180522
0!
0(
00

#262248339
1!
1(
10
b1010111 2

#262316156
0!
0(
00

#262383973
1!
1(
10
b1010110 2

#262451790
0!
0(
00

#262519607
1!
1(
10
b1010101 2

#262587424
0!
0(
00

#262655241
1!
1(
10
b1010100 2

#262723058
0!
0(
00

#262790875
1!
1(
10
b1010011 2

#262858692
0!
0(
00

#262926509
1!
1(
10
b1010010 2

#262994326
0!
0(
00

#263062143
1!
1(
10
b1010001 2

#263129960
0!
0(
00

#263197777
1!
1(
10
b1010000 2

#263265594
0!
0(
00

#263333411
1!
1(
10
b1001111 2

#263401228
0!
0(
00

#263469045
1!
1(
10
b1001110 2

#263536862
0!
0(
00

#263604679
1!
1(
10
b1001101 2

#263672496
0!
0(
00

#263740313
1!
1(
10
b1001100 2

#263808130
0!
0(
00

#263875947
1!
1(
10
b1001011 2

#263943764
0!
0(
00

#264011581
1!
1(
10
b1001010 2

#264079398
0!
0(
00

#264147215
1!
1(
10
b1001001 2

#264215032
0!
0(
00

#264282849
1!
1(
10
b1001000 2

#264350666
0!
0(
00

#264418483
1!
1(
10
b1000111 2

#264486300
0!
0(
00

#264554117
1!
1(
10
b1000110 2

#264621934
0!
0(
00

#264689751
1!
1(
10
b1000101 2

#264757568
0!
0(
00

#264825385
1!
1(
10
b1000100 2

#264893202
0!
0(
00

#264961019
1!
1(
10
b1000011 2

#265028836
0!
0(
00

#265096653
1!
1(
10
b1000010 2

#265164470
0!
0(
00

#265232287
1!
1(
10
b1000001 2

#265300104
0!
0(
00

#265367921
1!
1(
10
b1000000 2
14

#265435738
0!
0(
00

#265503555
1!
1'
1(
10
b111111 2
b1 3
04

#265571372
0!
0(
00

#265639189
1!
1(
10
b111110 2

#265707006
0!
0(
00

#265774823
1!
1(
10
b111101 2

#265842640
0!
0(
00

#265910457
1!
1(
10
b111100 2

#265978274
0!
0(
00

#266046091
1!
1(
10
b111011 2

#266113908
0!
0(
00

#266181725
1!
1(
10
b111010 2

#266249542
0!
0(
00

#266317359
1!
1(
10
b111001 2

#266385176
0!
0(
00

#266452993
1!
1(
10
b111000 2

#266520810
0!
0(
00

#266588627
1!
1(
10
b110111 2

#266656444
0!
0(
00

#266724261
1!
1(
10
b110110 2

#266792078
0!
0(
00

#266859895
1!
1(
10
b110101 2

#266927712
0!
0(
00

#266995529
1!
1(
10
b110100 2

#267063346
0!
0(
00

#267131163
1!
1(
10
b110011 2

#267198980
0!
0(
00

#267266797
1!
1(
10
b110010 2

#267334614
0!
0(
00

#267402431
1!
1(
10
b110001 2

#267470248
0!
0(
00

#267538065
1!
1(
10
b110000 2

#267605882
0!
0(
00

#267673699
1!
1(
10
b101111 2

#267741516
0!
0(
00

#267809333
1!
1(
10
b101110 2

#267877150
0!
0(
00

#267944967
1!
1(
10
b101101 2

#268012784
0!
0(
00

#268080601
1!
1(
10
b101100 2

#268148418
0!
0(
00

#268216235
1!
1(
10
b101011 2

#268284052
0!
0(
00

#268351869
1!
1(
10
b101010 2

#268419686
0!
0(
00

#268487503
1!
1(
10
b101001 2

#268555320
0!
0(
00

#268623137
1!
1(
10
b101000 2

#268690954
0!
0(
00

#268758771
1!
1(
10
b100111 2

#268826588
0!
0(
00

#268894405
1!
1(
10
b100110 2

#268962222
0!
0(
00

#269030039
1!
1(
10
b100101 2

#269097856
0!
0(
00

#269165673
1!
1(
10
b100100 2

#269233490
0!
0(
00

#269301307
1!
1(
10
b100011 2

#269369124
0!
0(
00

#269436941
1!
1(
10
b100010 2

#269504758
0!
0(
00

#269572575
1!
1(
10
b100001 2

#269640392
0!
0(
00

#269708209
1!
1(
10
b100000 2

#269776026
0!
0(
00

#269843843
1!
1(
10
b11111 2

#269911660
0!
0(
00

#269979477
1!
1(
10
b11110 2

#270047294
0!
0(
00

#270115111
1!
1(
10
b11101 2

#270182928
0!
0(
00

#270250745
1!
1(
10
b11100 2

#270318562
0!
0(
00

#270386379
1!
1(
10
b11011 2

#270454196
0!
0(
00

#270522013
1!
1(
10
b11010 2

#270589830
0!
0(
00

#270657647
1!
1(
10
b11001 2

#270725464
0!
0(
00

#270793281
1!
1(
10
b11000 2

#270861098
0!
0(
00

#270928915
1!
1(
10
b10111 2

#270996732
0!
0(
00

#271064549
1!
1(
10
b10110 2

#271132366
0!
0(
00

#271200183
1!
1(
10
b10101 2

#271268000
0!
0(
00

#271335817
1!
1(
10
b10100 2

#271403634
0!
0(
00

#271471451
1!
1(
10
b10011 2

#271539268
0!
0(
00

#271607085
1!
1(
10
b10010 2

#271674902
0!
0(
00

#271742719
1!
1(
10
b10001 2

#271810536
0!
0(
00

#271878353
1!
1(
10
b10000 2

#271946170
0!
0(
00

#272013987
1!
1(
10
b1111 2

#272081804
0!
0(
00

#272149621
1!
1(
10
b1110 2

#272217438
0!
0(
00

#272285255
1!
1(
10
b1101 2

#272353072
0!
0(
00

#272420889
1!
1(
10
b1100 2

#272488706
0!
0(
00

#272556523
1!
1(
10
b1011 2

#272624340
0!
0(
00

#272692157
1!
1(
10
b1010 2

#272759974
0!
0(
00

#272827791
1!
1(
10
b1001 2

#272895608
0!
0(
00

#272963425
1!
1(
10
b1000 2

#273031242
0!
0(
00

#273099059
1!
1(
10
b111 2

#273166876
0!
0(
00

#273234693
1!
1(
10
b110 2

#273302510
0!
0(
00

#273370327
1!
1(
10
b101 2

#273438144
0!
0(
00

#273505961
1!
1(
10
b100 2

#273573778
0!
0(
00

#273641595
1!
1(
10
b11 2

#273709412
0!
0(
00

#273777229
1!
1(
10
b10 2

#273845046
0!
0(
00

#273912863
1!
1(
10
b1 2

#273980680
0!
0(
00

#274048497
1!
1&
1(
10
b0 2
14

#274116314
0!
0(
00

#274184131
1!
1(
10

#274251948
0!
0(
00

#274319765
1!
1(
10

#274387582
0!
0(
00

#274455399
1!
1(
10

#274523216
0!
0(
00

#274591033
1!
1(
10

#274658850
0!
0(
00

#274726667
1!
1(
10

#274794484
0!
0(
00

#274862301
1!
1(
10

#274930118
0!
0(
00

#274997935
1!
1(
10

#275065752
0!
0(
00

#275133569
1!
1(
10

#275201386
0!
0(
00

#275269203
1!
1(
10

#275337020
0!
0(
00

#275404837
1!
1(
10

#275472654
0!
0(
00

#275540471
1!
1(
10

#275608288
0!
0(
00

#275676105
1!
1(
10

#275743922
0!
0(
00

#275811739
1!
1(
10

#275879556
0!
0(
00

#275947373
1!
1(
10

#276015190
0!
0(
00

#276083007
1!
1(
10

#276150824
0!
0(
00

#276218641
1!
1(
10

#276286458
0!
0(
00

#276354275
1!
1(
10

#276422092
0!
0(
00

#276489909
1!
1(
10

#276557726
0!
0(
00

#276625543
1!
1(
10

#276693360
0!
0(
00

#276761177
1!
1(
10

#276828994
0!
0(
00

#276896811
1!
1(
10

#276964628
0!
0(
00

#277032445
1!
1(
10

#277100262
0!
0(
00

#277168079
1!
1(
10

#277235896
0!
0(
00

#277303713
1!
1(
10

#277371530
0!
0(
00

#277439347
1!
1(
10

#277507164
0!
0(
00

#277574981
1!
1(
10

#277642798
0!
0(
00

#277710615
1!
1(
10

#277778432
0!
0(
00

#277846249
1!
1(
10

#277914066
0!
0(
00

#277981883
1!
1(
10

#278049700
0!
0(
00

#278117517
1!
1(
10

#278185334
0!
0(
00

#278253151
1!
1(
10

#278320968
0!
0(
00

#278388785
1!
1(
10

#278456602
0!
0(
00

#278524419
1!
1(
10

#278592236
0!
0(
00

#278660053
1!
1(
10

#278727870
0!
0(
00

#278795687
1!
1(
10

#278863504
0!
0(
00

#278931321
1!
1(
10

#278999138
0!
0(
00

#279066955
1!
1(
10

#279134772
0!
0(
00

#279202589
1!
1(
10

#279270406
0!
0(
00

#279338223
1!
1(
10

#279406040
0!
0(
00

#279473857
1!
1(
10

#279541674
0!
0(
00

#279609491
1!
1(
10

#279677308
0!
0(
00

#279745125
1!
1(
10

#279812942
0!
0(
00

#279880759
1!
1(
10

#279948576
0!
0(
00

#280016393
1!
1(
10

#280084210
0!
0(
00

#280152027
1!
1(
10

#280219844
0!
0(
00

#280287661
1!
1(
10

#280355478
0!
0(
00

#280423295
1!
1(
10

#280491112
0!
0(
00

#280558929
1!
1(
10

#280626746
0!
0(
00

#280694563
1!
1(
10

#280762380
0!
0(
00

#280830197
1!
1(
10

#280898014
0!
0(
00

#280965831
1!
1(
10

#281033648
0!
0(
00

#281101465
1!
1(
10

#281169282
0!
0(
00

#281237099
1!
1(
10

#281304916
0!
0(
00

#281372733
1!
1(
10

#281440550
0!
0(
00

#281508367
1!
1(
10

#281576184
0!
0(
00

#281644001
1!
1(
10

#281711818
0!
0(
00

#281779635
1!
1(
10

#281847452
0!
0(
00

#281915269
1!
1(
10

#281983086
0!
0(
00

#282050903
1!
1(
10

#282118720
0!
0(
00

#282186537
1!
1(
10

#282254354
0!
0(
00

#282322171
1!
1(
10

#282389988
0!
0(
00

#282457805
1!
1(
10

#282525622
0!
0(
00

#282593439
1!
1(
10

#282661256
0!
0(
00

#282729073
1!
1(
10

#282796890
0!
0(
00

#282864707
1!
1(
10

#282932524
0!
0(
00

#283000341
1!
1(
10

#283068158
0!
0(
00

#283135975
1!
1(
10

#283203792
0!
0(
00

#283271609
1!
1(
10

#283339426
0!
0(
00

#283407243
1!
1(
10

#283475060
0!
0(
00

#283542877
1!
1(
10

#283610694
0!
0(
00

#283678511
1!
1(
10

#283746328
0!
0(
00

#283814145
1!
1(
10

#283881962
0!
0(
00

#283949779
1!
1(
10

#284017596
0!
0(
00

#284085413
1!
1(
10

#284153230
0!
0(
00

#284221047
1!
1(
10

#284288864
0!
0(
00

#284356681
1!
1(
10

#284424498
0!
0(
00

#284492315
1!
1(
10

#284560132
0!
0(
00

#284627949
1!
1(
10

#284695766
0!
0(
00

#284763583
1!
1(
10

#284831400
0!
0(
00

#284899217
1!
1(
10

#284967034
0!
0(
00

#285034851
1!
1(
10

#285102668
0!
0(
00

#285170485
1!
1(
10

#285238302
0!
0(
00

#285306119
1!
1(
10

#285373936
0!
0(
00

#285441753
1!
1(
10

#285509570
0!
0(
00

#285577387
1!
1(
10

#285645204
0!
0(
00

#285713021
1!
1(
10

#285780838
0!
0(
00

#285848655
1!
1(
10

#285916472
0!
0(
00

#285984289
1!
1(
10

#286052106
0!
0(
00

#286119923
1!
1(
10

#286187740
0!
0(
00

#286255557
1!
1(
10

#286323374
0!
0(
00

#286391191
1!
1(
10

#286459008
0!
0(
00

#286526825
1!
1(
10

#286594642
0!
0(
00

#286662459
1!
1(
10

#286730276
0!
0(
00

#286798093
1!
1(
10

#286865910
0!
0(
00

#286933727
1!
1(
10

#287001544
0!
0(
00

#287069361
1!
1(
10

#287137178
0!
0(
00

#287204995
1!
1(
10

#287272812
0!
0(
00

#287340629
1!
1(
10

#287408446
0!
0(
00

#287476263
1!
1(
10

#287544080
0!
0(
00

#287611897
1!
1(
10

#287679714
0!
0(
00

#287747531
1!
1(
10

#287815348
0!
0(
00

#287883165
1!
1(
10

#287950982
0!
0(
00

#288018799
1!
1(
10

#288086616
0!
0(
00

#288154433
1!
1(
10

#288222250
0!
0(
00

#288290067
1!
1(
10

#288357884
0!
0(
00

#288425701
1!
1(
10

#288493518
0!
0(
00

#288561335
1!
1(
10

#288629152
0!
0(
00

#288696969
1!
1(
10

#288764786
0!
0(
00

#288832603
1!
1(
10

#288900420
0!
0(
00

#288968237
1!
1(
10

#289036054
0!
0(
00

#289103871
1!
1(
10

#289171688
0!
0(
00

#289239505
1!
1(
10

#289307322
0!
0(
00

#289375139
1!
1(
10

#289442956
0!
0(
00

#289510773
1!
1(
10

#289578590
0!
0(
00

#289646407
1!
1(
10

#289714224
0!
0(
00

#289782041
1!
1(
10

#289849858
0!
0(
00

#289917675
1!
1(
10

#289985492
0!
0(
00

#290053309
1!
1(
10

#290121126
0!
0(
00

#290188943
1!
1(
10

#290256760
0!
0(
00

#290324577
1!
1(
10

#290392394
0!
0(
00

#290460211
1!
1(
10

#290528028
0!
0(
00

#290595845
1!
1(
10

#290663662
0!
0(
00

#290731479
1!
1(
10

#290799296
0!
0(
00

#290867113
1!
1(
10

#290934930
0!
0(
00

#291002747
1!
1(
10

#291070564
0!
0(
00

#291138381
1!
1(
10

#291206198
0!
0(
00

#291274015
1!
1(
10

#291341832
0!
0(
00

#291409649
1!
1(
10

#291477466
0!
0(
00

#291545283
1!
1(
10

#291613100
0!
0(
00

#291680917
1!
1(
10

#291748734
0!
0(
00

#291816551
1!
1(
10

#291884368
0!
0(
00

#291952185
1!
1(
10

#292020002
0!
0(
00

#292087819
1!
1(
10

#292155636
0!
0(
00

#292223453
1!
1(
10

#292291270
0!
0(
00

#292359087
1!
1(
10

#292426904
0!
0(
00

#292494721
1!
1(
10

#292562538
0!
0(
00

#292630355
1!
1(
10

#292698172
0!
0(
00

#292765989
1!
1(
10

#292833806
0!
0(
00

#292901623
1!
1(
10

#292969440
0!
0(
00

#293037257
1!
1(
10

#293105074
0!
0(
00

#293172891
1!
1(
10

#293240708
0!
0(
00

#293308525
1!
1(
10

#293376342
0!
0(
00

#293444159
1!
1(
10

#293511976
0!
0(
00

#293579793
1!
1(
10

#293647610
0!
0(
00

#293715427
1!
1(
10

#293783244
0!
0(
00

#293851061
1!
1(
10

#293918878
0!
0(
00

#293986695
1!
1(
10

#294054512
0!
0(
00

#294122329
1!
1(
10

#294190146
0!
0(
00

#294257963
1!
1(
10

#294325780
0!
0(
00

#294393597
1!
1(
10

#294461414
0!
0(
00

#294529231
1!
1(
10

#294597048
0!
0(
00

#294664865
1!
1(
10

#294732682
0!
0(
00

#294800499
1!
1(
10

#294868316
0!
0(
00

#294936133
1!
1(
10

#295003950
0!
0(
00

#295071767
1!
1(
10

#295139584
0!
0(
00

#295207401
1!
1(
10

#295275218
0!
0(
00

#295343035
1!
1(
10

#295410852
0!
0(
00

#295478669
1!
1(
10

#295546486
0!
0(
00

#295614303
1!
1(
10

#295682120
0!
0(
00

#295749937
1!
1(
10

#295817754
0!
0(
00

#295885571
1!
1(
10

#295953388
0!
0(
00

#296021205
1!
1(
10

#296089022
0!
0(
00

#296156839
1!
1(
10

#296224656
0!
0(
00

#296292473
1!
1(
10

#296360290
0!
0(
00

#296428107
1!
1(
10

#296495924
0!
0(
00

#296563741
1!
1(
10

#296631558
0!
0(
00

#296699375
1!
1(
10

#296767192
0!
0(
00

#296835009
1!
1(
10

#296902826
0!
0(
00

#296970643
1!
1(
10

#297038460
0!
0(
00

#297106277
1!
1(
10

#297174094
0!
0(
00

#297241911
1!
1(
10

#297309728
0!
0(
00

#297377545
1!
1(
10

#297445362
0!
0(
00

#297513179
1!
1(
10

#297580996
0!
0(
00

#297648813
1!
1(
10

#297716630
0!
0(
00

#297784447
1!
1(
10

#297852264
0!
0(
00

#297920081
1!
1(
10

#297987898
0!
0(
00

#298055715
1!
1(
10

#298123532
0!
0(
00

#298191349
1!
1(
10

#298259166
0!
0(
00

#298326983
1!
1(
10

#298394800
0!
0(
00

#298462617
1!
1(
10

#298530434
0!
0(
00

#298598251
1!
1(
10

#298666068
0!
0(
00

#298733885
1!
1(
10

#298801702
0!
0(
00

#298869519
1!
1(
10

#298937336
0!
0(
00

#299005153
1!
1(
10

#299072970
0!
0(
00

#299140787
1!
1(
10

#299208604
0!
0(
00

#299276421
1!
1(
10

#299344238
0!
0(
00

#299412055
1!
1(
10

#299479872
0!
0(
00

#299547689
1!
1(
10

#299615506
0!
0(
00

#299683323
1!
1(
10

#299751140
0!
0(
00

#299818957
1!
1(
10

#299886774
0!
0(
00

#299954591
1!
1(
10

#300022408
0!
0(
00

#300090225
1!
1(
10

#300158042
0!
0(
00

#300225859
1!
1(
10

#300293676
0!
0(
00

#300361493
1!
1(
10

#300429310
0!
0(
00

#300497127
1!
1(
10

#300564944
0!
0(
00

#300632761
1!
1(
10

#300700578
0!
0(
00

#300768395
1!
1(
10

#300836212
0!
0(
00

#300904029
1!
1(
10

#300971846
0!
0(
00

#301039663
1!
1(
10

#301107480
0!
0(
00

#301175297
1!
1(
10

#301243114
0!
0(
00

#301310931
1!
1(
10

#301378748
0!
0(
00

#301446565
1!
1(
10

#301514382
0!
0(
00

#301582199
1!
1(
10

#301650016
0!
0(
00

#301717833
1!
1(
10

#301785650
0!
0(
00

#301853467
1!
1(
10

#301921284
0!
0(
00

#301989101
1!
1(
10

#302056918
0!
0(
00

#302124735
1!
1(
10

#302192552
0!
0(
00

#302260369
1!
1(
10

#302328186
0!
0(
00

#302396003
1!
1(
10

#302463820
0!
0(
00

#302531637
1!
1(
10

#302599454
0!
0(
00

#302667271
1!
1(
10

#302735088
0!
0(
00

#302802905
1!
1(
10

#302870722
0!
0(
00

#302938539
1!
1(
10

#303006356
0!
0(
00

#303074173
1!
1(
10

#303141990
0!
0(
00

#303209807
1!
1(
10

#303277624
0!
0(
00

#303345441
1!
1(
10

#303413258
0!
0(
00

#303481075
1!
1(
10

#303548892
0!
0(
00

#303616709
1!
1(
10

#303684526
0!
0(
00

#303752343
1!
1(
10

#303820160
0!
0(
00

#303887977
1!
1(
10

#303955794
0!
0(
00

#304023611
1!
1(
10

#304091428
0!
0(
00

#304159245
1!
1(
10

#304227062
0!
0(
00

#304294879
1!
1(
10

#304362696
0!
0(
00

#304430513
1!
1(
10

#304498330
0!
0(
00

#304566147
1!
1(
10

#304633964
0!
0(
00

#304701781
1!
1(
10

#304769598
0!
0(
00

#304837415
1!
1(
10

#304905232
0!
0(
00

#304973049
1!
1(
10

#305040866
0!
0(
00

#305108683
1!
1(
10

#305176500
0!
0(
00

#305244317
1!
1(
10

#305312134
0!
0(
00

#305379951
1!
1(
10

#305447768
0!
0(
00

#305515585
1!
1(
10

#305583402
0!
0(
00

#305651219
1!
1(
10

#305719036
0!
0(
00

#305786853
1!
1(
10

#305854670
0!
0(
00

#305922487
1!
1(
10

#305990304
0!
0(
00

#306058121
1!
1(
10

#306125938
0!
0(
00

#306193755
1!
1(
10

#306261572
0!
0(
00

#306329389
1!
1(
10

#306397206
0!
0(
00

#306465023
1!
1(
10

#306532840
0!
0(
00

#306600657
1!
1(
10

#306668474
0!
0(
00

#306736291
1!
1(
10

#306804108
0!
0(
00

#306871925
1!
1(
10

#306939742
0!
0(
00

#307007559
1!
1(
10

#307075376
0!
0(
00

#307143193
1!
1(
10

#307211010
0!
0(
00

#307278827
1!
1(
10

#307346644
0!
0(
00

#307414461
1!
1(
10

#307482278
0!
0(
00

#307550095
1!
1(
10

#307617912
0!
0(
00

#307685729
1!
1(
10

#307753546
0!
0(
00

#307821363
1!
1(
10

#307889180
0!
0(
00

#307956997
1!
1(
10

#308024814
0!
0(
00

#308092631
1!
1(
10

#308160448
0!
0(
00

#308228265
1!
1(
10

#308296082
0!
0(
00

#308363899
1!
1(
10

#308431716
0!
0(
00

#308499533
1!
1(
10

#308567350
0!
0(
00

#308635167
1!
1(
10

#308702984
0!
0(
00

#308770801
1!
1(
10

#308838618
0!
0(
00

#308906435
1!
1(
10

#308974252
0!
0(
00

#309042069
1!
1(
10

#309109886
0!
0(
00

#309177703
1!
1(
10

#309245520
0!
0(
00

#309313337
1!
1(
10

#309381154
0!
0(
00

#309448971
1!
1(
10

#309516788
0!
0(
00

#309584605
1!
1(
10

#309652422
0!
0(
00

#309720239
1!
1(
10

#309788056
0!
0(
00

#309855873
1!
1(
10

#309923690
0!
0(
00

#309991507
1!
1(
10

#310059324
0!
0(
00

#310127141
1!
1(
10

#310194958
0!
0(
00

#310262775
1!
1(
10

#310330592
0!
0(
00

#310398409
1!
1(
10

#310466226
0!
0(
00

#310534043
1!
1(
10

#310601860
0!
0(
00

#310669677
1!
1(
10

#310737494
0!
0(
00

#310805311
1!
1(
10

#310873128
0!
0(
00

#310940945
1!
1(
10

#311008762
0!
0(
00

#311076579
1!
1(
10

#311144396
0!
0(
00

#311212213
1!
1(
10

#311280030
0!
0(
00

#311347847
1!
1(
10

#311415664
0!
0(
00

#311483481
1!
1(
10

#311551298
0!
0(
00

#311619115
1!
1(
10

#311686932
0!
0(
00

#311754749
1!
1(
10

#311822566
0!
0(
00

#311890383
1!
1(
10

#311958200
0!
0(
00

#312026017
1!
1(
10

#312093834
0!
0(
00

#312161651
1!
1(
10

#312229468
0!
0(
00

#312297285
1!
1(
10

#312365102
0!
0(
00

#312432919
1!
1(
10

#312500736
0!
0(
00

#312568553
1!
1(
10

#312636370
0!
0(
00

#312704187
1!
1(
10

#312772004
0!
0(
00

#312839821
1!
1(
10

#312907638
0!
0(
00

#312975455
1!
1(
10

#313043272
0!
0(
00

#313111089
1!
1(
10

#313178906
0!
0(
00

#313246723
1!
1(
10

#313314540
0!
0(
00

#313382357
1!
1(
10

#313450174
0!
0(
00

#313517991
1!
1(
10

#313585808
0!
0(
00

#313653625
1!
1(
10

#313721442
0!
0(
00

#313789259
1!
1(
10

#313857076
0!
0(
00

#313924893
1!
1(
10

#313992710
0!
0(
00

#314060527
1!
1(
10

#314128344
0!
0(
00

#314196161
1!
1(
10

#314263978
0!
0(
00

#314331795
1!
1(
10

#314399612
0!
0(
00

#314467429
1!
1(
10

#314535246
0!
0(
00

#314603063
1!
1(
10

#314670880
0!
0(
00

#314738697
1!
1(
10

#314806514
0!
0(
00

#314874331
1!
1(
10

#314942148
0!
0(
00

#315009965
1!
1(
10

#315077782
0!
0(
00

#315145599
1!
1(
10

#315213416
0!
0(
00

#315281233
1!
1(
10

#315349050
0!
0(
00

#315416867
1!
1(
10

#315484684
0!
0(
00

#315552501
1!
1(
10

#315620318
0!
0(
00

#315688135
1!
1(
10

#315755952
0!
0(
00

#315823769
1!
1(
10

#315891586
0!
0(
00

#315959403
1!
1(
10

#316027220
0!
0(
00

#316095037
1!
1(
10

#316162854
0!
0(
00

#316230671
1!
1(
10

#316298488
0!
0(
00

#316366305
1!
1(
10

#316434122
0!
0(
00

#316501939
1!
1(
10

#316569756
0!
0(
00

#316637573
1!
1(
10

#316705390
0!
0(
00

#316773207
1!
1(
10

#316841024
0!
0(
00

#316908841
1!
1(
10

#316976658
0!
0(
00

#317044475
1!
1(
10

#317112292
0!
0(
00

#317180109
1!
1(
10

#317247926
0!
0(
00

#317315743
1!
1(
10

#317383560
0!
0(
00

#317451377
1!
1(
10

#317519194
0!
0(
00

#317587011
1!
1(
10

#317654828
0!
0(
00

#317722645
1!
1(
10

#317790462
0!
0(
00

#317858279
1!
1(
10

#317926096
0!
0(
00

#317993913
1!
1(
10

#318061730
0!
0(
00

#318129547
1!
1(
10

#318197364
0!
0(
00

#318265181
1!
1(
10

#318332998
0!
0(
00

#318400815
1!
1(
10

#318468632
0!
0(
00

#318536449
1!
1(
10

#318604266
0!
0(
00

#318672083
1!
1(
10

#318739900
0!
0(
00

#318807717
1!
1(
10

#318875534
0!
0(
00

#318943351
1!
1(
10

#319011168
0!
0(
00

#319078985
1!
1(
10

#319146802
0!
0(
00

#319214619
1!
1(
10

#319282436
0!
0(
00

#319350253
1!
1(
10

#319418070
0!
0(
00

#319485887
1!
1(
10

#319553704
0!
0(
00

#319621521
1!
1(
10

#319689338
0!
0(
00

#319757155
1!
1(
10

#319824972
0!
0(
00

#319892789
1!
1(
10

#319960606
0!
0(
00

#320028423
1!
1(
10

#320096240
0!
0(
00

#320164057
1!
1(
10

#320231874
0!
0(
00

#320299691
1!
1(
10

#320367508
0!
0(
00

#320435325
1!
1(
10

#320503142
0!
0(
00

#320570959
1!
1(
10

#320638776
0!
0(
00

#320706593
1!
1(
10

#320774410
0!
0(
00

#320842227
1!
1(
10

#320910044
0!
0(
00

#320977861
1!
1(
10

#321045678
0!
0(
00

#321113495
1!
1(
10

#321181312
0!
0(
00

#321249129
1!
1(
10

#321316946
0!
0(
00

#321384763
1!
1(
10

#321452580
0!
0(
00

#321520397
1!
1(
10

#321588214
0!
0(
00

#321656031
1!
1(
10

#321723848
0!
0(
00

#321791665
1!
1(
10

#321859482
0!
0(
00

#321927299
1!
1(
10

#321995116
0!
0(
00

#322062933
1!
1(
10

#322130750
0!
0(
00

#322198567
1!
1(
10

#322266384
0!
0(
00

#322334201
1!
1(
10

#322402018
0!
0(
00

#322469835
1!
1(
10

#322537652
0!
0(
00

#322605469
1!
1(
10

#322673286
0!
0(
00

#322741103
1!
1(
10

#322808920
0!
0(
00

#322876737
1!
1(
10

#322944554
0!
0(
00

#323012371
1!
1(
10

#323080188
0!
0(
00

#323148005
1!
1(
10

#323215822
0!
0(
00

#323283639
1!
1(
10

#323351456
0!
0(
00

#323419273
1!
1(
10

#323487090
0!
0(
00

#323554907
1!
1(
10

#323622724
0!
0(
00

#323690541
1!
1(
10

#323758358
0!
0(
00

#323826175
1!
1(
10

#323893992
0!
0(
00

#323961809
1!
1(
10

#324029626
0!
0(
00

#324097443
1!
1(
10

#324165260
0!
0(
00

#324233077
1!
1(
10

#324300894
0!
0(
00

#324368711
1!
1(
10

#324436528
0!
0(
00

#324504345
1!
1(
10

#324572162
0!
0(
00

#324639979
1!
1(
10

#324707796
0!
0(
00

#324775613
1!
1(
10

#324843430
0!
0(
00

#324911247
1!
1(
10

#324979064
0!
0(
00

#325046881
1!
1(
10

#325114698
0!
0(
00

#325182515
1!
1(
10

#325250332
0!
0(
00

#325318149
1!
1(
10

#325385966
0!
0(
00

#325453783
1!
1(
10

#325521600
0!
0(
00

#325589417
1!
1(
10

#325657234
0!
0(
00

#325725051
1!
1(
10

#325792868
0!
0(
00

#325860685
1!
1(
10

#325928502
0!
0(
00

#325996319
1!
1(
10

#326064136
0!
0(
00

#326131953
1!
1(
10

#326199770
0!
0(
00

#326267587
1!
1(
10

#326335404
0!
0(
00

#326403221
1!
1(
10

#326471038
0!
0(
00

#326538855
1!
1(
10

#326606672
0!
0(
00

#326674489
1!
1(
10

#326742306
0!
0(
00

#326810123
1!
1(
10

#326877940
0!
0(
00

#326945757
1!
1(
10

#327013574
0!
0(
00

#327081391
1!
1(
10

#327149208
0!
0(
00

#327217025
1!
1(
10

#327284842
0!
0(
00

#327352659
1!
1(
10

#327420476
0!
0(
00

#327488293
1!
1(
10

#327556110
0!
0(
00

#327623927
1!
1(
10

#327691744
0!
0(
00

#327759561
1!
1(
10

#327827378
0!
0(
00

#327895195
1!
1(
10

#327963012
0!
0(
00

#328030829
1!
1(
10

#328098646
0!
0(
00

#328166463
1!
1(
10

#328234280
0!
0(
00

#328302097
1!
1(
10

#328369914
0!
0(
00

#328437731
1!
1(
10

#328505548
0!
0(
00

#328573365
1!
1(
10

#328641182
0!
0(
00

#328708999
1!
1(
10

#328776816
0!
0(
00

#328844633
1!
1(
10

#328912450
0!
0(
00

#328980267
1!
1(
10

#329048084
0!
0(
00

#329115901
1!
1(
10

#329183718
0!
0(
00

#329251535
1!
1(
10

#329319352
0!
0(
00

#329387169
1!
1(
10

#329454986
0!
0(
00

#329522803
1!
1(
10

#329590620
0!
0(
00

#329658437
1!
1(
10

#329726254
0!
0(
00

#329794071
1!
1(
10

#329861888
0!
0(
00

#329929705
1!
1(
10

#329997522
0!
0(
00

#330065339
1!
1(
10

#330133156
0!
0(
00

#330200973
1!
1(
10

#330268790
0!
0(
00

#330336607
1!
1(
10

#330404424
0!
0(
00

#330472241
1!
1(
10

#330540058
0!
0(
00

#330607875
1!
1(
10

#330675692
0!
0(
00

#330743509
1!
1(
10

#330811326
0!
0(
00

#330879143
1!
1(
10

#330946960
0!
0(
00

#331014777
1!
1(
10

#331082594
0!
0(
00

#331150411
1!
1(
10

#331218228
0!
0(
00

#331286045
1!
1(
10

#331353862
0!
0(
00

#331421679
1!
1(
10

#331489496
0!
0(
00

#331557313
1!
1(
10

#331625130
0!
0(
00

#331692947
1!
1(
10

#331760764
0!
0(
00

#331828581
1!
1(
10

#331896398
0!
0(
00

#331964215
1!
1(
10

#332032032
0!
0(
00

#332099849
1!
1(
10

#332167666
0!
0(
00

#332235483
1!
1(
10

#332303300
0!
0(
00

#332371117
1!
1(
10

#332438934
0!
0(
00

#332506751
1!
1(
10

#332574568
0!
0(
00

#332642385
1!
1(
10

#332710202
0!
0(
00

#332778019
1!
1(
10

#332845836
0!
0(
00

#332913653
1!
1(
10

#332981470
0!
0(
00

#333049287
1!
1(
10

#333117104
0!
0(
00

#333184921
1!
1(
10

#333252738
0!
0(
00

#333320555
1!
1(
10

#333388372
0!
0(
00

#333456189
1!
1(
10

#333524006
0!
0(
00

#333591823
1!
1(
10

#333659640
0!
0(
00

#333727457
1!
1(
10

#333795274
0!
0(
00

#333863091
1!
1(
10

#333930908
0!
0(
00

#333998725
1!
1(
10

#334066542
0!
0(
00

#334134359
1!
1(
10

#334202176
0!
0(
00

#334269993
1!
1(
10

#334337810
0!
0(
00

#334405627
1!
1(
10

#334473444
0!
0(
00

#334541261
1!
1(
10

#334609078
0!
0(
00

#334676895
1!
1(
10

#334744712
0!
0(
00

#334812529
1!
1(
10

#334880346
0!
0(
00

#334948163
1!
1(
10

#335015980
0!
0(
00

#335083797
1!
1(
10

#335151614
0!
0(
00

#335219431
1!
1(
10

#335287248
0!
0(
00

#335355065
1!
1(
10

#335422882
0!
0(
00

#335490699
1!
1(
10

#335558516
0!
0(
00

#335626333
1!
1(
10

#335694150
0!
0(
00

#335761967
1!
1(
10

#335829784
0!
0(
00

#335897601
1!
1(
10

#335965418
0!
0(
00

#336033235
1!
1(
10

#336101052
0!
0(
00

#336168869
1!
1(
10

#336236686
0!
0(
00

#336304503
1!
1(
10

#336372320
0!
0(
00

#336440137
1!
1(
10

#336507954
0!
0(
00

#336575771
1!
1(
10

#336643588
0!
0(
00

#336711405
1!
1(
10

#336779222
0!
0(
00

#336847039
1!
1(
10

#336914856
0!
0(
00

#336982673
1!
1(
10

#337050490
0!
0(
00

#337118307
1!
1(
10

#337186124
0!
0(
00

#337253941
1!
1(
10

#337321758
0!
0(
00

#337389575
1!
1(
10

#337457392
0!
0(
00

#337525209
1!
1(
10

#337593026
0!
0(
00

#337660843
1!
1(
10

#337728660
0!
0(
00

#337796477
1!
1(
10

#337864294
0!
0(
00

#337932111
1!
1(
10

#337999928
0!
0(
00

#338067745
1!
1(
10

#338135562
0!
0(
00

#338203379
1!
1(
10

#338271196
0!
0(
00

#338339013
1!
1(
10

#338406830
0!
0(
00

#338474647
1!
1(
10

#338542464
0!
0(
00

#338610281
1!
1(
10

#338678098
0!
0(
00

#338745915
1!
1(
10

#338813732
0!
0(
00

#338881549
1!
1(
10

#338949366
0!
0(
00

#339017183
1!
1(
10

#339085000
0!
0(
00

#339152817
1!
1(
10

#339220634
0!
0(
00

#339288451
1!
1(
10

#339356268
0!
0(
00

#339424085
1!
1(
10

#339491902
0!
0(
00

#339559719
1!
1(
10

#339627536
0!
0(
00

#339695353
1!
1(
10

#339763170
0!
0(
00

#339830987
1!
1(
10

#339898804
0!
0(
00

#339966621
1!
1(
10

#340034438
0!
0(
00

#340102255
1!
1(
10

#340170072
0!
0(
00

#340237889
1!
1(
10

#340305706
0!
0(
00

#340373523
1!
1(
10

#340441340
0!
0(
00

#340509157
1!
1(
10

#340576974
0!
0(
00

#340644791
1!
1(
10

#340712608
0!
0(
00

#340780425
1!
1(
10

#340848242
0!
0(
00

#340916059
1!
1(
10

#340983876
0!
0(
00

#341051693
1!
1(
10

#341119510
0!
0(
00

#341187327
1!
1(
10

#341255144
0!
0(
00

#341322961
1!
1(
10

#341390778
0!
0(
00

#341458595
1!
1(
10

#341526412
0!
0(
00

#341594229
1!
1(
10

#341662046
0!
0(
00

#341729863
1!
1(
10

#341797680
0!
0(
00

#341865497
1!
1(
10

#341933314
0!
0(
00

#342001131
1!
1(
10

#342068948
0!
0(
00

#342136765
1!
1(
10

#342204582
0!
0(
00

#342272399
1!
1(
10

#342340216
0!
0(
00

#342408033
1!
1(
10

#342475850
0!
0(
00

#342543667
1!
1(
10

#342611484
0!
0(
00

#342679301
1!
1(
10

#342747118
0!
0(
00

#342814935
1!
1(
10

#342882752
0!
0(
00

#342950569
1!
1(
10

#343018386
0!
0(
00

#343086203
1!
1(
10

#343154020
0!
0(
00

#343221837
1!
1(
10

#343289654
0!
0(
00

#343357471
1!
1(
10

#343425288
0!
0(
00

#343493105
1!
1(
10

#343560922
0!
0(
00

#343628739
1!
1(
10

#343696556
0!
0(
00

#343764373
1!
1(
10

#343832190
0!
0(
00

#343900007
1!
1(
10

#343967824
0!
0(
00

#344035641
1!
1(
10

#344103458
0!
0(
00

#344171275
1!
1(
10

#344239092
0!
0(
00

#344306909
1!
1(
10

#344374726
0!
0(
00

#344442543
1!
1(
10

#344510360
0!
0(
00

#344578177
1!
1(
10

#344645994
0!
0(
00

#344713811
1!
1(
10

#344781628
0!
0(
00

#344849445
1!
1(
10

#344917262
0!
0(
00

#344985079
1!
1(
10

#345052896
0!
0(
00

#345120713
1!
1(
10

#345188530
0!
0(
00

#345256347
1!
1(
10

#345324164
0!
0(
00

#345391981
1!
1(
10

#345459798
0!
0(
00

#345527615
1!
1(
10

#345595432
0!
0(
00

#345663249
1!
1(
10

#345731066
0!
0(
00

#345798883
1!
1(
10

#345866700
0!
0(
00

#345934517
1!
1(
10

#346002334
0!
0(
00

#346070151
1!
1(
10

#346137968
0!
0(
00

#346205785
1!
1(
10

#346273602
0!
0(
00

#346341419
1!
1(
10

#346409236
0!
0(
00

#346477053
1!
1(
10

#346544870
0!
0(
00

#346612687
1!
1(
10

#346680504
0!
0(
00

#346748321
1!
1(
10

#346816138
0!
0(
00

#346883955
1!
1(
10

#346951772
0!
0(
00

#347019589
1!
1(
10

#347087406
0!
0(
00

#347155223
1!
1(
10

#347223040
0!
0(
00

#347290857
1!
1(
10

#347358674
0!
0(
00

#347426491
1!
1(
10

#347494308
0!
0(
00

#347562125
1!
1(
10

#347629942
0!
0(
00

#347697759
1!
1(
10

#347765576
0!
0(
00

#347833393
1!
1(
10

#347901210
0!
0(
00

#347969027
1!
1(
10

#348036844
0!
0(
00

#348104661
1!
1(
10

#348172478
0!
0(
00

#348240295
1!
1(
10

#348308112
0!
0(
00

#348375929
1!
1(
10

#348443746
0!
0(
00

#348511563
1!
1(
10

#348579380
0!
0(
00

#348647197
1!
1(
10

#348715014
0!
0(
00

#348782831
1!
1(
10

#348850648
0!
0(
00

#348918465
1!
1(
10

#348986282
0!
0(
00

#349054099
1!
1(
10

#349121916
0!
0(
00

#349189733
1!
1(
10

#349257550
0!
0(
00

#349325367
1!
1(
10

#349393184
0!
0(
00

#349461001
1!
1(
10

#349528818
0!
0(
00

#349596635
1!
1(
10

#349664452
0!
0(
00

#349732269
1!
1(
10

#349800086
0!
0(
00

#349867903
1!
1(
10

#349935720
0!
0(
00

#350003537
1!
1(
10

#350071354
0!
0(
00

#350139171
1!
1(
10

#350206988
0!
0(
00

#350274805
1!
1(
10

#350342622
0!
0(
00

#350410439
1!
1(
10

#350478256
0!
0(
00

#350546073
1!
1(
10

#350613890
0!
0(
00

#350681707
1!
1(
10

#350749524
0!
0(
00

#350817341
1!
1(
10

#350885158
0!
0(
00

#350952975
1!
1(
10

#351020792
0!
0(
00

#351088609
1!
1(
10

#351156426
0!
0(
00

#351224243
1!
1(
10

#351292060
0!
0(
00

#351359877
1!
1(
10

#351427694
0!
0(
00

#351495511
1!
1(
10

#351563328
0!
0(
00

#351631145
1!
1(
10

#351698962
0!
0(
00

#351766779
1!
1(
10

#351834596
0!
0(
00

#351902413
1!
1(
10

#351970230
0!
0(
00

#352038047
1!
1(
10

#352105864
0!
0(
00

#352173681
1!
1(
10

#352241498
0!
0(
00

#352309315
1!
1(
10

#352377132
0!
0(
00

#352444949
1!
1(
10

#352512766
0!
0(
00

#352580583
1!
1(
10

#352648400
0!
0(
00

#352716217
1!
1(
10

#352784034
0!
0(
00

#352851851
1!
1(
10

#352919668
0!
0(
00

#352987485
1!
1(
10

#353055302
0!
0(
00

#353123119
1!
1(
10

#353190936
0!
0(
00

#353258753
1!
1(
10

#353326570
0!
0(
00

#353394387
1!
1(
10

#353462204
0!
0(
00

#353530021
1!
1(
10

#353597838
0!
0(
00

#353665655
1!
1(
10

#353733472
0!
0(
00

#353801289
1!
1(
10

#353869106
0!
0(
00

#353936923
1!
1(
10

#354004740
0!
0(
00

#354072557
1!
1(
10

#354140374
0!
0(
00

#354208191
1!
1(
10

#354276008
0!
0(
00

#354343825
1!
1(
10

#354411642
0!
0(
00

#354479459
1!
1(
10

#354547276
0!
0(
00

#354615093
1!
1(
10

#354682910
0!
0(
00

#354750727
1!
1(
10

#354818544
0!
0(
00

#354886361
1!
1(
10

#354954178
0!
0(
00

#355021995
1!
1(
10

#355089812
0!
0(
00

#355157629
1!
1(
10

#355225446
0!
0(
00

#355293263
1!
1(
10

#355361080
0!
0(
00

#355428897
1!
1(
10

#355496714
0!
0(
00

#355564531
1!
1(
10

#355632348
0!
0(
00

#355700165
1!
1(
10

#355767982
0!
0(
00

#355835799
1!
1(
10

#355903616
0!
0(
00

#355971433
1!
1(
10

#356039250
0!
0(
00

#356107067
1!
1(
10

#356174884
0!
0(
00

#356242701
1!
1(
10

#356310518
0!
0(
00

#356378335
1!
1(
10

#356446152
0!
0(
00

#356513969
1!
1(
10

#356581786
0!
0(
00

#356649603
1!
1(
10

#356717420
0!
0(
00

#356785237
1!
1(
10

#356853054
0!
0(
00

#356920871
1!
1(
10

#356988688
0!
0(
00

#357056505
1!
1(
10

#357124322
0!
0(
00

#357192139
1!
1(
10

#357259956
0!
0(
00

#357327773
1!
1(
10

#357395590
0!
0(
00

#357463407
1!
1(
10

#357531224
0!
0(
00

#357599041
1!
1(
10

#357666858
0!
0(
00

#357734675
1!
1(
10

#357802492
0!
0(
00

#357870309
1!
1(
10

#357938126
0!
0(
00

#358005943
1!
1(
10

#358073760
0!
0(
00

#358141577
1!
1(
10

#358209394
0!
0(
00

#358277211
1!
1(
10

#358345028
0!
0(
00

#358412845
1!
1(
10

#358480662
0!
0(
00

#358548479
1!
1(
10

#358616296
0!
0(
00

#358684113
1!
1(
10

#358751930
0!
0(
00

#358819747
1!
1(
10

#358887564
0!
0(
00

#358955381
1!
1(
10

#359023198
0!
0(
00

#359091015
1!
1(
10

#359158832
0!
0(
00

#359226649
1!
1(
10

#359294466
0!
0(
00

#359362283
1!
1(
10

#359430100
0!
0(
00

#359497917
1!
1(
10

#359565734
0!
0(
00

#359633551
1!
1(
10

#359701368
0!
0(
00

#359769185
1!
1(
10

#359837002
0!
0(
00

#359904819
1!
1(
10

#359972636
0!
0(
00

#360040453
1!
1(
10

#360108270
0!
0(
00

#360176087
1!
1(
10

#360243904
0!
0(
00

#360311721
1!
1(
10

#360379538
0!
0(
00

#360447355
1!
1(
10

#360515172
0!
0(
00

#360582989
1!
1(
10

#360650806
0!
0(
00

#360718623
1!
1(
10

#360786440
0!
0(
00

#360854257
1!
1(
10

#360922074
0!
0(
00

#360989891
1!
1(
10

#361057708
0!
0(
00

#361125525
1!
1(
10

#361193342
0!
0(
00

#361261159
1!
1(
10

#361328976
0!
0(
00

#361396793
1!
1(
10

#361464610
0!
0(
00

#361532427
1!
1(
10

#361600244
0!
0(
00

#361668061
1!
1(
10

#361735878
0!
0(
00

#361803695
1!
1(
10

#361871512
0!
0(
00

#361939329
1!
1(
10

#362007146
0!
0(
00

#362074963
1!
1(
10

#362142780
0!
0(
00

#362210597
1!
1(
10

#362278414
0!
0(
00

#362346231
1!
1(
10

#362414048
0!
0(
00

#362481865
1!
1(
10

#362549682
0!
0(
00

#362617499
1!
1(
10

#362685316
0!
0(
00

#362753133
1!
1(
10

#362820950
0!
0(
00

#362888767
1!
1(
10

#362956584
0!
0(
00

#363024401
1!
1(
10

#363092218
0!
0(
00

#363160035
1!
1(
10

#363227852
0!
0(
00

#363295669
1!
1(
10

#363363486
0!
0(
00

#363431303
1!
1(
10

#363499120
0!
0(
00

#363566937
1!
1(
10

#363634754
0!
0(
00

#363702571
1!
1(
10

#363770388
0!
0(
00

#363838205
1!
1(
10

#363906022
0!
0(
00

#363973839
1!
1(
10

#364041656
0!
0(
00

#364109473
1!
1(
10

#364177290
0!
0(
00

#364245107
1!
1(
10

#364312924
0!
0(
00

#364380741
1!
1(
10

#364448558
0!
0(
00

#364516375
1!
1(
10

#364584192
0!
0(
00

#364652009
1!
1(
10

#364719826
0!
0(
00

#364787643
1!
1(
10

#364855460
0!
0(
00

#364923277
1!
1(
10

#364991094
0!
0(
00

#365058911
1!
1(
10

#365126728
0!
0(
00

#365194545
1!
1(
10

#365262362
0!
0(
00

#365330179
1!
1(
10

#365397996
0!
0(
00

#365465813
1!
1(
10

#365533630
0!
0(
00

#365601447
1!
1(
10

#365669264
0!
0(
00

#365737081
1!
1(
10

#365804898
0!
0(
00

#365872715
1!
1(
10

#365940532
0!
0(
00

#366008349
1!
1(
10

#366076166
0!
0(
00

#366143983
1!
1(
10

#366211800
0!
0(
00

#366279617
1!
1(
10

#366347434
0!
0(
00

#366415251
1!
1(
10

#366483068
0!
0(
00

#366550885
1!
1(
10

#366618702
0!
0(
00

#366686519
1!
1(
10

#366754336
0!
0(
00

#366822153
1!
1(
10

#366889970
0!
0(
00

#366957787
1!
1(
10

#367025604
0!
0(
00

#367093421
1!
1(
10

#367161238
0!
0(
00

#367229055
1!
1(
10

#367296872
0!
0(
00

#367364689
1!
1(
10

#367432506
0!
0(
00

#367500323
1!
1(
10

#367568140
0!
0(
00

#367635957
1!
1(
10

#367703774
0!
0(
00

#367771591
1!
1(
10

#367839408
0!
0(
00

#367907225
1!
1(
10

#367975042
0!
0(
00

#368042859
1!
1(
10

#368110676
0!
0(
00

#368178493
1!
1(
10

#368246310
0!
0(
00

#368314127
1!
1(
10

#368381944
0!
0(
00

#368449761
1!
1(
10

#368517578
0!
0(
00

#368585395
1!
1(
10

#368653212
0!
0(
00

#368721029
1!
1(
10

#368788846
0!
0(
00

#368856663
1!
1(
10

#368924480
0!
0(
00

#368992297
1!
1(
10

#369060114
0!
0(
00

#369127931
1!
1(
10

#369195748
0!
0(
00

#369263565
1!
1(
10

#369331382
0!
0(
00

#369399199
1!
1(
10

#369467016
0!
0(
00

#369534833
1!
1(
10

#369602650
0!
0(
00

#369670467
1!
1(
10

#369738284
0!
0(
00

#369806101
1!
1(
10

#369873918
0!
0(
00

#369941735
1!
1(
10

#370009552
0!
0(
00

#370077369
1!
1(
10

#370145186
0!
0(
00

#370213003
1!
1(
10

#370280820
0!
0(
00

#370348637
1!
1(
10

#370416454
0!
0(
00

#370484271
1!
1(
10

#370552088
0!
0(
00

#370619905
1!
1(
10

#370687722
0!
0(
00

#370755539
1!
1(
10

#370823356
0!
0(
00

#370891173
1!
1(
10

#370958990
0!
0(
00

#371026807
1!
1(
10

#371094624
0!
0(
00

#371162441
1!
1(
10

#371230258
0!
0(
00

#371298075
1!
1(
10

#371365892
0!
0(
00

#371433709
1!
1(
10

#371501526
0!
0(
00

#371569343
1!
1(
10

#371637160
0!
0(
00

#371704977
1!
1(
10

#371772794
0!
0(
00

#371840611
1!
1(
10

#371908428
0!
0(
00

#371976245
1!
1(
10

#372044062
0!
0(
00

#372111879
1!
1(
10

#372179696
0!
0(
00

#372247513
1!
1(
10

#372315330
0!
0(
00

#372383147
1!
1(
10

#372450964
0!
0(
00

#372518781
1!
1(
10

#372586598
0!
0(
00

#372654415
1!
1(
10

#372722232
0!
0(
00

#372790049
1!
1(
10

#372857866
0!
0(
00

#372925683
1!
1(
10

#372993500
0!
0(
00

#373061317
1!
1(
10

#373129134
0!
0(
00

#373196951
1!
1(
10

#373264768
0!
0(
00

#373332585
1!
1(
10

#373400402
0!
0(
00

#373468219
1!
1(
10

#373536036
0!
0(
00

#373603853
1!
1(
10

#373671670
0!
0(
00

#373739487
1!
1(
10

#373807304
0!
0(
00

#373875121
1!
1(
10

#373942938
0!
0(
00

#374010755
1!
1(
10

#374078572
0!
0(
00

#374146389
1!
1(
10

#374214206
0!
0(
00

#374282023
1!
1(
10

#374349840
0!
0(
00

#374417657
1!
1(
10

#374485474
0!
0(
00

#374553291
1!
1(
10

#374621108
0!
0(
00

#374688925
1!
1(
10

#374756742
0!
0(
00

#374824559
1!
1(
10

#374892376
0!
0(
00

#374960193
1!
1(
10

#375028010
0!
0(
00

#375095827
1!
1(
10

#375163644
0!
0(
00

#375231461
1!
1(
10

#375299278
0!
0(
00

#375367095
1!
1(
10

#375434912
0!
0(
00

#375502729
1!
1(
10

#375570546
0!
0(
00

#375638363
1!
1(
10

#375706180
0!
0(
00

#375773997
1!
1(
10

#375841814
0!
0(
00

#375909631
1!
1(
10

#375977448
0!
0(
00

#376045265
1!
1(
10

#376113082
0!
0(
00

#376180899
1!
1(
10

#376248716
0!
0(
00

#376316533
1!
1(
10

#376384350
0!
0(
00

#376452167
1!
1(
10

#376519984
0!
0(
00

#376587801
1!
1(
10

#376655618
0!
0(
00

#376723435
1!
1(
10

#376791252
0!
0(
00

#376859069
1!
1(
10

#376926886
0!
0(
00

#376994703
1!
1(
10

#377062520
0!
0(
00

#377130337
1!
1(
10

#377198154
0!
0(
00

#377265971
1!
1(
10

#377333788
0!
0(
00

#377401605
1!
1(
10

#377469422
0!
0(
00

#377537239
1!
1(
10

#377605056
0!
0(
00

#377672873
1!
1(
10

#377740690
0!
0(
00

#377808507
1!
1(
10

#377876324
0!
0(
00

#377944141
1!
1(
10

#378011958
0!
0(
00

#378079775
1!
1(
10

#378147592
0!
0(
00

#378215409
1!
1(
10

#378283226
0!
0(
00

#378351043
1!
1(
10

#378418860
0!
0(
00

#378486677
1!
1(
10

#378554494
0!
0(
00

#378622311
1!
1(
10

#378690128
0!
0(
00

#378757945
1!
1(
10

#378825762
0!
0(
00

#378893579
1!
1(
10

#378961396
0!
0(
00

#379029213
1!
1(
10

#379097030
0!
0(
00

#379164847
1!
1(
10

#379232664
0!
0(
00

#379300481
1!
1(
10

#379368298
0!
0(
00

#379436115
1!
1(
10

#379503932
0!
0(
00

#379571749
1!
1(
10

#379639566
0!
0(
00

#379707383
1!
1(
10

#379775200
0!
0(
00

#379843017
1!
1(
10

#379910834
0!
0(
00

#379978651
1!
1(
10

#380046468
0!
0(
00

#380114285
1!
1(
10
