$date
   Thu May 14 16:53:52 2026
$end

$version
  2025.1.0
  $dumpfile ("sim_uart_tx.vcd") 
$end

$timescale
  1ps
$end

$scope module sim_uart_tx $end
$var reg 1 ! clk $end
$var reg 1 " rst_n $end
$var reg 8 # data [7:0] $end
$var reg 1 $ data_valid $end
$var wire 1 % data_ready $end
$var wire 1 & uart_tx $end
$scope module uart_tx_inst $end
$var wire 1 ' clk $end
$var wire 1 ( rst_n $end
$var wire 8 ) data [7:0] $end
$var wire 1 * data_valid $end
$var wire 1 % data_ready $end
$var wire 1 & uart_tx $end
$var reg 10 + counter [9:0] $end
$var reg 10 , data_buf [9:0] $end
$var wire 1 - counter_tx $end
$upscope $end
$upscope $end
$enddefinitions $end

#0
$dumpvars
0!
0"
b0 #
0$
1%
1&
0'
0(
b0 )
0*
b0 +
b1 ,
1-
$end

#67817
1!
1'

#135634
0!
0'

#200000
1"
1(

#203451
1!
1'

#271268
0!
0'

#339085
1!
1'

#406902
0!
0'

#474719
1!
1'

#542536
0!
0'

#610353
1!
1'

#678170
0!
0'

#745987
1!
1'

#813804
0!
0'

#881621
1!
1'

#949438
0!
0'

#1017255
1!
1'

#1085072
0!
0'

#1152889
1!
1'

#1220706
0!
0'

#1288523
1!
1'

#1356340
0!
0'

#1424157
1!
1'

#1491974
0!
0'

#1559791
1!
1'

#1627608
0!
0'

#1695425
1!
1'

#1763242
0!
0'

#1831059
1!
1'

#1898876
0!
0'

#1966693
1!
1'

#2034510
0!
0'

#2102327
1!
1'

#2170144
0!
0'

#2237961
1!
1'

#2305778
0!
0'

#2373595
1!
1'

#2441412
0!
0'

#2509229
1!
1'

#2577046
0!
0'

#2644863
1!
1'

#2712680
0!
0'

#2780497
1!
1'

#2848314
0!
0'

#2916131
1!
1'

#2983948
0!
0'

#3051765
1!
1'

#3119582
0!
0'

#3187399
1!
1'

#3255216
0!
0'

#3323033
1!
1'

#3390850
0!
0'

#3458667
1!
1'

#3526484
0!
0'

#3594301
1!
1'

#3662118
0!
0'

#3729935
1!
1'

#3797752
0!
0'

#3865569
1!
1'

#3933386
0!
0'

#4001203
1!
1'

#4069020
0!
0'

#4136837
1!
1'

#4204654
0!
0'

#4272471
1!
1'

#4340288
0!
0'

#4408105
1!
1'

#4475922
0!
0'

#4543739
1!
1'

#4611556
0!
0'

#4679373
1!
1'

#4747190
0!
0'

#4815007
1!
1'

#4882824
0!
0'

#4950641
1!
1'

#5018458
0!
0'

#5086275
1!
1'

#5154092
0!
0'

#5221909
1!
1'

#5289726
0!
0'

#5357543
1!
1'

#5425360
0!
0'

#5493177
1!
1'

#5560994
0!
0'

#5628811
1!
1'

#5696628
0!
0'

#5764445
1!
1'

#5832262
0!
0'

#5900079
1!
1'

#5967896
0!
0'

#6035713
1!
1'

#6103530
0!
0'

#6171347
1!
1'

#6239164
0!
0'

#6306981
1!
1'

#6374798
0!
0'

#6442615
1!
1'

#6510432
0!
0'

#6578249
1!
1'

#6646066
0!
0'

#6713883
1!
1'

#6781700
0!
0'

#6849517
1!
1'

#6917334
0!
0'

#6985151
1!
1'

#7052968
0!
0'

#7120785
1!
1'

#7188602
0!
0'

#7256419
1!
1'

#7324236
0!
0'

#7392053
1!
1'

#7459870
0!
0'

#7527687
1!
1'

#7595504
0!
0'

#7663321
1!
1'

#7731138
0!
0'

#7798955
1!
1'

#7866772
0!
0'

#7934589
1!
1'

#8002406
0!
0'

#8070223
1!
1'

#8138040
0!
0'

#8205857
1!
1'

#8273674
0!
0'

#8341491
1!
1'

#8409308
0!
0'

#8477125
1!
1'

#8544942
0!
0'

#8612759
1!
1'

#8680576
0!
0'

#8748393
1!
1'

#8816210
0!
0'

#8884027
1!
1'

#8951844
0!
0'

#9019661
1!
1'

#9087478
0!
0'

#9155295
1!
1'

#9223112
0!
0'

#9290929
1!
1'

#9358746
0!
0'

#9426563
1!
1'

#9494380
0!
0'

#9562197
1!
1'

#9630014
0!
0'

#9697831
1!
1'

#9765648
0!
0'

#9833465
1!
1'

#9901282
0!
0'

#9969099
1!
1'

#10036916
0!
0'

#10104733
1!
1'

#10172550
0!
0'

#10240367
1!
1'

#10241367
b1000001 #
1$
b1000001 )
1*

#10308184
0!
0'

#10376001
1!
0%
0&
1'
b1001111111 +
b1010000010 ,
0-

#10377001
b1000010 #
b1000010 )

#10443818
0!
0'

#10511635
1!
1'
b1001111110 +

#10579452
0!
0'

#10647269
1!
1'
b1001111101 +

#10715086
0!
0'

#10782903
1!
1'
b1001111100 +

#10850720
0!
0'

#10918537
1!
1'
b1001111011 +

#10986354
0!
0'

#11054171
1!
1'
b1001111010 +

#11121988
0!
0'

#11189805
1!
1'
b1001111001 +

#11257622
0!
0'

#11325439
1!
1'
b1001111000 +

#11393256
0!
0'

#11461073
1!
1'
b1001110111 +

#11528890
0!
0'

#11596707
1!
1'
b1001110110 +

#11664524
0!
0'

#11732341
1!
1'
b1001110101 +

#11800158
0!
0'

#11867975
1!
1'
b1001110100 +

#11935792
0!
0'

#12003609
1!
1'
b1001110011 +

#12071426
0!
0'

#12139243
1!
1'
b1001110010 +

#12207060
0!
0'

#12274877
1!
1'
b1001110001 +

#12342694
0!
0'

#12410511
1!
1'
b1001110000 +

#12478328
0!
0'

#12546145
1!
1'
b1001101111 +

#12613962
0!
0'

#12681779
1!
1'
b1001101110 +

#12749596
0!
0'

#12817413
1!
1'
b1001101101 +

#12885230
0!
0'

#12953047
1!
1'
b1001101100 +

#13020864
0!
0'

#13088681
1!
1'
b1001101011 +

#13156498
0!
0'

#13224315
1!
1'
b1001101010 +

#13292132
0!
0'

#13359949
1!
1'
b1001101001 +

#13427766
0!
0'

#13495583
1!
1'
b1001101000 +

#13563400
0!
0'

#13631217
1!
1'
b1001100111 +

#13699034
0!
0'

#13766851
1!
1'
b1001100110 +

#13834668
0!
0'

#13902485
1!
1'
b1001100101 +

#13970302
0!
0'

#14038119
1!
1'
b1001100100 +

#14105936
0!
0'

#14173753
1!
1'
b1001100011 +

#14241570
0!
0'

#14309387
1!
1'
b1001100010 +

#14377204
0!
0'

#14445021
1!
1'
b1001100001 +

#14512838
0!
0'

#14580655
1!
1'
b1001100000 +

#14648472
0!
0'

#14716289
1!
1'
b1001011111 +

#14784106
0!
0'

#14851923
1!
1'
b1001011110 +

#14919740
0!
0'

#14987557
1!
1'
b1001011101 +

#15055374
0!
0'

#15123191
1!
1'
b1001011100 +

#15191008
0!
0'

#15258825
1!
1'
b1001011011 +

#15326642
0!
0'

#15394459
1!
1'
b1001011010 +

#15462276
0!
0'

#15530093
1!
1'
b1001011001 +

#15597910
0!
0'

#15665727
1!
1'
b1001011000 +

#15733544
0!
0'

#15801361
1!
1'
b1001010111 +

#15869178
0!
0'

#15936995
1!
1'
b1001010110 +

#16004812
0!
0'

#16072629
1!
1'
b1001010101 +

#16140446
0!
0'

#16208263
1!
1'
b1001010100 +

#16276080
0!
0'

#16343897
1!
1'
b1001010011 +

#16411714
0!
0'

#16479531
1!
1'
b1001010010 +

#16547348
0!
0'

#16615165
1!
1'
b1001010001 +

#16682982
0!
0'

#16750799
1!
1'
b1001010000 +

#16818616
0!
0'

#16886433
1!
1'
b1001001111 +

#16954250
0!
0'

#17022067
1!
1'
b1001001110 +

#17089884
0!
0'

#17157701
1!
1'
b1001001101 +

#17225518
0!
0'

#17293335
1!
1'
b1001001100 +

#17361152
0!
0'

#17428969
1!
1'
b1001001011 +

#17496786
0!
0'

#17564603
1!
1'
b1001001010 +

#17632420
0!
0'

#17700237
1!
1'
b1001001001 +

#17768054
0!
0'

#17835871
1!
1'
b1001001000 +

#17903688
0!
0'

#17971505
1!
1'
b1001000111 +

#18039322
0!
0'

#18107139
1!
1'
b1001000110 +

#18174956
0!
0'

#18242773
1!
1'
b1001000101 +

#18310590
0!
0'

#18378407
1!
1'
b1001000100 +

#18446224
0!
0'

#18514041
1!
1'
b1001000011 +

#18581858
0!
0'

#18649675
1!
1'
b1001000010 +

#18717492
0!
0'

#18785309
1!
1'
b1001000001 +

#18853126
0!
0'

#18920943
1!
1'
b1001000000 +
1-

#18988760
0!
0'

#19056577
1!
1&
1'
b1000111111 +
b101000001 ,
0-

#19124394
0!
0'

#19192211
1!
1'
b1000111110 +

#19260028
0!
0'

#19327845
1!
1'
b1000111101 +

#19395662
0!
0'

#19463479
1!
1'
b1000111100 +

#19531296
0!
0'

#19599113
1!
1'
b1000111011 +

#19666930
0!
0'

#19734747
1!
1'
b1000111010 +

#19802564
0!
0'

#19870381
1!
1'
b1000111001 +

#19938198
0!
0'

#20006015
1!
1'
b1000111000 +

#20073832
0!
0'

#20141649
1!
1'
b1000110111 +

#20209466
0!
0'

#20277283
1!
1'
b1000110110 +

#20345100
0!
0'

#20412917
1!
1'
b1000110101 +

#20480734
0!
0'

#20548551
1!
1'
b1000110100 +

#20616368
0!
0'

#20684185
1!
1'
b1000110011 +

#20752002
0!
0'

#20819819
1!
1'
b1000110010 +

#20887636
0!
0'

#20955453
1!
1'
b1000110001 +

#21023270
0!
0'

#21091087
1!
1'
b1000110000 +

#21158904
0!
0'

#21226721
1!
1'
b1000101111 +

#21294538
0!
0'

#21362355
1!
1'
b1000101110 +

#21430172
0!
0'

#21497989
1!
1'
b1000101101 +

#21565806
0!
0'

#21633623
1!
1'
b1000101100 +

#21701440
0!
0'

#21769257
1!
1'
b1000101011 +

#21837074
0!
0'

#21904891
1!
1'
b1000101010 +

#21972708
0!
0'

#22040525
1!
1'
b1000101001 +

#22108342
0!
0'

#22176159
1!
1'
b1000101000 +

#22243976
0!
0'

#22311793
1!
1'
b1000100111 +

#22379610
0!
0'

#22447427
1!
1'
b1000100110 +

#22515244
0!
0'

#22583061
1!
1'
b1000100101 +

#22650878
0!
0'

#22718695
1!
1'
b1000100100 +

#22786512
0!
0'

#22854329
1!
1'
b1000100011 +

#22922146
0!
0'

#22989963
1!
1'
b1000100010 +

#23057780
0!
0'

#23125597
1!
1'
b1000100001 +

#23193414
0!
0'

#23261231
1!
1'
b1000100000 +

#23329048
0!
0'

#23396865
1!
1'
b1000011111 +

#23464682
0!
0'

#23532499
1!
1'
b1000011110 +

#23600316
0!
0'

#23668133
1!
1'
b1000011101 +

#23735950
0!
0'

#23803767
1!
1'
b1000011100 +

#23871584
0!
0'

#23939401
1!
1'
b1000011011 +

#24007218
0!
0'

#24075035
1!
1'
b1000011010 +

#24142852
0!
0'

#24210669
1!
1'
b1000011001 +

#24278486
0!
0'

#24346303
1!
1'
b1000011000 +

#24414120
0!
0'

#24481937
1!
1'
b1000010111 +

#24549754
0!
0'

#24617571
1!
1'
b1000010110 +

#24685388
0!
0'

#24753205
1!
1'
b1000010101 +

#24821022
0!
0'

#24888839
1!
1'
b1000010100 +

#24956656
0!
0'

#25024473
1!
1'
b1000010011 +

#25092290
0!
0'

#25160107
1!
1'
b1000010010 +

#25227924
0!
0'

#25295741
1!
1'
b1000010001 +

#25363558
0!
0'

#25431375
1!
1'
b1000010000 +

#25499192
0!
0'

#25567009
1!
1'
b1000001111 +

#25634826
0!
0'

#25702643
1!
1'
b1000001110 +

#25770460
0!
0'

#25838277
1!
1'
b1000001101 +

#25906094
0!
0'

#25973911
1!
1'
b1000001100 +

#26041728
0!
0'

#26109545
1!
1'
b1000001011 +

#26177362
0!
0'

#26245179
1!
1'
b1000001010 +

#26312996
0!
0'

#26380813
1!
1'
b1000001001 +

#26448630
0!
0'

#26516447
1!
1'
b1000001000 +

#26584264
0!
0'

#26652081
1!
1'
b1000000111 +

#26719898
0!
0'

#26787715
1!
1'
b1000000110 +

#26855532
0!
0'

#26923349
1!
1'
b1000000101 +

#26991166
0!
0'

#27058983
1!
1'
b1000000100 +

#27126800
0!
0'

#27194617
1!
1'
b1000000011 +

#27262434
0!
0'

#27330251
1!
1'
b1000000010 +

#27398068
0!
0'

#27465885
1!
1'
b1000000001 +

#27533702
0!
0'

#27601519
1!
1'
b1000000000 +
1-

#27669336
0!
0'

#27737153
1!
0&
1'
b111111111 +
b10100000 ,
0-

#27804970
0!
0'

#27872787
1!
1'
b111111110 +

#27940604
0!
0'

#28008421
1!
1'
b111111101 +

#28076238
0!
0'

#28144055
1!
1'
b111111100 +

#28211872
0!
0'

#28279689
1!
1'
b111111011 +

#28347506
0!
0'

#28415323
1!
1'
b111111010 +

#28483140
0!
0'

#28550957
1!
1'
b111111001 +

#28618774
0!
0'

#28686591
1!
1'
b111111000 +

#28754408
0!
0'

#28822225
1!
1'
b111110111 +

#28890042
0!
0'

#28957859
1!
1'
b111110110 +

#29025676
0!
0'

#29093493
1!
1'
b111110101 +

#29161310
0!
0'

#29229127
1!
1'
b111110100 +

#29296944
0!
0'

#29364761
1!
1'
b111110011 +

#29432578
0!
0'

#29500395
1!
1'
b111110010 +

#29568212
0!
0'

#29636029
1!
1'
b111110001 +

#29703846
0!
0'

#29771663
1!
1'
b111110000 +

#29839480
0!
0'

#29907297
1!
1'
b111101111 +

#29975114
0!
0'

#30042931
1!
1'
b111101110 +

#30110748
0!
0'

#30178565
1!
1'
b111101101 +

#30246382
0!
0'

#30314199
1!
1'
b111101100 +

#30382016
0!
0'

#30449833
1!
1'
b111101011 +

#30517650
0!
0'

#30585467
1!
1'
b111101010 +

#30653284
0!
0'

#30721101
1!
1'
b111101001 +

#30788918
0!
0'

#30856735
1!
1'
b111101000 +

#30924552
0!
0'

#30992369
1!
1'
b111100111 +

#31060186
0!
0'

#31128003
1!
1'
b111100110 +

#31195820
0!
0'

#31263637
1!
1'
b111100101 +

#31331454
0!
0'

#31399271
1!
1'
b111100100 +

#31467088
0!
0'

#31534905
1!
1'
b111100011 +

#31602722
0!
0'

#31670539
1!
1'
b111100010 +

#31738356
0!
0'

#31806173
1!
1'
b111100001 +

#31873990
0!
0'

#31941807
1!
1'
b111100000 +

#32009624
0!
0'

#32077441
1!
1'
b111011111 +

#32145258
0!
0'

#32213075
1!
1'
b111011110 +

#32280892
0!
0'

#32348709
1!
1'
b111011101 +

#32416526
0!
0'

#32484343
1!
1'
b111011100 +

#32552160
0!
0'

#32619977
1!
1'
b111011011 +

#32687794
0!
0'

#32755611
1!
1'
b111011010 +

#32823428
0!
0'

#32891245
1!
1'
b111011001 +

#32959062
0!
0'

#33026879
1!
1'
b111011000 +

#33094696
0!
0'

#33162513
1!
1'
b111010111 +

#33230330
0!
0'

#33298147
1!
1'
b111010110 +

#33365964
0!
0'

#33433781
1!
1'
b111010101 +

#33501598
0!
0'

#33569415
1!
1'
b111010100 +

#33637232
0!
0'

#33705049
1!
1'
b111010011 +

#33772866
0!
0'

#33840683
1!
1'
b111010010 +

#33908500
0!
0'

#33976317
1!
1'
b111010001 +

#34044134
0!
0'

#34111951
1!
1'
b111010000 +

#34179768
0!
0'

#34247585
1!
1'
b111001111 +

#34315402
0!
0'

#34383219
1!
1'
b111001110 +

#34451036
0!
0'

#34518853
1!
1'
b111001101 +

#34586670
0!
0'

#34654487
1!
1'
b111001100 +

#34722304
0!
0'

#34790121
1!
1'
b111001011 +

#34857938
0!
0'

#34925755
1!
1'
b111001010 +

#34993572
0!
0'

#35061389
1!
1'
b111001001 +

#35129206
0!
0'

#35197023
1!
1'
b111001000 +

#35264840
0!
0'

#35332657
1!
1'
b111000111 +

#35400474
0!
0'

#35468291
1!
1'
b111000110 +

#35536108
0!
0'

#35603925
1!
1'
b111000101 +

#35671742
0!
0'

#35739559
1!
1'
b111000100 +

#35807376
0!
0'

#35875193
1!
1'
b111000011 +

#35943010
0!
0'

#36010827
1!
1'
b111000010 +

#36078644
0!
0'

#36146461
1!
1'
b111000001 +

#36214278
0!
0'

#36282095
1!
1'
b111000000 +
1-

#36349912
0!
0'

#36417729
1!
1'
b110111111 +
b1010000 ,
0-

#36485546
0!
0'

#36553363
1!
1'
b110111110 +

#36621180
0!
0'

#36688997
1!
1'
b110111101 +

#36756814
0!
0'

#36824631
1!
1'
b110111100 +

#36892448
0!
0'

#36960265
1!
1'
b110111011 +

#37028082
0!
0'

#37095899
1!
1'
b110111010 +

#37163716
0!
0'

#37231533
1!
1'
b110111001 +

#37299350
0!
0'

#37367167
1!
1'
b110111000 +

#37434984
0!
0'

#37502801
1!
1'
b110110111 +

#37570618
0!
0'

#37638435
1!
1'
b110110110 +

#37706252
0!
0'

#37774069
1!
1'
b110110101 +

#37841886
0!
0'

#37909703
1!
1'
b110110100 +

#37977520
0!
0'

#38045337
1!
1'
b110110011 +

#38113154
0!
0'

#38180971
1!
1'
b110110010 +

#38248788
0!
0'

#38316605
1!
1'
b110110001 +

#38384422
0!
0'

#38452239
1!
1'
b110110000 +

#38520056
0!
0'

#38587873
1!
1'
b110101111 +

#38655690
0!
0'

#38723507
1!
1'
b110101110 +

#38791324
0!
0'

#38859141
1!
1'
b110101101 +

#38926958
0!
0'

#38994775
1!
1'
b110101100 +

#39062592
0!
0'

#39130409
1!
1'
b110101011 +

#39198226
0!
0'

#39266043
1!
1'
b110101010 +

#39333860
0!
0'

#39401677
1!
1'
b110101001 +

#39469494
0!
0'

#39537311
1!
1'
b110101000 +

#39605128
0!
0'

#39672945
1!
1'
b110100111 +

#39740762
0!
0'

#39808579
1!
1'
b110100110 +

#39876396
0!
0'

#39944213
1!
1'
b110100101 +

#40012030
0!
0'

#40079847
1!
1'
b110100100 +

#40147664
0!
0'

#40215481
1!
1'
b110100011 +

#40283298
0!
0'

#40351115
1!
1'
b110100010 +

#40418932
0!
0'

#40486749
1!
1'
b110100001 +

#40554566
0!
0'

#40622383
1!
1'
b110100000 +

#40690200
0!
0'

#40758017
1!
1'
b110011111 +

#40825834
0!
0'

#40893651
1!
1'
b110011110 +

#40961468
0!
0'

#41029285
1!
1'
b110011101 +

#41097102
0!
0'

#41164919
1!
1'
b110011100 +

#41232736
0!
0'

#41300553
1!
1'
b110011011 +

#41368370
0!
0'

#41436187
1!
1'
b110011010 +

#41504004
0!
0'

#41571821
1!
1'
b110011001 +

#41639638
0!
0'

#41707455
1!
1'
b110011000 +

#41775272
0!
0'

#41843089
1!
1'
b110010111 +

#41910906
0!
0'

#41978723
1!
1'
b110010110 +

#42046540
0!
0'

#42114357
1!
1'
b110010101 +

#42182174
0!
0'

#42249991
1!
1'
b110010100 +

#42317808
0!
0'

#42385625
1!
1'
b110010011 +

#42453442
0!
0'

#42521259
1!
1'
b110010010 +

#42589076
0!
0'

#42656893
1!
1'
b110010001 +

#42724710
0!
0'

#42792527
1!
1'
b110010000 +

#42860344
0!
0'

#42928161
1!
1'
b110001111 +

#42995978
0!
0'

#43063795
1!
1'
b110001110 +

#43131612
0!
0'

#43199429
1!
1'
b110001101 +

#43267246
0!
0'

#43335063
1!
1'
b110001100 +

#43402880
0!
0'

#43470697
1!
1'
b110001011 +

#43538514
0!
0'

#43606331
1!
1'
b110001010 +

#43674148
0!
0'

#43741965
1!
1'
b110001001 +

#43809782
0!
0'

#43877599
1!
1'
b110001000 +

#43945416
0!
0'

#44013233
1!
1'
b110000111 +

#44081050
0!
0'

#44148867
1!
1'
b110000110 +

#44216684
0!
0'

#44284501
1!
1'
b110000101 +

#44352318
0!
0'

#44420135
1!
1'
b110000100 +

#44487952
0!
0'

#44555769
1!
1'
b110000011 +

#44623586
0!
0'

#44691403
1!
1'
b110000010 +

#44759220
0!
0'

#44827037
1!
1'
b110000001 +

#44894854
0!
0'

#44962671
1!
1'
b110000000 +
1-

#45030488
0!
0'

#45098305
1!
1'
b101111111 +
b101000 ,
0-

#45166122
0!
0'

#45233939
1!
1'
b101111110 +

#45301756
0!
0'

#45369573
1!
1'
b101111101 +

#45437390
0!
0'

#45505207
1!
1'
b101111100 +

#45573024
0!
0'

#45640841
1!
1'
b101111011 +

#45708658
0!
0'

#45776475
1!
1'
b101111010 +

#45844292
0!
0'

#45912109
1!
1'
b101111001 +

#45979926
0!
0'

#46047743
1!
1'
b101111000 +

#46115560
0!
0'

#46183377
1!
1'
b101110111 +

#46251194
0!
0'

#46319011
1!
1'
b101110110 +

#46386828
0!
0'

#46454645
1!
1'
b101110101 +

#46522462
0!
0'

#46590279
1!
1'
b101110100 +

#46658096
0!
0'

#46725913
1!
1'
b101110011 +

#46793730
0!
0'

#46861547
1!
1'
b101110010 +

#46929364
0!
0'

#46997181
1!
1'
b101110001 +

#47064998
0!
0'

#47132815
1!
1'
b101110000 +

#47200632
0!
0'

#47268449
1!
1'
b101101111 +

#47336266
0!
0'

#47404083
1!
1'
b101101110 +

#47471900
0!
0'

#47539717
1!
1'
b101101101 +

#47607534
0!
0'

#47675351
1!
1'
b101101100 +

#47743168
0!
0'

#47810985
1!
1'
b101101011 +

#47878802
0!
0'

#47946619
1!
1'
b101101010 +

#48014436
0!
0'

#48082253
1!
1'
b101101001 +

#48150070
0!
0'

#48217887
1!
1'
b101101000 +

#48285704
0!
0'

#48353521
1!
1'
b101100111 +

#48421338
0!
0'

#48489155
1!
1'
b101100110 +

#48556972
0!
0'

#48624789
1!
1'
b101100101 +

#48692606
0!
0'

#48760423
1!
1'
b101100100 +

#48828240
0!
0'

#48896057
1!
1'
b101100011 +

#48963874
0!
0'

#49031691
1!
1'
b101100010 +

#49099508
0!
0'

#49167325
1!
1'
b101100001 +

#49235142
0!
0'

#49302959
1!
1'
b101100000 +

#49370776
0!
0'

#49438593
1!
1'
b101011111 +

#49506410
0!
0'

#49574227
1!
1'
b101011110 +

#49642044
0!
0'

#49709861
1!
1'
b101011101 +

#49777678
0!
0'

#49845495
1!
1'
b101011100 +

#49913312
0!
0'

#49981129
1!
1'
b101011011 +

#50048946
0!
0'

#50116763
1!
1'
b101011010 +

#50184580
0!
0'

#50252397
1!
1'
b101011001 +

#50320214
0!
0'

#50388031
1!
1'
b101011000 +

#50455848
0!
0'

#50523665
1!
1'
b101010111 +

#50591482
0!
0'

#50659299
1!
1'
b101010110 +

#50727116
0!
0'

#50794933
1!
1'
b101010101 +

#50862750
0!
0'

#50930567
1!
1'
b101010100 +

#50998384
0!
0'

#51066201
1!
1'
b101010011 +

#51134018
0!
0'

#51201835
1!
1'
b101010010 +

#51269652
0!
0'

#51337469
1!
1'
b101010001 +

#51405286
0!
0'

#51473103
1!
1'
b101010000 +

#51540920
0!
0'

#51608737
1!
1'
b101001111 +

#51676554
0!
0'

#51744371
1!
1'
b101001110 +

#51812188
0!
0'

#51880005
1!
1'
b101001101 +

#51947822
0!
0'

#52015639
1!
1'
b101001100 +

#52083456
0!
0'

#52151273
1!
1'
b101001011 +

#52219090
0!
0'

#52286907
1!
1'
b101001010 +

#52354724
0!
0'

#52422541
1!
1'
b101001001 +

#52490358
0!
0'

#52558175
1!
1'
b101001000 +

#52625992
0!
0'

#52693809
1!
1'
b101000111 +

#52761626
0!
0'

#52829443
1!
1'
b101000110 +

#52897260
0!
0'

#52965077
1!
1'
b101000101 +

#53032894
0!
0'

#53100711
1!
1'
b101000100 +

#53168528
0!
0'

#53236345
1!
1'
b101000011 +

#53304162
0!
0'

#53371979
1!
1'
b101000010 +

#53439796
0!
0'

#53507613
1!
1'
b101000001 +

#53575430
0!
0'

#53643247
1!
1'
b101000000 +
1-

#53711064
0!
0'

#53778881
1!
1'
b100111111 +
b10100 ,
0-

#53846698
0!
0'

#53914515
1!
1'
b100111110 +

#53982332
0!
0'

#54050149
1!
1'
b100111101 +

#54117966
0!
0'

#54185783
1!
1'
b100111100 +

#54253600
0!
0'

#54321417
1!
1'
b100111011 +

#54389234
0!
0'

#54457051
1!
1'
b100111010 +

#54524868
0!
0'

#54592685
1!
1'
b100111001 +

#54660502
0!
0'

#54728319
1!
1'
b100111000 +

#54796136
0!
0'

#54863953
1!
1'
b100110111 +

#54931770
0!
0'

#54999587
1!
1'
b100110110 +

#55067404
0!
0'

#55135221
1!
1'
b100110101 +

#55203038
0!
0'

#55270855
1!
1'
b100110100 +

#55338672
0!
0'

#55406489
1!
1'
b100110011 +

#55474306
0!
0'

#55542123
1!
1'
b100110010 +

#55609940
0!
0'

#55677757
1!
1'
b100110001 +

#55745574
0!
0'

#55813391
1!
1'
b100110000 +

#55881208
0!
0'

#55949025
1!
1'
b100101111 +

#56016842
0!
0'

#56084659
1!
1'
b100101110 +

#56152476
0!
0'

#56220293
1!
1'
b100101101 +

#56288110
0!
0'

#56355927
1!
1'
b100101100 +

#56423744
0!
0'

#56491561
1!
1'
b100101011 +

#56559378
0!
0'

#56627195
1!
1'
b100101010 +

#56695012
0!
0'

#56762829
1!
1'
b100101001 +

#56830646
0!
0'

#56898463
1!
1'
b100101000 +

#56966280
0!
0'

#57034097
1!
1'
b100100111 +

#57101914
0!
0'

#57169731
1!
1'
b100100110 +

#57237548
0!
0'

#57305365
1!
1'
b100100101 +

#57373182
0!
0'

#57440999
1!
1'
b100100100 +

#57508816
0!
0'

#57576633
1!
1'
b100100011 +

#57644450
0!
0'

#57712267
1!
1'
b100100010 +

#57780084
0!
0'

#57847901
1!
1'
b100100001 +

#57915718
0!
0'

#57983535
1!
1'
b100100000 +

#58051352
0!
0'

#58119169
1!
1'
b100011111 +

#58186986
0!
0'

#58254803
1!
1'
b100011110 +

#58322620
0!
0'

#58390437
1!
1'
b100011101 +

#58458254
0!
0'

#58526071
1!
1'
b100011100 +

#58593888
0!
0'

#58661705
1!
1'
b100011011 +

#58729522
0!
0'

#58797339
1!
1'
b100011010 +

#58865156
0!
0'

#58932973
1!
1'
b100011001 +

#59000790
0!
0'

#59068607
1!
1'
b100011000 +

#59136424
0!
0'

#59204241
1!
1'
b100010111 +

#59272058
0!
0'

#59339875
1!
1'
b100010110 +

#59407692
0!
0'

#59475509
1!
1'
b100010101 +

#59543326
0!
0'

#59611143
1!
1'
b100010100 +

#59678960
0!
0'

#59746777
1!
1'
b100010011 +

#59814594
0!
0'

#59882411
1!
1'
b100010010 +

#59950228
0!
0'

#60018045
1!
1'
b100010001 +

#60085862
0!
0'

#60153679
1!
1'
b100010000 +

#60221496
0!
0'

#60289313
1!
1'
b100001111 +

#60357130
0!
0'

#60424947
1!
1'
b100001110 +

#60492764
0!
0'

#60560581
1!
1'
b100001101 +

#60628398
0!
0'

#60696215
1!
1'
b100001100 +

#60764032
0!
0'

#60831849
1!
1'
b100001011 +

#60899666
0!
0'

#60967483
1!
1'
b100001010 +

#61035300
0!
0'

#61103117
1!
1'
b100001001 +

#61170934
0!
0'

#61238751
1!
1'
b100001000 +

#61306568
0!
0'

#61374385
1!
1'
b100000111 +

#61442202
0!
0'

#61510019
1!
1'
b100000110 +

#61577836
0!
0'

#61645653
1!
1'
b100000101 +

#61713470
0!
0'

#61781287
1!
1'
b100000100 +

#61849104
0!
0'

#61916921
1!
1'
b100000011 +

#61984738
0!
0'

#62052555
1!
1'
b100000010 +

#62120372
0!
0'

#62188189
1!
1'
b100000001 +

#62256006
0!
0'

#62323823
1!
1'
b100000000 +
1-

#62391640
0!
0'

#62459457
1!
1'
b11111111 +
b1010 ,
0-

#62527274
0!
0'

#62595091
1!
1'
b11111110 +

#62662908
0!
0'

#62730725
1!
1'
b11111101 +

#62798542
0!
0'

#62866359
1!
1'
b11111100 +

#62934176
0!
0'

#63001993
1!
1'
b11111011 +

#63069810
0!
0'

#63137627
1!
1'
b11111010 +

#63205444
0!
0'

#63273261
1!
1'
b11111001 +

#63341078
0!
0'

#63408895
1!
1'
b11111000 +

#63476712
0!
0'

#63544529
1!
1'
b11110111 +

#63612346
0!
0'

#63680163
1!
1'
b11110110 +

#63747980
0!
0'

#63815797
1!
1'
b11110101 +

#63883614
0!
0'

#63951431
1!
1'
b11110100 +

#64019248
0!
0'

#64087065
1!
1'
b11110011 +

#64154882
0!
0'

#64222699
1!
1'
b11110010 +

#64290516
0!
0'

#64358333
1!
1'
b11110001 +

#64426150
0!
0'

#64493967
1!
1'
b11110000 +

#64561784
0!
0'

#64629601
1!
1'
b11101111 +

#64697418
0!
0'

#64765235
1!
1'
b11101110 +

#64833052
0!
0'

#64900869
1!
1'
b11101101 +

#64968686
0!
0'

#65036503
1!
1'
b11101100 +

#65104320
0!
0'

#65172137
1!
1'
b11101011 +

#65239954
0!
0'

#65307771
1!
1'
b11101010 +

#65375588
0!
0'

#65443405
1!
1'
b11101001 +

#65511222
0!
0'

#65579039
1!
1'
b11101000 +

#65646856
0!
0'

#65714673
1!
1'
b11100111 +

#65782490
0!
0'

#65850307
1!
1'
b11100110 +

#65918124
0!
0'

#65985941
1!
1'
b11100101 +

#66053758
0!
0'

#66121575
1!
1'
b11100100 +

#66189392
0!
0'

#66257209
1!
1'
b11100011 +

#66325026
0!
0'

#66392843
1!
1'
b11100010 +

#66460660
0!
0'

#66528477
1!
1'
b11100001 +

#66596294
0!
0'

#66664111
1!
1'
b11100000 +

#66731928
0!
0'

#66799745
1!
1'
b11011111 +

#66867562
0!
0'

#66935379
1!
1'
b11011110 +

#67003196
0!
0'

#67071013
1!
1'
b11011101 +

#67138830
0!
0'

#67206647
1!
1'
b11011100 +

#67274464
0!
0'

#67342281
1!
1'
b11011011 +

#67410098
0!
0'

#67477915
1!
1'
b11011010 +

#67545732
0!
0'

#67613549
1!
1'
b11011001 +

#67681366
0!
0'

#67749183
1!
1'
b11011000 +

#67817000
0!
0'

#67884817
1!
1'
b11010111 +

#67952634
0!
0'

#68020451
1!
1'
b11010110 +

#68088268
0!
0'

#68156085
1!
1'
b11010101 +

#68223902
0!
0'

#68291719
1!
1'
b11010100 +

#68359536
0!
0'

#68427353
1!
1'
b11010011 +

#68495170
0!
0'

#68562987
1!
1'
b11010010 +

#68630804
0!
0'

#68698621
1!
1'
b11010001 +

#68766438
0!
0'

#68834255
1!
1'
b11010000 +

#68902072
0!
0'

#68969889
1!
1'
b11001111 +

#69037706
0!
0'

#69105523
1!
1'
b11001110 +

#69173340
0!
0'

#69241157
1!
1'
b11001101 +

#69308974
0!
0'

#69376791
1!
1'
b11001100 +

#69444608
0!
0'

#69512425
1!
1'
b11001011 +

#69580242
0!
0'

#69648059
1!
1'
b11001010 +

#69715876
0!
0'

#69783693
1!
1'
b11001001 +

#69851510
0!
0'

#69919327
1!
1'
b11001000 +

#69987144
0!
0'

#70054961
1!
1'
b11000111 +

#70122778
0!
0'

#70190595
1!
1'
b11000110 +

#70258412
0!
0'

#70326229
1!
1'
b11000101 +

#70394046
0!
0'

#70461863
1!
1'
b11000100 +

#70529680
0!
0'

#70597497
1!
1'
b11000011 +

#70665314
0!
0'

#70733131
1!
1'
b11000010 +

#70800948
0!
0'

#70868765
1!
1'
b11000001 +

#70936582
0!
0'

#71004399
1!
1'
b11000000 +
1-

#71072216
0!
0'

#71140033
1!
1&
1'
b10111111 +
b101 ,
0-

#71207850
0!
0'

#71275667
1!
1'
b10111110 +

#71343484
0!
0'

#71411301
1!
1'
b10111101 +

#71479118
0!
0'

#71546935
1!
1'
b10111100 +

#71614752
0!
0'

#71682569
1!
1'
b10111011 +

#71750386
0!
0'

#71818203
1!
1'
b10111010 +

#71886020
0!
0'

#71953837
1!
1'
b10111001 +

#72021654
0!
0'

#72089471
1!
1'
b10111000 +

#72157288
0!
0'

#72225105
1!
1'
b10110111 +

#72292922
0!
0'

#72360739
1!
1'
b10110110 +

#72428556
0!
0'

#72496373
1!
1'
b10110101 +

#72564190
0!
0'

#72632007
1!
1'
b10110100 +

#72699824
0!
0'

#72767641
1!
1'
b10110011 +

#72835458
0!
0'

#72903275
1!
1'
b10110010 +

#72971092
0!
0'

#73038909
1!
1'
b10110001 +

#73106726
0!
0'

#73174543
1!
1'
b10110000 +

#73242360
0!
0'

#73310177
1!
1'
b10101111 +

#73377994
0!
0'

#73445811
1!
1'
b10101110 +

#73513628
0!
0'

#73581445
1!
1'
b10101101 +

#73649262
0!
0'

#73717079
1!
1'
b10101100 +

#73784896
0!
0'

#73852713
1!
1'
b10101011 +

#73920530
0!
0'

#73988347
1!
1'
b10101010 +

#74056164
0!
0'

#74123981
1!
1'
b10101001 +

#74191798
0!
0'

#74259615
1!
1'
b10101000 +

#74327432
0!
0'

#74395249
1!
1'
b10100111 +

#74463066
0!
0'

#74530883
1!
1'
b10100110 +

#74598700
0!
0'

#74666517
1!
1'
b10100101 +

#74734334
0!
0'

#74802151
1!
1'
b10100100 +

#74869968
0!
0'

#74937785
1!
1'
b10100011 +

#75005602
0!
0'

#75073419
1!
1'
b10100010 +

#75141236
0!
0'

#75209053
1!
1'
b10100001 +

#75276870
0!
0'

#75344687
1!
1'
b10100000 +

#75412504
0!
0'

#75480321
1!
1'
b10011111 +

#75548138
0!
0'

#75615955
1!
1'
b10011110 +

#75683772
0!
0'

#75751589
1!
1'
b10011101 +

#75819406
0!
0'

#75887223
1!
1'
b10011100 +

#75955040
0!
0'

#76022857
1!
1'
b10011011 +

#76090674
0!
0'

#76158491
1!
1'
b10011010 +

#76226308
0!
0'

#76294125
1!
1'
b10011001 +

#76361942
0!
0'

#76429759
1!
1'
b10011000 +

#76497576
0!
0'

#76565393
1!
1'
b10010111 +

#76633210
0!
0'

#76701027
1!
1'
b10010110 +

#76768844
0!
0'

#76836661
1!
1'
b10010101 +

#76904478
0!
0'

#76972295
1!
1'
b10010100 +

#77040112
0!
0'

#77107929
1!
1'
b10010011 +

#77175746
0!
0'

#77243563
1!
1'
b10010010 +

#77311380
0!
0'

#77379197
1!
1'
b10010001 +

#77447014
0!
0'

#77514831
1!
1'
b10010000 +

#77582648
0!
0'

#77650465
1!
1'
b10001111 +

#77718282
0!
0'

#77786099
1!
1'
b10001110 +

#77853916
0!
0'

#77921733
1!
1'
b10001101 +

#77989550
0!
0'

#78057367
1!
1'
b10001100 +

#78125184
0!
0'

#78193001
1!
1'
b10001011 +

#78260818
0!
0'

#78328635
1!
1'
b10001010 +

#78396452
0!
0'

#78464269
1!
1'
b10001001 +

#78532086
0!
0'

#78599903
1!
1'
b10001000 +

#78667720
0!
0'

#78735537
1!
1'
b10000111 +

#78803354
0!
0'

#78871171
1!
1'
b10000110 +

#78938988
0!
0'

#79006805
1!
1'
b10000101 +

#79074622
0!
0'

#79142439
1!
1'
b10000100 +

#79210256
0!
0'

#79278073
1!
1'
b10000011 +

#79345890
0!
0'

#79413707
1!
1'
b10000010 +

#79481524
0!
0'

#79549341
1!
1'
b10000001 +

#79617158
0!
0'

#79684975
1!
1'
b10000000 +
1-

#79752792
0!
0'

#79820609
1!
0&
1'
b1111111 +
b10 ,
0-

#79888426
0!
0'

#79956243
1!
1'
b1111110 +

#80024060
0!
0'

#80091877
1!
1'
b1111101 +

#80159694
0!
0'

#80227511
1!
1'
b1111100 +

#80295328
0!
0'

#80363145
1!
1'
b1111011 +

#80430962
0!
0'

#80498779
1!
1'
b1111010 +

#80566596
0!
0'

#80634413
1!
1'
b1111001 +

#80702230
0!
0'

#80770047
1!
1'
b1111000 +

#80837864
0!
0'

#80905681
1!
1'
b1110111 +

#80973498
0!
0'

#81041315
1!
1'
b1110110 +

#81109132
0!
0'

#81176949
1!
1'
b1110101 +

#81244766
0!
0'

#81312583
1!
1'
b1110100 +

#81380400
0!
0'

#81448217
1!
1'
b1110011 +

#81516034
0!
0'

#81583851
1!
1'
b1110010 +

#81651668
0!
0'

#81719485
1!
1'
b1110001 +

#81787302
0!
0'

#81855119
1!
1'
b1110000 +

#81922936
0!
0'

#81990753
1!
1'
b1101111 +

#82058570
0!
0'

#82126387
1!
1'
b1101110 +

#82194204
0!
0'

#82262021
1!
1'
b1101101 +

#82329838
0!
0'

#82397655
1!
1'
b1101100 +

#82465472
0!
0'

#82533289
1!
1'
b1101011 +

#82601106
0!
0'

#82668923
1!
1'
b1101010 +

#82736740
0!
0'

#82804557
1!
1'
b1101001 +

#82872374
0!
0'

#82940191
1!
1'
b1101000 +

#83008008
0!
0'

#83075825
1!
1'
b1100111 +

#83143642
0!
0'

#83211459
1!
1'
b1100110 +

#83279276
0!
0'

#83347093
1!
1'
b1100101 +

#83414910
0!
0'

#83482727
1!
1'
b1100100 +

#83550544
0!
0'

#83618361
1!
1'
b1100011 +

#83686178
0!
0'

#83753995
1!
1'
b1100010 +

#83821812
0!
0'

#83889629
1!
1'
b1100001 +

#83957446
0!
0'

#84025263
1!
1'
b1100000 +

#84093080
0!
0'

#84160897
1!
1'
b1011111 +

#84228714
0!
0'

#84296531
1!
1'
b1011110 +

#84364348
0!
0'

#84432165
1!
1'
b1011101 +

#84499982
0!
0'

#84567799
1!
1'
b1011100 +

#84635616
0!
0'

#84703433
1!
1'
b1011011 +

#84771250
0!
0'

#84839067
1!
1'
b1011010 +

#84906884
0!
0'

#84974701
1!
1'
b1011001 +

#85042518
0!
0'

#85110335
1!
1'
b1011000 +

#85178152
0!
0'

#85245969
1!
1'
b1010111 +

#85313786
0!
0'

#85381603
1!
1'
b1010110 +

#85449420
0!
0'

#85517237
1!
1'
b1010101 +

#85585054
0!
0'

#85652871
1!
1'
b1010100 +

#85720688
0!
0'

#85788505
1!
1'
b1010011 +

#85856322
0!
0'

#85924139
1!
1'
b1010010 +

#85991956
0!
0'

#86059773
1!
1'
b1010001 +

#86127590
0!
0'

#86195407
1!
1'
b1010000 +

#86263224
0!
0'

#86331041
1!
1'
b1001111 +

#86398858
0!
0'

#86466675
1!
1'
b1001110 +

#86534492
0!
0'

#86602309
1!
1'
b1001101 +

#86670126
0!
0'

#86737943
1!
1'
b1001100 +

#86805760
0!
0'

#86873577
1!
1'
b1001011 +

#86941394
0!
0'

#87009211
1!
1'
b1001010 +

#87077028
0!
0'

#87144845
1!
1'
b1001001 +

#87212662
0!
0'

#87280479
1!
1'
b1001000 +

#87348296
0!
0'

#87416113
1!
1'
b1000111 +

#87483930
0!
0'

#87551747
1!
1'
b1000110 +

#87619564
0!
0'

#87687381
1!
1'
b1000101 +

#87755198
0!
0'

#87823015
1!
1'
b1000100 +

#87890832
0!
0'

#87958649
1!
1'
b1000011 +

#88026466
0!
0'

#88094283
1!
1'
b1000010 +

#88162100
0!
0'

#88229917
1!
1'
b1000001 +

#88297734
0!
0'

#88365551
1!
1'
b1000000 +
1-

#88433368
0!
0'

#88501185
1!
1&
1'
b111111 +
b1 ,
0-

#88569002
0!
0'

#88636819
1!
1'
b111110 +

#88704636
0!
0'

#88772453
1!
1'
b111101 +

#88840270
0!
0'

#88908087
1!
1'
b111100 +

#88975904
0!
0'

#89043721
1!
1'
b111011 +

#89111538
0!
0'

#89179355
1!
1'
b111010 +

#89247172
0!
0'

#89314989
1!
1'
b111001 +

#89382806
0!
0'

#89450623
1!
1'
b111000 +

#89518440
0!
0'

#89586257
1!
1'
b110111 +

#89654074
0!
0'

#89721891
1!
1'
b110110 +

#89789708
0!
0'

#89857525
1!
1'
b110101 +

#89925342
0!
0'

#89993159
1!
1'
b110100 +

#90060976
0!
0'

#90128793
1!
1'
b110011 +

#90196610
0!
0'

#90264427
1!
1'
b110010 +

#90332244
0!
0'

#90400061
1!
1'
b110001 +

#90467878
0!
0'

#90535695
1!
1'
b110000 +

#90603512
0!
0'

#90671329
1!
1'
b101111 +

#90739146
0!
0'

#90806963
1!
1'
b101110 +

#90874780
0!
0'

#90942597
1!
1'
b101101 +

#91010414
0!
0'

#91078231
1!
1'
b101100 +

#91146048
0!
0'

#91213865
1!
1'
b101011 +

#91281682
0!
0'

#91349499
1!
1'
b101010 +

#91417316
0!
0'

#91485133
1!
1'
b101001 +

#91552950
0!
0'

#91620767
1!
1'
b101000 +

#91688584
0!
0'

#91756401
1!
1'
b100111 +

#91824218
0!
0'

#91892035
1!
1'
b100110 +

#91959852
0!
0'

#92027669
1!
1'
b100101 +

#92095486
0!
0'

#92163303
1!
1'
b100100 +

#92231120
0!
0'

#92298937
1!
1'
b100011 +

#92366754
0!
0'

#92434571
1!
1'
b100010 +

#92502388
0!
0'

#92570205
1!
1'
b100001 +

#92638022
0!
0'

#92705839
1!
1'
b100000 +

#92773656
0!
0'

#92841473
1!
1'
b11111 +

#92909290
0!
0'

#92977107
1!
1'
b11110 +

#93044924
0!
0'

#93112741
1!
1'
b11101 +

#93180558
0!
0'

#93248375
1!
1'
b11100 +

#93316192
0!
0'

#93384009
1!
1'
b11011 +

#93451826
0!
0'

#93519643
1!
1'
b11010 +

#93587460
0!
0'

#93655277
1!
1'
b11001 +

#93723094
0!
0'

#93790911
1!
1'
b11000 +

#93858728
0!
0'

#93926545
1!
1'
b10111 +

#93994362
0!
0'

#94062179
1!
1'
b10110 +

#94129996
0!
0'

#94197813
1!
1'
b10101 +

#94265630
0!
0'

#94333447
1!
1'
b10100 +

#94401264
0!
0'

#94469081
1!
1'
b10011 +

#94536898
0!
0'

#94604715
1!
1'
b10010 +

#94672532
0!
0'

#94740349
1!
1'
b10001 +

#94808166
0!
0'

#94875983
1!
1'
b10000 +

#94943800
0!
0'

#95011617
1!
1'
b1111 +

#95079434
0!
0'

#95147251
1!
1'
b1110 +

#95215068
0!
0'

#95282885
1!
1'
b1101 +

#95350702
0!
0'

#95418519
1!
1'
b1100 +

#95486336
0!
0'

#95554153
1!
1'
b1011 +

#95621970
0!
0'

#95689787
1!
1'
b1010 +

#95757604
0!
0'

#95825421
1!
1'
b1001 +

#95893238
0!
0'

#95961055
1!
1'
b1000 +

#96028872
0!
0'

#96096689
1!
1'
b111 +

#96164506
0!
0'

#96232323
1!
1'
b110 +

#96300140
0!
0'

#96367957
1!
1'
b101 +

#96435774
0!
0'

#96503591
1!
1'
b100 +

#96571408
0!
0'

#96639225
1!
1'
b11 +

#96707042
0!
0'

#96774859
1!
1'
b10 +

#96842676
0!
0'

#96910493
1!
1'
b1 +

#96978310
0!
0'

#97046127
1!
1%
1'
b0 +
1-

#97113944
0!
0'

#97181761
1!
0%
0&
1'
b1001111111 +
b1010000100 ,
0-

#97182761
0$
0*

#97249578
0!
0'

#97317395
1!
1'
b1001111110 +

#97385212
0!
0'

#97453029
1!
1'
b1001111101 +

#97520846
0!
0'

#97588663
1!
1'
b1001111100 +

#97656480
0!
0'

#97724297
1!
1'
b1001111011 +

#97792114
0!
0'

#97859931
1!
1'
b1001111010 +

#97927748
0!
0'

#97995565
1!
1'
b1001111001 +

#98063382
0!
0'

#98131199
1!
1'
b1001111000 +

#98199016
0!
0'

#98266833
1!
1'
b1001110111 +

#98334650
0!
0'

#98402467
1!
1'
b1001110110 +

#98470284
0!
0'

#98538101
1!
1'
b1001110101 +

#98605918
0!
0'

#98673735
1!
1'
b1001110100 +

#98741552
0!
0'

#98809369
1!
1'
b1001110011 +

#98877186
0!
0'

#98945003
1!
1'
b1001110010 +

#99012820
0!
0'

#99080637
1!
1'
b1001110001 +

#99148454
0!
0'

#99216271
1!
1'
b1001110000 +

#99284088
0!
0'

#99351905
1!
1'
b1001101111 +

#99419722
0!
0'

#99487539
1!
1'
b1001101110 +

#99555356
0!
0'

#99623173
1!
1'
b1001101101 +

#99690990
0!
0'

#99758807
1!
1'
b1001101100 +

#99826624
0!
0'

#99894441
1!
1'
b1001101011 +

#99962258
0!
0'

#100030075
1!
1'
b1001101010 +

#100097892
0!
0'

#100165709
1!
1'
b1001101001 +

#100233526
0!
0'

#100301343
1!
1'
b1001101000 +

#100369160
0!
0'

#100436977
1!
1'
b1001100111 +

#100504794
0!
0'

#100572611
1!
1'
b1001100110 +

#100640428
0!
0'

#100708245
1!
1'
b1001100101 +

#100776062
0!
0'

#100843879
1!
1'
b1001100100 +

#100911696
0!
0'

#100979513
1!
1'
b1001100011 +

#101047330
0!
0'

#101115147
1!
1'
b1001100010 +

#101182964
0!
0'

#101250781
1!
1'
b1001100001 +

#101318598
0!
0'

#101386415
1!
1'
b1001100000 +

#101454232
0!
0'

#101522049
1!
1'
b1001011111 +

#101589866
0!
0'

#101657683
1!
1'
b1001011110 +

#101725500
0!
0'

#101793317
1!
1'
b1001011101 +

#101861134
0!
0'

#101928951
1!
1'
b1001011100 +

#101996768
0!
0'

#102064585
1!
1'
b1001011011 +

#102132402
0!
0'

#102200219
1!
1'
b1001011010 +

#102268036
0!
0'

#102335853
1!
1'
b1001011001 +

#102403670
0!
0'

#102471487
1!
1'
b1001011000 +

#102539304
0!
0'

#102607121
1!
1'
b1001010111 +

#102674938
0!
0'

#102742755
1!
1'
b1001010110 +

#102810572
0!
0'

#102878389
1!
1'
b1001010101 +

#102946206
0!
0'

#103014023
1!
1'
b1001010100 +

#103081840
0!
0'

#103149657
1!
1'
b1001010011 +

#103217474
0!
0'

#103285291
1!
1'
b1001010010 +

#103353108
0!
0'

#103420925
1!
1'
b1001010001 +

#103488742
0!
0'

#103556559
1!
1'
b1001010000 +

#103624376
0!
0'

#103692193
1!
1'
b1001001111 +

#103760010
0!
0'

#103827827
1!
1'
b1001001110 +

#103895644
0!
0'

#103963461
1!
1'
b1001001101 +

#104031278
0!
0'

#104099095
1!
1'
b1001001100 +

#104166912
0!
0'

#104234729
1!
1'
b1001001011 +

#104302546
0!
0'

#104370363
1!
1'
b1001001010 +

#104438180
0!
0'

#104505997
1!
1'
b1001001001 +

#104573814
0!
0'

#104641631
1!
1'
b1001001000 +

#104709448
0!
0'

#104777265
1!
1'
b1001000111 +

#104845082
0!
0'

#104912899
1!
1'
b1001000110 +

#104980716
0!
0'

#105048533
1!
1'
b1001000101 +

#105116350
0!
0'

#105184167
1!
1'
b1001000100 +

#105251984
0!
0'

#105319801
1!
1'
b1001000011 +

#105387618
0!
0'

#105455435
1!
1'
b1001000010 +

#105523252
0!
0'

#105591069
1!
1'
b1001000001 +

#105658886
0!
0'

#105726703
1!
1'
b1001000000 +
1-

#105794520
0!
0'

#105862337
1!
1'
b1000111111 +
b101000010 ,
0-

#105930154
0!
0'

#105997971
1!
1'
b1000111110 +

#106065788
0!
0'

#106133605
1!
1'
b1000111101 +

#106201422
0!
0'

#106269239
1!
1'
b1000111100 +

#106337056
0!
0'

#106404873
1!
1'
b1000111011 +

#106472690
0!
0'

#106540507
1!
1'
b1000111010 +

#106608324
0!
0'

#106676141
1!
1'
b1000111001 +

#106743958
0!
0'

#106811775
1!
1'
b1000111000 +

#106879592
0!
0'

#106947409
1!
1'
b1000110111 +

#107015226
0!
0'

#107083043
1!
1'
b1000110110 +

#107150860
0!
0'

#107218677
1!
1'
b1000110101 +

#107286494
0!
0'

#107354311
1!
1'
b1000110100 +

#107422128
0!
0'

#107489945
1!
1'
b1000110011 +

#107557762
0!
0'

#107625579
1!
1'
b1000110010 +

#107693396
0!
0'

#107761213
1!
1'
b1000110001 +

#107829030
0!
0'

#107896847
1!
1'
b1000110000 +

#107964664
0!
0'

#108032481
1!
1'
b1000101111 +

#108100298
0!
0'

#108168115
1!
1'
b1000101110 +

#108235932
0!
0'

#108303749
1!
1'
b1000101101 +

#108371566
0!
0'

#108439383
1!
1'
b1000101100 +

#108507200
0!
0'

#108575017
1!
1'
b1000101011 +

#108642834
0!
0'

#108710651
1!
1'
b1000101010 +

#108778468
0!
0'

#108846285
1!
1'
b1000101001 +

#108914102
0!
0'

#108981919
1!
1'
b1000101000 +

#109049736
0!
0'

#109117553
1!
1'
b1000100111 +

#109185370
0!
0'

#109253187
1!
1'
b1000100110 +

#109321004
0!
0'

#109388821
1!
1'
b1000100101 +

#109456638
0!
0'

#109524455
1!
1'
b1000100100 +

#109592272
0!
0'

#109660089
1!
1'
b1000100011 +

#109727906
0!
0'

#109795723
1!
1'
b1000100010 +

#109863540
0!
0'

#109931357
1!
1'
b1000100001 +

#109999174
0!
0'

#110066991
1!
1'
b1000100000 +

#110134808
0!
0'

#110202625
1!
1'
b1000011111 +

#110270442
0!
0'

#110338259
1!
1'
b1000011110 +

#110406076
0!
0'

#110473893
1!
1'
b1000011101 +

#110541710
0!
0'

#110609527
1!
1'
b1000011100 +

#110677344
0!
0'

#110745161
1!
1'
b1000011011 +

#110812978
0!
0'

#110880795
1!
1'
b1000011010 +

#110948612
0!
0'

#111016429
1!
1'
b1000011001 +

#111084246
0!
0'

#111152063
1!
1'
b1000011000 +

#111219880
0!
0'

#111287697
1!
1'
b1000010111 +

#111355514
0!
0'

#111423331
1!
1'
b1000010110 +

#111491148
0!
0'

#111558965
1!
1'
b1000010101 +

#111626782
0!
0'

#111694599
1!
1'
b1000010100 +

#111762416
0!
0'

#111830233
1!
1'
b1000010011 +

#111898050
0!
0'

#111965867
1!
1'
b1000010010 +

#112033684
0!
0'

#112101501
1!
1'
b1000010001 +

#112169318
0!
0'

#112237135
1!
1'
b1000010000 +

#112304952
0!
0'

#112372769
1!
1'
b1000001111 +

#112440586
0!
0'

#112508403
1!
1'
b1000001110 +

#112576220
0!
0'

#112644037
1!
1'
b1000001101 +

#112711854
0!
0'

#112779671
1!
1'
b1000001100 +

#112847488
0!
0'

#112915305
1!
1'
b1000001011 +

#112983122
0!
0'

#113050939
1!
1'
b1000001010 +

#113118756
0!
0'

#113186573
1!
1'
b1000001001 +

#113254390
0!
0'

#113322207
1!
1'
b1000001000 +

#113390024
0!
0'

#113457841
1!
1'
b1000000111 +

#113525658
0!
0'

#113593475
1!
1'
b1000000110 +

#113661292
0!
0'

#113729109
1!
1'
b1000000101 +

#113796926
0!
0'

#113864743
1!
1'
b1000000100 +

#113932560
0!
0'

#114000377
1!
1'
b1000000011 +

#114068194
0!
0'

#114136011
1!
1'
b1000000010 +

#114203828
0!
0'

#114271645
1!
1'
b1000000001 +

#114339462
0!
0'

#114407279
1!
1'
b1000000000 +
1-

#114475096
0!
0'

#114542913
1!
1&
1'
b111111111 +
b10100001 ,
0-

#114610730
0!
0'

#114678547
1!
1'
b111111110 +

#114746364
0!
0'

#114814181
1!
1'
b111111101 +

#114881998
0!
0'

#114949815
1!
1'
b111111100 +

#115017632
0!
0'

#115085449
1!
1'
b111111011 +

#115153266
0!
0'

#115221083
1!
1'
b111111010 +

#115288900
0!
0'

#115356717
1!
1'
b111111001 +

#115424534
0!
0'

#115492351
1!
1'
b111111000 +

#115560168
0!
0'

#115627985
1!
1'
b111110111 +

#115695802
0!
0'

#115763619
1!
1'
b111110110 +

#115831436
0!
0'

#115899253
1!
1'
b111110101 +

#115967070
0!
0'

#116034887
1!
1'
b111110100 +

#116102704
0!
0'

#116170521
1!
1'
b111110011 +

#116238338
0!
0'

#116306155
1!
1'
b111110010 +

#116373972
0!
0'

#116441789
1!
1'
b111110001 +

#116509606
0!
0'

#116577423
1!
1'
b111110000 +

#116645240
0!
0'

#116713057
1!
1'
b111101111 +

#116780874
0!
0'

#116848691
1!
1'
b111101110 +

#116916508
0!
0'

#116984325
1!
1'
b111101101 +

#117052142
0!
0'

#117119959
1!
1'
b111101100 +

#117187776
0!
0'

#117255593
1!
1'
b111101011 +

#117323410
0!
0'

#117391227
1!
1'
b111101010 +

#117459044
0!
0'

#117526861
1!
1'
b111101001 +

#117594678
0!
0'

#117662495
1!
1'
b111101000 +

#117730312
0!
0'

#117798129
1!
1'
b111100111 +

#117865946
0!
0'

#117933763
1!
1'
b111100110 +

#118001580
0!
0'

#118069397
1!
1'
b111100101 +

#118137214
0!
0'

#118205031
1!
1'
b111100100 +

#118272848
0!
0'

#118340665
1!
1'
b111100011 +

#118408482
0!
0'

#118476299
1!
1'
b111100010 +

#118544116
0!
0'

#118611933
1!
1'
b111100001 +

#118679750
0!
0'

#118747567
1!
1'
b111100000 +

#118815384
0!
0'

#118883201
1!
1'
b111011111 +

#118951018
0!
0'

#119018835
1!
1'
b111011110 +

#119086652
0!
0'

#119154469
1!
1'
b111011101 +

#119222286
0!
0'

#119290103
1!
1'
b111011100 +

#119357920
0!
0'

#119425737
1!
1'
b111011011 +

#119493554
0!
0'

#119561371
1!
1'
b111011010 +

#119629188
0!
0'

#119697005
1!
1'
b111011001 +

#119764822
0!
0'

#119832639
1!
1'
b111011000 +

#119900456
0!
0'

#119968273
1!
1'
b111010111 +

#120036090
0!
0'

#120103907
1!
1'
b111010110 +

#120171724
0!
0'

#120239541
1!
1'
b111010101 +

#120307358
0!
0'

#120375175
1!
1'
b111010100 +

#120442992
0!
0'

#120510809
1!
1'
b111010011 +

#120578626
0!
0'

#120646443
1!
1'
b111010010 +

#120714260
0!
0'

#120782077
1!
1'
b111010001 +

#120849894
0!
0'

#120917711
1!
1'
b111010000 +

#120985528
0!
0'

#121053345
1!
1'
b111001111 +

#121121162
0!
0'

#121188979
1!
1'
b111001110 +

#121256796
0!
0'

#121324613
1!
1'
b111001101 +

#121392430
0!
0'

#121460247
1!
1'
b111001100 +

#121528064
0!
0'

#121595881
1!
1'
b111001011 +

#121663698
0!
0'

#121731515
1!
1'
b111001010 +

#121799332
0!
0'

#121867149
1!
1'
b111001001 +

#121934966
0!
0'

#122002783
1!
1'
b111001000 +

#122070600
0!
0'

#122138417
1!
1'
b111000111 +

#122206234
0!
0'

#122274051
1!
1'
b111000110 +

#122341868
0!
0'

#122409685
1!
1'
b111000101 +

#122477502
0!
0'

#122545319
1!
1'
b111000100 +

#122613136
0!
0'

#122680953
1!
1'
b111000011 +

#122748770
0!
0'

#122816587
1!
1'
b111000010 +

#122884404
0!
0'

#122952221
1!
1'
b111000001 +

#123020038
0!
0'

#123087855
1!
1'
b111000000 +
1-

#123155672
0!
0'

#123223489
1!
0&
1'
b110111111 +
b1010000 ,
0-

#123291306
0!
0'

#123359123
1!
1'
b110111110 +

#123426940
0!
0'

#123494757
1!
1'
b110111101 +

#123562574
0!
0'

#123630391
1!
1'
b110111100 +

#123698208
0!
0'

#123766025
1!
1'
b110111011 +

#123833842
0!
0'

#123901659
1!
1'
b110111010 +

#123969476
0!
0'

#124037293
1!
1'
b110111001 +

#124105110
0!
0'

#124172927
1!
1'
b110111000 +

#124240744
0!
0'

#124308561
1!
1'
b110110111 +

#124376378
0!
0'

#124444195
1!
1'
b110110110 +

#124512012
0!
0'

#124579829
1!
1'
b110110101 +

#124647646
0!
0'

#124715463
1!
1'
b110110100 +

#124783280
0!
0'

#124851097
1!
1'
b110110011 +

#124918914
0!
0'

#124986731
1!
1'
b110110010 +

#125054548
0!
0'

#125122365
1!
1'
b110110001 +

#125190182
0!
0'

#125257999
1!
1'
b110110000 +

#125325816
0!
0'

#125393633
1!
1'
b110101111 +

#125461450
0!
0'

#125529267
1!
1'
b110101110 +

#125597084
0!
0'

#125664901
1!
1'
b110101101 +

#125732718
0!
0'

#125800535
1!
1'
b110101100 +

#125868352
0!
0'

#125936169
1!
1'
b110101011 +

#126003986
0!
0'

#126071803
1!
1'
b110101010 +

#126139620
0!
0'

#126207437
1!
1'
b110101001 +

#126275254
0!
0'

#126343071
1!
1'
b110101000 +

#126410888
0!
0'

#126478705
1!
1'
b110100111 +

#126546522
0!
0'

#126614339
1!
1'
b110100110 +

#126682156
0!
0'

#126749973
1!
1'
b110100101 +

#126817790
0!
0'

#126885607
1!
1'
b110100100 +

#126953424
0!
0'

#127021241
1!
1'
b110100011 +

#127089058
0!
0'

#127156875
1!
1'
b110100010 +

#127224692
0!
0'

#127292509
1!
1'
b110100001 +

#127360326
0!
0'

#127428143
1!
1'
b110100000 +

#127495960
0!
0'

#127563777
1!
1'
b110011111 +

#127631594
0!
0'

#127699411
1!
1'
b110011110 +

#127767228
0!
0'

#127835045
1!
1'
b110011101 +

#127902862
0!
0'

#127970679
1!
1'
b110011100 +

#128038496
0!
0'

#128106313
1!
1'
b110011011 +

#128174130
0!
0'

#128241947
1!
1'
b110011010 +

#128309764
0!
0'

#128377581
1!
1'
b110011001 +

#128445398
0!
0'

#128513215
1!
1'
b110011000 +

#128581032
0!
0'

#128648849
1!
1'
b110010111 +

#128716666
0!
0'

#128784483
1!
1'
b110010110 +

#128852300
0!
0'

#128920117
1!
1'
b110010101 +

#128987934
0!
0'

#129055751
1!
1'
b110010100 +

#129123568
0!
0'

#129191385
1!
1'
b110010011 +

#129259202
0!
0'

#129327019
1!
1'
b110010010 +

#129394836
0!
0'

#129462653
1!
1'
b110010001 +

#129530470
0!
0'

#129598287
1!
1'
b110010000 +

#129666104
0!
0'

#129733921
1!
1'
b110001111 +

#129801738
0!
0'

#129869555
1!
1'
b110001110 +

#129937372
0!
0'

#130005189
1!
1'
b110001101 +

#130073006
0!
0'

#130140823
1!
1'
b110001100 +

#130208640
0!
0'

#130276457
1!
1'
b110001011 +

#130344274
0!
0'

#130412091
1!
1'
b110001010 +

#130479908
0!
0'

#130547725
1!
1'
b110001001 +

#130615542
0!
0'

#130683359
1!
1'
b110001000 +

#130751176
0!
0'

#130818993
1!
1'
b110000111 +

#130886810
0!
0'

#130954627
1!
1'
b110000110 +

#131022444
0!
0'

#131090261
1!
1'
b110000101 +

#131158078
0!
0'

#131225895
1!
1'
b110000100 +

#131293712
0!
0'

#131361529
1!
1'
b110000011 +

#131429346
0!
0'

#131497163
1!
1'
b110000010 +

#131564980
0!
0'

#131632797
1!
1'
b110000001 +

#131700614
0!
0'

#131768431
1!
1'
b110000000 +
1-

#131836248
0!
0'

#131904065
1!
1'
b101111111 +
b101000 ,
0-

#131971882
0!
0'

#132039699
1!
1'
b101111110 +

#132107516
0!
0'

#132175333
1!
1'
b101111101 +

#132243150
0!
0'

#132310967
1!
1'
b101111100 +

#132378784
0!
0'

#132446601
1!
1'
b101111011 +

#132514418
0!
0'

#132582235
1!
1'
b101111010 +

#132650052
0!
0'

#132717869
1!
1'
b101111001 +

#132785686
0!
0'

#132853503
1!
1'
b101111000 +

#132921320
0!
0'

#132989137
1!
1'
b101110111 +

#133056954
0!
0'

#133124771
1!
1'
b101110110 +

#133192588
0!
0'

#133260405
1!
1'
b101110101 +

#133328222
0!
0'

#133396039
1!
1'
b101110100 +

#133463856
0!
0'

#133531673
1!
1'
b101110011 +

#133599490
0!
0'

#133667307
1!
1'
b101110010 +

#133735124
0!
0'

#133802941
1!
1'
b101110001 +

#133870758
0!
0'

#133938575
1!
1'
b101110000 +

#134006392
0!
0'

#134074209
1!
1'
b101101111 +

#134142026
0!
0'

#134209843
1!
1'
b101101110 +

#134277660
0!
0'

#134345477
1!
1'
b101101101 +

#134413294
0!
0'

#134481111
1!
1'
b101101100 +

#134548928
0!
0'

#134616745
1!
1'
b101101011 +

#134684562
0!
0'

#134752379
1!
1'
b101101010 +

#134820196
0!
0'

#134888013
1!
1'
b101101001 +

#134955830
0!
0'

#135023647
1!
1'
b101101000 +

#135091464
0!
0'

#135159281
1!
1'
b101100111 +

#135227098
0!
0'

#135294915
1!
1'
b101100110 +

#135362732
0!
0'

#135430549
1!
1'
b101100101 +

#135498366
0!
0'

#135566183
1!
1'
b101100100 +

#135634000
0!
0'

#135701817
1!
1'
b101100011 +

#135769634
0!
0'

#135837451
1!
1'
b101100010 +

#135905268
0!
0'

#135973085
1!
1'
b101100001 +

#136040902
0!
0'

#136108719
1!
1'
b101100000 +

#136176536
0!
0'

#136244353
1!
1'
b101011111 +

#136312170
0!
0'

#136379987
1!
1'
b101011110 +

#136447804
0!
0'

#136515621
1!
1'
b101011101 +

#136583438
0!
0'

#136651255
1!
1'
b101011100 +

#136719072
0!
0'

#136786889
1!
1'
b101011011 +

#136854706
0!
0'

#136922523
1!
1'
b101011010 +

#136990340
0!
0'

#137058157
1!
1'
b101011001 +

#137125974
0!
0'

#137193791
1!
1'
b101011000 +

#137261608
0!
0'

#137329425
1!
1'
b101010111 +

#137397242
0!
0'

#137465059
1!
1'
b101010110 +

#137532876
0!
0'

#137600693
1!
1'
b101010101 +

#137668510
0!
0'

#137736327
1!
1'
b101010100 +

#137804144
0!
0'

#137871961
1!
1'
b101010011 +

#137939778
0!
0'

#138007595
1!
1'
b101010010 +

#138075412
0!
0'

#138143229
1!
1'
b101010001 +

#138211046
0!
0'

#138278863
1!
1'
b101010000 +

#138346680
0!
0'

#138414497
1!
1'
b101001111 +

#138482314
0!
0'

#138550131
1!
1'
b101001110 +

#138617948
0!
0'

#138685765
1!
1'
b101001101 +

#138753582
0!
0'

#138821399
1!
1'
b101001100 +

#138889216
0!
0'

#138957033
1!
1'
b101001011 +

#139024850
0!
0'

#139092667
1!
1'
b101001010 +

#139160484
0!
0'

#139228301
1!
1'
b101001001 +

#139296118
0!
0'

#139363935
1!
1'
b101001000 +

#139431752
0!
0'

#139499569
1!
1'
b101000111 +

#139567386
0!
0'

#139635203
1!
1'
b101000110 +

#139703020
0!
0'

#139770837
1!
1'
b101000101 +

#139838654
0!
0'

#139906471
1!
1'
b101000100 +

#139974288
0!
0'

#140042105
1!
1'
b101000011 +

#140109922
0!
0'

#140177739
1!
1'
b101000010 +

#140245556
0!
0'

#140313373
1!
1'
b101000001 +

#140381190
0!
0'

#140449007
1!
1'
b101000000 +
1-

#140516824
0!
0'

#140584641
1!
1'
b100111111 +
b10100 ,
0-

#140652458
0!
0'

#140720275
1!
1'
b100111110 +

#140788092
0!
0'

#140855909
1!
1'
b100111101 +

#140923726
0!
0'

#140991543
1!
1'
b100111100 +

#141059360
0!
0'

#141127177
1!
1'
b100111011 +

#141194994
0!
0'

#141262811
1!
1'
b100111010 +

#141330628
0!
0'

#141398445
1!
1'
b100111001 +

#141466262
0!
0'

#141534079
1!
1'
b100111000 +

#141601896
0!
0'

#141669713
1!
1'
b100110111 +

#141737530
0!
0'

#141805347
1!
1'
b100110110 +

#141873164
0!
0'

#141940981
1!
1'
b100110101 +

#142008798
0!
0'

#142076615
1!
1'
b100110100 +

#142144432
0!
0'

#142212249
1!
1'
b100110011 +

#142280066
0!
0'

#142347883
1!
1'
b100110010 +

#142415700
0!
0'

#142483517
1!
1'
b100110001 +

#142551334
0!
0'

#142619151
1!
1'
b100110000 +

#142686968
0!
0'

#142754785
1!
1'
b100101111 +

#142822602
0!
0'

#142890419
1!
1'
b100101110 +

#142958236
0!
0'

#143026053
1!
1'
b100101101 +

#143093870
0!
0'

#143161687
1!
1'
b100101100 +

#143229504
0!
0'

#143297321
1!
1'
b100101011 +

#143365138
0!
0'

#143432955
1!
1'
b100101010 +

#143500772
0!
0'

#143568589
1!
1'
b100101001 +

#143636406
0!
0'

#143704223
1!
1'
b100101000 +

#143772040
0!
0'

#143839857
1!
1'
b100100111 +

#143907674
0!
0'

#143975491
1!
1'
b100100110 +

#144043308
0!
0'

#144111125
1!
1'
b100100101 +

#144178942
0!
0'

#144246759
1!
1'
b100100100 +

#144314576
0!
0'

#144382393
1!
1'
b100100011 +

#144450210
0!
0'

#144518027
1!
1'
b100100010 +

#144585844
0!
0'

#144653661
1!
1'
b100100001 +

#144721478
0!
0'

#144789295
1!
1'
b100100000 +

#144857112
0!
0'

#144924929
1!
1'
b100011111 +

#144992746
0!
0'

#145060563
1!
1'
b100011110 +

#145128380
0!
0'

#145196197
1!
1'
b100011101 +

#145264014
0!
0'

#145331831
1!
1'
b100011100 +

#145399648
0!
0'

#145467465
1!
1'
b100011011 +

#145535282
0!
0'

#145603099
1!
1'
b100011010 +

#145670916
0!
0'

#145738733
1!
1'
b100011001 +

#145806550
0!
0'

#145874367
1!
1'
b100011000 +

#145942184
0!
0'

#146010001
1!
1'
b100010111 +

#146077818
0!
0'

#146145635
1!
1'
b100010110 +

#146213452
0!
0'

#146281269
1!
1'
b100010101 +

#146349086
0!
0'

#146416903
1!
1'
b100010100 +

#146484720
0!
0'

#146552537
1!
1'
b100010011 +

#146620354
0!
0'

#146688171
1!
1'
b100010010 +

#146755988
0!
0'

#146823805
1!
1'
b100010001 +

#146891622
0!
0'

#146959439
1!
1'
b100010000 +

#147027256
0!
0'

#147095073
1!
1'
b100001111 +

#147162890
0!
0'

#147230707
1!
1'
b100001110 +

#147298524
0!
0'

#147366341
1!
1'
b100001101 +

#147434158
0!
0'

#147501975
1!
1'
b100001100 +

#147569792
0!
0'

#147637609
1!
1'
b100001011 +

#147705426
0!
0'

#147773243
1!
1'
b100001010 +

#147841060
0!
0'

#147908877
1!
1'
b100001001 +

#147976694
0!
0'

#148044511
1!
1'
b100001000 +

#148112328
0!
0'

#148180145
1!
1'
b100000111 +

#148247962
0!
0'

#148315779
1!
1'
b100000110 +

#148383596
0!
0'

#148451413
1!
1'
b100000101 +

#148519230
0!
0'

#148587047
1!
1'
b100000100 +

#148654864
0!
0'

#148722681
1!
1'
b100000011 +

#148790498
0!
0'

#148858315
1!
1'
b100000010 +

#148926132
0!
0'

#148993949
1!
1'
b100000001 +

#149061766
0!
0'

#149129583
1!
1'
b100000000 +
1-

#149197400
0!
0'

#149265217
1!
1'
b11111111 +
b1010 ,
0-

#149333034
0!
0'

#149400851
1!
1'
b11111110 +

#149468668
0!
0'

#149536485
1!
1'
b11111101 +

#149604302
0!
0'

#149672119
1!
1'
b11111100 +

#149739936
0!
0'

#149807753
1!
1'
b11111011 +

#149875570
0!
0'

#149943387
1!
1'
b11111010 +

#150011204
0!
0'

#150079021
1!
1'
b11111001 +

#150146838
0!
0'

#150214655
1!
1'
b11111000 +

#150282472
0!
0'

#150350289
1!
1'
b11110111 +

#150418106
0!
0'

#150485923
1!
1'
b11110110 +

#150553740
0!
0'

#150621557
1!
1'
b11110101 +

#150689374
0!
0'

#150757191
1!
1'
b11110100 +

#150825008
0!
0'

#150892825
1!
1'
b11110011 +

#150960642
0!
0'

#151028459
1!
1'
b11110010 +

#151096276
0!
0'

#151164093
1!
1'
b11110001 +

#151231910
0!
0'

#151299727
1!
1'
b11110000 +

#151367544
0!
0'

#151435361
1!
1'
b11101111 +

#151503178
0!
0'

#151570995
1!
1'
b11101110 +

#151638812
0!
0'

#151706629
1!
1'
b11101101 +

#151774446
0!
0'

#151842263
1!
1'
b11101100 +

#151910080
0!
0'

#151977897
1!
1'
b11101011 +

#152045714
0!
0'

#152113531
1!
1'
b11101010 +

#152181348
0!
0'

#152249165
1!
1'
b11101001 +

#152316982
0!
0'

#152384799
1!
1'
b11101000 +

#152452616
0!
0'

#152520433
1!
1'
b11100111 +

#152588250
0!
0'

#152656067
1!
1'
b11100110 +

#152723884
0!
0'

#152791701
1!
1'
b11100101 +

#152859518
0!
0'

#152927335
1!
1'
b11100100 +

#152995152
0!
0'

#153062969
1!
1'
b11100011 +

#153130786
0!
0'

#153198603
1!
1'
b11100010 +

#153266420
0!
0'

#153334237
1!
1'
b11100001 +

#153402054
0!
0'

#153469871
1!
1'
b11100000 +

#153537688
0!
0'

#153605505
1!
1'
b11011111 +

#153673322
0!
0'

#153741139
1!
1'
b11011110 +

#153808956
0!
0'

#153876773
1!
1'
b11011101 +

#153944590
0!
0'

#154012407
1!
1'
b11011100 +

#154080224
0!
0'

#154148041
1!
1'
b11011011 +

#154215858
0!
0'

#154283675
1!
1'
b11011010 +

#154351492
0!
0'

#154419309
1!
1'
b11011001 +

#154487126
0!
0'

#154554943
1!
1'
b11011000 +

#154622760
0!
0'

#154690577
1!
1'
b11010111 +

#154758394
0!
0'

#154826211
1!
1'
b11010110 +

#154894028
0!
0'

#154961845
1!
1'
b11010101 +

#155029662
0!
0'

#155097479
1!
1'
b11010100 +

#155165296
0!
0'

#155233113
1!
1'
b11010011 +

#155300930
0!
0'

#155368747
1!
1'
b11010010 +

#155436564
0!
0'

#155504381
1!
1'
b11010001 +

#155572198
0!
0'

#155640015
1!
1'
b11010000 +

#155707832
0!
0'

#155775649
1!
1'
b11001111 +

#155843466
0!
0'

#155911283
1!
1'
b11001110 +

#155979100
0!
0'

#156046917
1!
1'
b11001101 +

#156114734
0!
0'

#156182551
1!
1'
b11001100 +

#156250368
0!
0'

#156318185
1!
1'
b11001011 +

#156386002
0!
0'

#156453819
1!
1'
b11001010 +

#156521636
0!
0'

#156589453
1!
1'
b11001001 +

#156657270
0!
0'

#156725087
1!
1'
b11001000 +

#156792904
0!
0'

#156860721
1!
1'
b11000111 +

#156928538
0!
0'

#156996355
1!
1'
b11000110 +

#157064172
0!
0'

#157131989
1!
1'
b11000101 +

#157199806
0!
0'

#157267623
1!
1'
b11000100 +

#157335440
0!
0'

#157403257
1!
1'
b11000011 +

#157471074
0!
0'

#157538891
1!
1'
b11000010 +

#157606708
0!
0'

#157674525
1!
1'
b11000001 +

#157742342
0!
0'

#157810159
1!
1'
b11000000 +
1-

#157877976
0!
0'

#157945793
1!
1&
1'
b10111111 +
b101 ,
0-

#158013610
0!
0'

#158081427
1!
1'
b10111110 +

#158149244
0!
0'

#158217061
1!
1'
b10111101 +

#158284878
0!
0'

#158352695
1!
1'
b10111100 +

#158420512
0!
0'

#158488329
1!
1'
b10111011 +

#158556146
0!
0'

#158623963
1!
1'
b10111010 +

#158691780
0!
0'

#158759597
1!
1'
b10111001 +

#158827414
0!
0'

#158895231
1!
1'
b10111000 +

#158963048
0!
0'

#159030865
1!
1'
b10110111 +

#159098682
0!
0'

#159166499
1!
1'
b10110110 +

#159234316
0!
0'

#159302133
1!
1'
b10110101 +

#159369950
0!
0'

#159437767
1!
1'
b10110100 +

#159505584
0!
0'

#159573401
1!
1'
b10110011 +

#159641218
0!
0'

#159709035
1!
1'
b10110010 +

#159776852
0!
0'

#159844669
1!
1'
b10110001 +

#159912486
0!
0'

#159980303
1!
1'
b10110000 +

#160048120
0!
0'

#160115937
1!
1'
b10101111 +

#160183754
0!
0'

#160251571
1!
1'
b10101110 +

#160319388
0!
0'

#160387205
1!
1'
b10101101 +

#160455022
0!
0'

#160522839
1!
1'
b10101100 +

#160590656
0!
0'

#160658473
1!
1'
b10101011 +

#160726290
0!
0'

#160794107
1!
1'
b10101010 +

#160861924
0!
0'

#160929741
1!
1'
b10101001 +

#160997558
0!
0'

#161065375
1!
1'
b10101000 +

#161133192
0!
0'

#161201009
1!
1'
b10100111 +

#161268826
0!
0'

#161336643
1!
1'
b10100110 +

#161404460
0!
0'

#161472277
1!
1'
b10100101 +

#161540094
0!
0'

#161607911
1!
1'
b10100100 +

#161675728
0!
0'

#161743545
1!
1'
b10100011 +

#161811362
0!
0'

#161879179
1!
1'
b10100010 +

#161946996
0!
0'

#162014813
1!
1'
b10100001 +

#162082630
0!
0'

#162150447
1!
1'
b10100000 +

#162218264
0!
0'

#162286081
1!
1'
b10011111 +

#162353898
0!
0'

#162421715
1!
1'
b10011110 +

#162489532
0!
0'

#162557349
1!
1'
b10011101 +

#162625166
0!
0'

#162692983
1!
1'
b10011100 +

#162760800
0!
0'

#162828617
1!
1'
b10011011 +

#162896434
0!
0'

#162964251
1!
1'
b10011010 +

#163032068
0!
0'

#163099885
1!
1'
b10011001 +

#163167702
0!
0'

#163235519
1!
1'
b10011000 +

#163303336
0!
0'

#163371153
1!
1'
b10010111 +

#163438970
0!
0'

#163506787
1!
1'
b10010110 +

#163574604
0!
0'

#163642421
1!
1'
b10010101 +

#163710238
0!
0'

#163778055
1!
1'
b10010100 +

#163845872
0!
0'

#163913689
1!
1'
b10010011 +

#163981506
0!
0'

#164049323
1!
1'
b10010010 +

#164117140
0!
0'

#164184957
1!
1'
b10010001 +

#164252774
0!
0'

#164320591
1!
1'
b10010000 +

#164388408
0!
0'

#164456225
1!
1'
b10001111 +

#164524042
0!
0'

#164591859
1!
1'
b10001110 +

#164659676
0!
0'

#164727493
1!
1'
b10001101 +

#164795310
0!
0'

#164863127
1!
1'
b10001100 +

#164930944
0!
0'

#164998761
1!
1'
b10001011 +

#165066578
0!
0'

#165134395
1!
1'
b10001010 +

#165202212
0!
0'

#165270029
1!
1'
b10001001 +

#165337846
0!
0'

#165405663
1!
1'
b10001000 +

#165473480
0!
0'

#165541297
1!
1'
b10000111 +

#165609114
0!
0'

#165676931
1!
1'
b10000110 +

#165744748
0!
0'

#165812565
1!
1'
b10000101 +

#165880382
0!
0'

#165948199
1!
1'
b10000100 +

#166016016
0!
0'

#166083833
1!
1'
b10000011 +

#166151650
0!
0'

#166219467
1!
1'
b10000010 +

#166287284
0!
0'

#166355101
1!
1'
b10000001 +

#166422918
0!
0'

#166490735
1!
1'
b10000000 +
1-

#166558552
0!
0'

#166626369
1!
0&
1'
b1111111 +
b10 ,
0-

#166694186
0!
0'

#166762003
1!
1'
b1111110 +

#166829820
0!
0'

#166897637
1!
1'
b1111101 +

#166965454
0!
0'

#167033271
1!
1'
b1111100 +

#167101088
0!
0'

#167168905
1!
1'
b1111011 +

#167236722
0!
0'

#167304539
1!
1'
b1111010 +

#167372356
0!
0'

#167440173
1!
1'
b1111001 +

#167507990
0!
0'

#167575807
1!
1'
b1111000 +

#167643624
0!
0'

#167711441
1!
1'
b1110111 +

#167779258
0!
0'

#167847075
1!
1'
b1110110 +

#167914892
0!
0'

#167982709
1!
1'
b1110101 +

#168050526
0!
0'

#168118343
1!
1'
b1110100 +

#168186160
0!
0'

#168253977
1!
1'
b1110011 +

#168321794
0!
0'

#168389611
1!
1'
b1110010 +

#168457428
0!
0'

#168525245
1!
1'
b1110001 +

#168593062
0!
0'

#168660879
1!
1'
b1110000 +

#168728696
0!
0'

#168796513
1!
1'
b1101111 +

#168864330
0!
0'

#168932147
1!
1'
b1101110 +

#168999964
0!
0'

#169067781
1!
1'
b1101101 +

#169135598
0!
0'

#169203415
1!
1'
b1101100 +

#169271232
0!
0'

#169339049
1!
1'
b1101011 +

#169406866
0!
0'

#169474683
1!
1'
b1101010 +

#169542500
0!
0'

#169610317
1!
1'
b1101001 +

#169678134
0!
0'

#169745951
1!
1'
b1101000 +

#169813768
0!
0'

#169881585
1!
1'
b1100111 +

#169949402
0!
0'

#170017219
1!
1'
b1100110 +

#170085036
0!
0'

#170152853
1!
1'
b1100101 +

#170220670
0!
0'

#170288487
1!
1'
b1100100 +

#170356304
0!
0'

#170424121
1!
1'
b1100011 +

#170491938
0!
0'

#170559755
1!
1'
b1100010 +

#170627572
0!
0'

#170695389
1!
1'
b1100001 +

#170763206
0!
0'

#170831023
1!
1'
b1100000 +

#170898840
0!
0'

#170966657
1!
1'
b1011111 +

#171034474
0!
0'

#171102291
1!
1'
b1011110 +

#171170108
0!
0'

#171237925
1!
1'
b1011101 +

#171305742
0!
0'

#171373559
1!
1'
b1011100 +

#171441376
0!
0'

#171509193
1!
1'
b1011011 +

#171577010
0!
0'

#171644827
1!
1'
b1011010 +

#171712644
0!
0'

#171780461
1!
1'
b1011001 +

#171848278
0!
0'

#171916095
1!
1'
b1011000 +

#171983912
0!
0'

#172051729
1!
1'
b1010111 +

#172119546
0!
0'

#172187363
1!
1'
b1010110 +

#172255180
0!
0'

#172322997
1!
1'
b1010101 +

#172390814
0!
0'

#172458631
1!
1'
b1010100 +

#172526448
0!
0'

#172594265
1!
1'
b1010011 +

#172662082
0!
0'

#172729899
1!
1'
b1010010 +

#172797716
0!
0'

#172865533
1!
1'
b1010001 +

#172933350
0!
0'

#173001167
1!
1'
b1010000 +

#173068984
0!
0'

#173136801
1!
1'
b1001111 +

#173204618
0!
0'

#173272435
1!
1'
b1001110 +

#173340252
0!
0'

#173408069
1!
1'
b1001101 +

#173475886
0!
0'

#173543703
1!
1'
b1001100 +

#173611520
0!
0'

#173679337
1!
1'
b1001011 +

#173747154
0!
0'

#173814971
1!
1'
b1001010 +

#173882788
0!
0'

#173950605
1!
1'
b1001001 +

#174018422
0!
0'

#174086239
1!
1'
b1001000 +

#174154056
0!
0'

#174221873
1!
1'
b1000111 +

#174289690
0!
0'

#174357507
1!
1'
b1000110 +

#174425324
0!
0'

#174493141
1!
1'
b1000101 +

#174560958
0!
0'

#174628775
1!
1'
b1000100 +

#174696592
0!
0'

#174764409
1!
1'
b1000011 +

#174832226
0!
0'

#174900043
1!
1'
b1000010 +

#174967860
0!
0'

#175035677
1!
1'
b1000001 +

#175103494
0!
0'

#175171311
1!
1'
b1000000 +
1-

#175239128
0!
0'

#175306945
1!
1&
1'
b111111 +
b1 ,
0-

#175374762
0!
0'

#175442579
1!
1'
b111110 +

#175510396
0!
0'

#175578213
1!
1'
b111101 +

#175646030
0!
0'

#175713847
1!
1'
b111100 +

#175781664
0!
0'

#175849481
1!
1'
b111011 +

#175917298
0!
0'

#175985115
1!
1'
b111010 +

#176052932
0!
0'

#176120749
1!
1'
b111001 +

#176188566
0!
0'

#176256383
1!
1'
b111000 +

#176324200
0!
0'

#176392017
1!
1'
b110111 +

#176459834
0!
0'

#176527651
1!
1'
b110110 +

#176595468
0!
0'

#176663285
1!
1'
b110101 +

#176731102
0!
0'

#176798919
1!
1'
b110100 +

#176866736
0!
0'

#176934553
1!
1'
b110011 +

#177002370
0!
0'

#177070187
1!
1'
b110010 +

#177138004
0!
0'

#177205821
1!
1'
b110001 +

#177273638
0!
0'

#177341455
1!
1'
b110000 +

#177409272
0!
0'

#177477089
1!
1'
b101111 +

#177544906
0!
0'

#177612723
1!
1'
b101110 +

#177680540
0!
0'

#177748357
1!
1'
b101101 +

#177816174
0!
0'

#177883991
1!
1'
b101100 +

#177951808
0!
0'

#178019625
1!
1'
b101011 +

#178087442
0!
0'

#178155259
1!
1'
b101010 +

#178223076
0!
0'

#178290893
1!
1'
b101001 +

#178358710
0!
0'

#178426527
1!
1'
b101000 +

#178494344
0!
0'

#178562161
1!
1'
b100111 +

#178629978
0!
0'

#178697795
1!
1'
b100110 +

#178765612
0!
0'

#178833429
1!
1'
b100101 +

#178901246
0!
0'

#178969063
1!
1'
b100100 +

#179036880
0!
0'

#179104697
1!
1'
b100011 +

#179172514
0!
0'

#179240331
1!
1'
b100010 +

#179308148
0!
0'

#179375965
1!
1'
b100001 +

#179443782
0!
0'

#179511599
1!
1'
b100000 +

#179579416
0!
0'

#179647233
1!
1'
b11111 +

#179715050
0!
0'

#179782867
1!
1'
b11110 +

#179850684
0!
0'

#179918501
1!
1'
b11101 +

#179986318
0!
0'

#180054135
1!
1'
b11100 +

#180121952
0!
0'

#180189769
1!
1'
b11011 +

#180257586
0!
0'

#180325403
1!
1'
b11010 +

#180393220
0!
0'

#180461037
1!
1'
b11001 +

#180528854
0!
0'

#180596671
1!
1'
b11000 +

#180664488
0!
0'

#180732305
1!
1'
b10111 +

#180800122
0!
0'

#180867939
1!
1'
b10110 +

#180935756
0!
0'

#181003573
1!
1'
b10101 +

#181071390
0!
0'

#181139207
1!
1'
b10100 +

#181207024
0!
0'

#181274841
1!
1'
b10011 +

#181342658
0!
0'

#181410475
1!
1'
b10010 +

#181478292
0!
0'

#181546109
1!
1'
b10001 +

#181613926
0!
0'

#181681743
1!
1'
b10000 +

#181749560
0!
0'

#181817377
1!
1'
b1111 +

#181885194
0!
0'

#181953011
1!
1'
b1110 +

#182020828
0!
0'

#182088645
1!
1'
b1101 +

#182156462
0!
0'

#182224279
1!
1'
b1100 +

#182292096
0!
0'

#182359913
1!
1'
b1011 +

#182427730
0!
0'

#182495547
1!
1'
b1010 +

#182563364
0!
0'

#182631181
1!
1'
b1001 +

#182698998
0!
0'

#182766815
1!
1'
b1000 +

#182834632
0!
0'

#182902449
1!
1'
b111 +

#182970266
0!
0'

#183038083
1!
1'
b110 +

#183105900
0!
0'

#183173717
1!
1'
b101 +

#183241534
0!
0'

#183309351
1!
1'
b100 +

#183377168
0!
0'

#183444985
1!
1'
b11 +

#183512802
0!
0'

#183580619
1!
1'
b10 +

#183648436
0!
0'

#183716253
1!
1'
b1 +

#183784070
0!
0'

#183851887
1!
1%
1'
b0 +
1-

#183919704
0!
0'

#183987521
1!
1'

#184055338
0!
0'

#184123155
1!
1'

#184190972
0!
0'

#184258789
1!
1'

#184326606
0!
0'

#184394423
1!
1'

#184462240
0!
0'

#184530057
1!
1'

#184597874
0!
0'

#184665691
1!
1'

#184733508
0!
0'

#184801325
1!
1'

#184869142
0!
0'

#184936959
1!
1'

#185004776
0!
0'

#185072593
1!
1'

#185140410
0!
0'

#185208227
1!
1'

#185276044
0!
0'

#185343861
1!
1'

#185411678
0!
0'

#185479495
1!
1'

#185547312
0!
0'

#185615129
1!
1'

#185682946
0!
0'

#185750763
1!
1'

#185818580
0!
0'

#185886397
1!
1'

#185954214
0!
0'

#186022031
1!
1'

#186089848
0!
0'

#186157665
1!
1'

#186225482
0!
0'

#186293299
1!
1'

#186361116
0!
0'

#186428933
1!
1'

#186496750
0!
0'

#186564567
1!
1'

#186632384
0!
0'

#186700201
1!
1'

#186768018
0!
0'

#186835835
1!
1'

#186903652
0!
0'

#186971469
1!
1'

#187039286
0!
0'

#187107103
1!
1'

#187174920
0!
0'

#187242737
1!
1'

#187310554
0!
0'

#187378371
1!
1'

#187446188
0!
0'

#187514005
1!
1'

#187581822
0!
0'

#187649639
1!
1'

#187717456
0!
0'

#187785273
1!
1'

#187853090
0!
0'

#187920907
1!
1'

#187988724
0!
0'

#188056541
1!
1'

#188124358
0!
0'

#188192175
1!
1'

#188259992
0!
0'

#188327809
1!
1'

#188395626
0!
0'

#188463443
1!
1'

#188531260
0!
0'

#188599077
1!
1'

#188666894
0!
0'

#188734711
1!
1'

#188802528
0!
0'

#188870345
1!
1'

#188938162
0!
0'

#189005979
1!
1'

#189073796
0!
0'

#189141613
1!
1'

#189209430
0!
0'

#189277247
1!
1'

#189345064
0!
0'

#189412881
1!
1'

#189480698
0!
0'

#189548515
1!
1'

#189616332
0!
0'

#189684149
1!
1'

#189751966
0!
0'

#189819783
1!
1'

#189887600
0!
0'

#189955417
1!
1'

#190023234
0!
0'

#190091051
1!
1'

#190158868
0!
0'

#190226685
1!
1'

#190294502
0!
0'

#190362319
1!
1'

#190430136
0!
0'

#190497953
1!
1'

#190565770
0!
0'

#190633587
1!
1'

#190701404
0!
0'

#190769221
1!
1'

#190837038
0!
0'

#190904855
1!
1'

#190972672
0!
0'

#191040489
1!
1'

#191108306
0!
0'

#191176123
1!
1'

#191243940
0!
0'

#191311757
1!
1'

#191379574
0!
0'

#191447391
1!
1'

#191515208
0!
0'

#191583025
1!
1'

#191650842
0!
0'

#191718659
1!
1'

#191786476
0!
0'

#191854293
1!
1'

#191922110
0!
0'

#191989927
1!
1'

#192057744
0!
0'

#192125561
1!
1'

#192193378
0!
0'

#192261195
1!
1'

#192329012
0!
0'

#192396829
1!
1'

#192464646
0!
0'

#192532463
1!
1'

#192600280
0!
0'

#192668097
1!
1'

#192735914
0!
0'

#192803731
1!
1'

#192871548
0!
0'

#192939365
1!
1'

#193007182
0!
0'

#193074999
1!
1'

#193142816
0!
0'

#193210633
1!
1'

#193278450
0!
0'

#193346267
1!
1'

#193414084
0!
0'

#193481901
1!
1'

#193549718
0!
0'

#193617535
1!
1'

#193685352
0!
0'

#193753169
1!
1'

#193820986
0!
0'

#193888803
1!
1'

#193889803
b1000011 #
1$
b1000011 )
1*

#193956620
0!
0'

#194024437
1!
0%
0&
1'
b1001111111 +
b1010000110 ,
0-

#194092254
0!
0'

#194160071
1!
1'
b1001111110 +

#194161071
0$
0*

#194227888
0!
0'

#194295705
1!
1'
b1001111101 +

#194363522
0!
0'

#194431339
1!
1'
b1001111100 +

#194499156
0!
0'

#194566973
1!
1'
b1001111011 +

#194634790
0!
0'

#194702607
1!
1'
b1001111010 +

#194770424
0!
0'

#194838241
1!
1'
b1001111001 +

#194906058
0!
0'

#194973875
1!
1'
b1001111000 +

#195041692
0!
0'

#195109509
1!
1'
b1001110111 +

#195177326
0!
0'

#195245143
1!
1'
b1001110110 +

#195312960
0!
0'

#195380777
1!
1'
b1001110101 +

#195448594
0!
0'

#195516411
1!
1'
b1001110100 +

#195584228
0!
0'

#195652045
1!
1'
b1001110011 +

#195719862
0!
0'

#195787679
1!
1'
b1001110010 +

#195855496
0!
0'

#195923313
1!
1'
b1001110001 +

#195991130
0!
0'

#196058947
1!
1'
b1001110000 +

#196126764
0!
0'

#196194581
1!
1'
b1001101111 +

#196262398
0!
0'

#196330215
1!
1'
b1001101110 +

#196398032
0!
0'

#196465849
1!
1'
b1001101101 +

#196533666
0!
0'

#196601483
1!
1'
b1001101100 +

#196669300
0!
0'

#196737117
1!
1'
b1001101011 +

#196804934
0!
0'

#196872751
1!
1'
b1001101010 +

#196940568
0!
0'

#197008385
1!
1'
b1001101001 +

#197076202
0!
0'

#197144019
1!
1'
b1001101000 +

#197211836
0!
0'

#197279653
1!
1'
b1001100111 +

#197347470
0!
0'

#197415287
1!
1'
b1001100110 +

#197483104
0!
0'

#197550921
1!
1'
b1001100101 +

#197618738
0!
0'

#197686555
1!
1'
b1001100100 +

#197754372
0!
0'

#197822189
1!
1'
b1001100011 +

#197890006
0!
0'

#197957823
1!
1'
b1001100010 +

#198025640
0!
0'

#198093457
1!
1'
b1001100001 +

#198161274
0!
0'

#198229091
1!
1'
b1001100000 +

#198296908
0!
0'

#198364725
1!
1'
b1001011111 +

#198432542
0!
0'

#198500359
1!
1'
b1001011110 +

#198568176
0!
0'

#198635993
1!
1'
b1001011101 +

#198703810
0!
0'

#198771627
1!
1'
b1001011100 +

#198839444
0!
0'

#198907261
1!
1'
b1001011011 +

#198975078
0!
0'

#199042895
1!
1'
b1001011010 +

#199110712
0!
0'

#199178529
1!
1'
b1001011001 +

#199246346
0!
0'

#199314163
1!
1'
b1001011000 +

#199381980
0!
0'

#199449797
1!
1'
b1001010111 +

#199517614
0!
0'

#199585431
1!
1'
b1001010110 +

#199653248
0!
0'

#199721065
1!
1'
b1001010101 +

#199788882
0!
0'

#199856699
1!
1'
b1001010100 +

#199924516
0!
0'

#199992333
1!
1'
b1001010011 +

#200060150
0!
0'

#200127967
1!
1'
b1001010010 +

#200195784
0!
0'

#200263601
1!
1'
b1001010001 +

#200331418
0!
0'

#200399235
1!
1'
b1001010000 +

#200467052
0!
0'

#200534869
1!
1'
b1001001111 +

#200602686
0!
0'

#200670503
1!
1'
b1001001110 +

#200738320
0!
0'

#200806137
1!
1'
b1001001101 +

#200873954
0!
0'

#200941771
1!
1'
b1001001100 +

#201009588
0!
0'

#201077405
1!
1'
b1001001011 +

#201145222
0!
0'

#201213039
1!
1'
b1001001010 +

#201280856
0!
0'

#201348673
1!
1'
b1001001001 +

#201416490
0!
0'

#201484307
1!
1'
b1001001000 +

#201552124
0!
0'

#201619941
1!
1'
b1001000111 +

#201687758
0!
0'

#201755575
1!
1'
b1001000110 +

#201823392
0!
0'

#201891209
1!
1'
b1001000101 +

#201959026
0!
0'

#202026843
1!
1'
b1001000100 +

#202094660
0!
0'

#202162477
1!
1'
b1001000011 +

#202230294
0!
0'

#202298111
1!
1'
b1001000010 +

#202365928
0!
0'

#202433745
1!
1'
b1001000001 +

#202501562
0!
0'

#202569379
1!
1'
b1001000000 +
1-

#202637196
0!
0'

#202705013
1!
1&
1'
b1000111111 +
b101000011 ,
0-

#202772830
0!
0'

#202840647
1!
1'
b1000111110 +

#202908464
0!
0'

#202976281
1!
1'
b1000111101 +

#203044098
0!
0'

#203111915
1!
1'
b1000111100 +

#203179732
0!
0'

#203247549
1!
1'
b1000111011 +

#203315366
0!
0'

#203383183
1!
1'
b1000111010 +

#203451000
0!
0'

#203518817
1!
1'
b1000111001 +

#203586634
0!
0'

#203654451
1!
1'
b1000111000 +

#203722268
0!
0'

#203790085
1!
1'
b1000110111 +

#203857902
0!
0'

#203925719
1!
1'
b1000110110 +

#203993536
0!
0'

#204061353
1!
1'
b1000110101 +

#204129170
0!
0'

#204196987
1!
1'
b1000110100 +

#204264804
0!
0'

#204332621
1!
1'
b1000110011 +

#204400438
0!
0'

#204468255
1!
1'
b1000110010 +

#204536072
0!
0'

#204603889
1!
1'
b1000110001 +

#204671706
0!
0'

#204739523
1!
1'
b1000110000 +

#204807340
0!
0'

#204875157
1!
1'
b1000101111 +

#204942974
0!
0'

#205010791
1!
1'
b1000101110 +

#205078608
0!
0'

#205146425
1!
1'
b1000101101 +

#205214242
0!
0'

#205282059
1!
1'
b1000101100 +

#205349876
0!
0'

#205417693
1!
1'
b1000101011 +

#205485510
0!
0'

#205553327
1!
1'
b1000101010 +

#205621144
0!
0'

#205688961
1!
1'
b1000101001 +

#205756778
0!
0'

#205824595
1!
1'
b1000101000 +

#205892412
0!
0'

#205960229
1!
1'
b1000100111 +

#206028046
0!
0'

#206095863
1!
1'
b1000100110 +

#206163680
0!
0'

#206231497
1!
1'
b1000100101 +

#206299314
0!
0'

#206367131
1!
1'
b1000100100 +

#206434948
0!
0'

#206502765
1!
1'
b1000100011 +

#206570582
0!
0'

#206638399
1!
1'
b1000100010 +

#206706216
0!
0'

#206774033
1!
1'
b1000100001 +

#206841850
0!
0'

#206909667
1!
1'
b1000100000 +

#206977484
0!
0'

#207045301
1!
1'
b1000011111 +

#207113118
0!
0'

#207180935
1!
1'
b1000011110 +

#207248752
0!
0'

#207316569
1!
1'
b1000011101 +

#207384386
0!
0'

#207452203
1!
1'
b1000011100 +

#207520020
0!
0'

#207587837
1!
1'
b1000011011 +

#207655654
0!
0'

#207723471
1!
1'
b1000011010 +

#207791288
0!
0'

#207859105
1!
1'
b1000011001 +

#207926922
0!
0'

#207994739
1!
1'
b1000011000 +

#208062556
0!
0'

#208130373
1!
1'
b1000010111 +

#208198190
0!
0'

#208266007
1!
1'
b1000010110 +

#208333824
0!
0'

#208401641
1!
1'
b1000010101 +

#208469458
0!
0'

#208537275
1!
1'
b1000010100 +

#208605092
0!
0'

#208672909
1!
1'
b1000010011 +

#208740726
0!
0'

#208808543
1!
1'
b1000010010 +

#208876360
0!
0'

#208944177
1!
1'
b1000010001 +

#209011994
0!
0'

#209079811
1!
1'
b1000010000 +

#209147628
0!
0'

#209215445
1!
1'
b1000001111 +

#209283262
0!
0'

#209351079
1!
1'
b1000001110 +

#209418896
0!
0'

#209486713
1!
1'
b1000001101 +

#209554530
0!
0'

#209622347
1!
1'
b1000001100 +

#209690164
0!
0'

#209757981
1!
1'
b1000001011 +

#209825798
0!
0'

#209893615
1!
1'
b1000001010 +

#209961432
0!
0'

#210029249
1!
1'
b1000001001 +

#210097066
0!
0'

#210164883
1!
1'
b1000001000 +

#210232700
0!
0'

#210300517
1!
1'
b1000000111 +

#210368334
0!
0'

#210436151
1!
1'
b1000000110 +

#210503968
0!
0'

#210571785
1!
1'
b1000000101 +

#210639602
0!
0'

#210707419
1!
1'
b1000000100 +

#210775236
0!
0'

#210843053
1!
1'
b1000000011 +

#210910870
0!
0'

#210978687
1!
1'
b1000000010 +

#211046504
0!
0'

#211114321
1!
1'
b1000000001 +

#211182138
0!
0'

#211249955
1!
1'
b1000000000 +
1-

#211317772
0!
0'

#211385589
1!
1'
b111111111 +
b10100001 ,
0-

#211453406
0!
0'

#211521223
1!
1'
b111111110 +

#211589040
0!
0'

#211656857
1!
1'
b111111101 +

#211724674
0!
0'

#211792491
1!
1'
b111111100 +

#211860308
0!
0'

#211928125
1!
1'
b111111011 +

#211995942
0!
0'

#212063759
1!
1'
b111111010 +

#212131576
0!
0'

#212199393
1!
1'
b111111001 +

#212267210
0!
0'

#212335027
1!
1'
b111111000 +

#212402844
0!
0'

#212470661
1!
1'
b111110111 +

#212538478
0!
0'

#212606295
1!
1'
b111110110 +

#212674112
0!
0'

#212741929
1!
1'
b111110101 +

#212809746
0!
0'

#212877563
1!
1'
b111110100 +

#212945380
0!
0'

#213013197
1!
1'
b111110011 +

#213081014
0!
0'

#213148831
1!
1'
b111110010 +

#213216648
0!
0'

#213284465
1!
1'
b111110001 +

#213352282
0!
0'

#213420099
1!
1'
b111110000 +

#213487916
0!
0'

#213555733
1!
1'
b111101111 +

#213623550
0!
0'

#213691367
1!
1'
b111101110 +

#213759184
0!
0'

#213827001
1!
1'
b111101101 +

#213894818
0!
0'

#213962635
1!
1'
b111101100 +

#214030452
0!
0'

#214098269
1!
1'
b111101011 +

#214166086
0!
0'

#214233903
1!
1'
b111101010 +

#214301720
0!
0'

#214369537
1!
1'
b111101001 +

#214437354
0!
0'

#214505171
1!
1'
b111101000 +

#214572988
0!
0'

#214640805
1!
1'
b111100111 +

#214708622
0!
0'

#214776439
1!
1'
b111100110 +

#214844256
0!
0'

#214912073
1!
1'
b111100101 +

#214979890
0!
0'

#215047707
1!
1'
b111100100 +

#215115524
0!
0'

#215183341
1!
1'
b111100011 +

#215251158
0!
0'

#215318975
1!
1'
b111100010 +

#215386792
0!
0'

#215454609
1!
1'
b111100001 +

#215522426
0!
0'

#215590243
1!
1'
b111100000 +

#215658060
0!
0'

#215725877
1!
1'
b111011111 +

#215793694
0!
0'

#215861511
1!
1'
b111011110 +

#215929328
0!
0'

#215997145
1!
1'
b111011101 +

#216064962
0!
0'

#216132779
1!
1'
b111011100 +

#216200596
0!
0'

#216268413
1!
1'
b111011011 +

#216336230
0!
0'

#216404047
1!
1'
b111011010 +

#216471864
0!
0'

#216539681
1!
1'
b111011001 +

#216607498
0!
0'

#216675315
1!
1'
b111011000 +

#216743132
0!
0'

#216810949
1!
1'
b111010111 +

#216878766
0!
0'

#216946583
1!
1'
b111010110 +

#217014400
0!
0'

#217082217
1!
1'
b111010101 +

#217150034
0!
0'

#217217851
1!
1'
b111010100 +

#217285668
0!
0'

#217353485
1!
1'
b111010011 +

#217421302
0!
0'

#217489119
1!
1'
b111010010 +

#217556936
0!
0'

#217624753
1!
1'
b111010001 +

#217692570
0!
0'

#217760387
1!
1'
b111010000 +

#217828204
0!
0'

#217896021
1!
1'
b111001111 +

#217963838
0!
0'

#218031655
1!
1'
b111001110 +

#218099472
0!
0'

#218167289
1!
1'
b111001101 +

#218235106
0!
0'

#218302923
1!
1'
b111001100 +

#218370740
0!
0'

#218438557
1!
1'
b111001011 +

#218506374
0!
0'

#218574191
1!
1'
b111001010 +

#218642008
0!
0'

#218709825
1!
1'
b111001001 +

#218777642
0!
0'

#218845459
1!
1'
b111001000 +

#218913276
0!
0'

#218981093
1!
1'
b111000111 +

#219048910
0!
0'

#219116727
1!
1'
b111000110 +

#219184544
0!
0'

#219252361
1!
1'
b111000101 +

#219320178
0!
0'

#219387995
1!
1'
b111000100 +

#219455812
0!
0'

#219523629
1!
1'
b111000011 +

#219591446
0!
0'

#219659263
1!
1'
b111000010 +

#219727080
0!
0'

#219794897
1!
1'
b111000001 +

#219862714
0!
0'

#219930531
1!
1'
b111000000 +
1-

#219998348
0!
0'

#220066165
1!
0&
1'
b110111111 +
b1010000 ,
0-

#220133982
0!
0'

#220201799
1!
1'
b110111110 +

#220269616
0!
0'

#220337433
1!
1'
b110111101 +

#220405250
0!
0'

#220473067
1!
1'
b110111100 +

#220540884
0!
0'

#220608701
1!
1'
b110111011 +

#220676518
0!
0'

#220744335
1!
1'
b110111010 +

#220812152
0!
0'

#220879969
1!
1'
b110111001 +

#220947786
0!
0'

#221015603
1!
1'
b110111000 +

#221083420
0!
0'

#221151237
1!
1'
b110110111 +

#221219054
0!
0'

#221286871
1!
1'
b110110110 +

#221354688
0!
0'

#221422505
1!
1'
b110110101 +

#221490322
0!
0'

#221558139
1!
1'
b110110100 +

#221625956
0!
0'

#221693773
1!
1'
b110110011 +

#221761590
0!
0'

#221829407
1!
1'
b110110010 +

#221897224
0!
0'

#221965041
1!
1'
b110110001 +

#222032858
0!
0'

#222100675
1!
1'
b110110000 +

#222168492
0!
0'

#222236309
1!
1'
b110101111 +

#222304126
0!
0'

#222371943
1!
1'
b110101110 +

#222439760
0!
0'

#222507577
1!
1'
b110101101 +

#222575394
0!
0'

#222643211
1!
1'
b110101100 +

#222711028
0!
0'

#222778845
1!
1'
b110101011 +

#222846662
0!
0'

#222914479
1!
1'
b110101010 +

#222982296
0!
0'

#223050113
1!
1'
b110101001 +

#223117930
0!
0'

#223185747
1!
1'
b110101000 +

#223253564
0!
0'

#223321381
1!
1'
b110100111 +

#223389198
0!
0'

#223457015
1!
1'
b110100110 +

#223524832
0!
0'

#223592649
1!
1'
b110100101 +

#223660466
0!
0'

#223728283
1!
1'
b110100100 +

#223796100
0!
0'

#223863917
1!
1'
b110100011 +

#223931734
0!
0'

#223999551
1!
1'
b110100010 +

#224067368
0!
0'

#224135185
1!
1'
b110100001 +

#224203002
0!
0'

#224270819
1!
1'
b110100000 +

#224338636
0!
0'

#224406453
1!
1'
b110011111 +

#224474270
0!
0'

#224542087
1!
1'
b110011110 +

#224609904
0!
0'

#224677721
1!
1'
b110011101 +

#224745538
0!
0'

#224813355
1!
1'
b110011100 +

#224881172
0!
0'

#224948989
1!
1'
b110011011 +

#225016806
0!
0'

#225084623
1!
1'
b110011010 +

#225152440
0!
0'

#225220257
1!
1'
b110011001 +

#225288074
0!
0'

#225355891
1!
1'
b110011000 +

#225423708
0!
0'

#225491525
1!
1'
b110010111 +

#225559342
0!
0'

#225627159
1!
1'
b110010110 +

#225694976
0!
0'

#225762793
1!
1'
b110010101 +

#225830610
0!
0'

#225898427
1!
1'
b110010100 +

#225966244
0!
0'

#226034061
1!
1'
b110010011 +

#226101878
0!
0'

#226169695
1!
1'
b110010010 +

#226237512
0!
0'

#226305329
1!
1'
b110010001 +

#226373146
0!
0'

#226440963
1!
1'
b110010000 +

#226508780
0!
0'

#226576597
1!
1'
b110001111 +

#226644414
0!
0'

#226712231
1!
1'
b110001110 +

#226780048
0!
0'

#226847865
1!
1'
b110001101 +

#226915682
0!
0'

#226983499
1!
1'
b110001100 +

#227051316
0!
0'

#227119133
1!
1'
b110001011 +

#227186950
0!
0'

#227254767
1!
1'
b110001010 +

#227322584
0!
0'

#227390401
1!
1'
b110001001 +

#227458218
0!
0'

#227526035
1!
1'
b110001000 +

#227593852
0!
0'

#227661669
1!
1'
b110000111 +

#227729486
0!
0'

#227797303
1!
1'
b110000110 +

#227865120
0!
0'

#227932937
1!
1'
b110000101 +

#228000754
0!
0'

#228068571
1!
1'
b110000100 +

#228136388
0!
0'

#228204205
1!
1'
b110000011 +

#228272022
0!
0'

#228339839
1!
1'
b110000010 +

#228407656
0!
0'

#228475473
1!
1'
b110000001 +

#228543290
0!
0'

#228611107
1!
1'
b110000000 +
1-

#228678924
0!
0'

#228746741
1!
1'
b101111111 +
b101000 ,
0-

#228814558
0!
0'

#228882375
1!
1'
b101111110 +

#228950192
0!
0'

#229018009
1!
1'
b101111101 +

#229085826
0!
0'

#229153643
1!
1'
b101111100 +

#229221460
0!
0'

#229289277
1!
1'
b101111011 +

#229357094
0!
0'

#229424911
1!
1'
b101111010 +

#229492728
0!
0'

#229560545
1!
1'
b101111001 +

#229628362
0!
0'

#229696179
1!
1'
b101111000 +

#229763996
0!
0'

#229831813
1!
1'
b101110111 +

#229899630
0!
0'

#229967447
1!
1'
b101110110 +

#230035264
0!
0'

#230103081
1!
1'
b101110101 +

#230170898
0!
0'

#230238715
1!
1'
b101110100 +

#230306532
0!
0'

#230374349
1!
1'
b101110011 +

#230442166
0!
0'

#230509983
1!
1'
b101110010 +

#230577800
0!
0'

#230645617
1!
1'
b101110001 +

#230713434
0!
0'

#230781251
1!
1'
b101110000 +

#230849068
0!
0'

#230916885
1!
1'
b101101111 +

#230984702
0!
0'

#231052519
1!
1'
b101101110 +

#231120336
0!
0'

#231188153
1!
1'
b101101101 +

#231255970
0!
0'

#231323787
1!
1'
b101101100 +

#231391604
0!
0'

#231459421
1!
1'
b101101011 +

#231527238
0!
0'

#231595055
1!
1'
b101101010 +

#231662872
0!
0'

#231730689
1!
1'
b101101001 +

#231798506
0!
0'

#231866323
1!
1'
b101101000 +

#231934140
0!
0'

#232001957
1!
1'
b101100111 +

#232069774
0!
0'

#232137591
1!
1'
b101100110 +

#232205408
0!
0'

#232273225
1!
1'
b101100101 +

#232341042
0!
0'

#232408859
1!
1'
b101100100 +

#232476676
0!
0'

#232544493
1!
1'
b101100011 +

#232612310
0!
0'

#232680127
1!
1'
b101100010 +

#232747944
0!
0'

#232815761
1!
1'
b101100001 +

#232883578
0!
0'

#232951395
1!
1'
b101100000 +

#233019212
0!
0'

#233087029
1!
1'
b101011111 +

#233154846
0!
0'

#233222663
1!
1'
b101011110 +

#233290480
0!
0'

#233358297
1!
1'
b101011101 +

#233426114
0!
0'

#233493931
1!
1'
b101011100 +

#233561748
0!
0'

#233629565
1!
1'
b101011011 +

#233697382
0!
0'

#233765199
1!
1'
b101011010 +

#233833016
0!
0'

#233900833
1!
1'
b101011001 +

#233968650
0!
0'

#234036467
1!
1'
b101011000 +

#234104284
0!
0'

#234172101
1!
1'
b101010111 +

#234239918
0!
0'

#234307735
1!
1'
b101010110 +

#234375552
0!
0'

#234443369
1!
1'
b101010101 +

#234511186
0!
0'

#234579003
1!
1'
b101010100 +

#234646820
0!
0'

#234714637
1!
1'
b101010011 +

#234782454
0!
0'

#234850271
1!
1'
b101010010 +

#234918088
0!
0'

#234985905
1!
1'
b101010001 +

#235053722
0!
0'

#235121539
1!
1'
b101010000 +

#235189356
0!
0'

#235257173
1!
1'
b101001111 +

#235324990
0!
0'

#235392807
1!
1'
b101001110 +

#235460624
0!
0'

#235528441
1!
1'
b101001101 +

#235596258
0!
0'

#235664075
1!
1'
b101001100 +

#235731892
0!
0'

#235799709
1!
1'
b101001011 +

#235867526
0!
0'

#235935343
1!
1'
b101001010 +

#236003160
0!
0'

#236070977
1!
1'
b101001001 +

#236138794
0!
0'

#236206611
1!
1'
b101001000 +

#236274428
0!
0'

#236342245
1!
1'
b101000111 +

#236410062
0!
0'

#236477879
1!
1'
b101000110 +

#236545696
0!
0'

#236613513
1!
1'
b101000101 +

#236681330
0!
0'

#236749147
1!
1'
b101000100 +

#236816964
0!
0'

#236884781
1!
1'
b101000011 +

#236952598
0!
0'

#237020415
1!
1'
b101000010 +

#237088232
0!
0'

#237156049
1!
1'
b101000001 +

#237223866
0!
0'

#237291683
1!
1'
b101000000 +
1-

#237359500
0!
0'

#237427317
1!
1'
b100111111 +
b10100 ,
0-

#237495134
0!
0'

#237562951
1!
1'
b100111110 +

#237630768
0!
0'

#237698585
1!
1'
b100111101 +

#237766402
0!
0'

#237834219
1!
1'
b100111100 +

#237902036
0!
0'

#237969853
1!
1'
b100111011 +

#238037670
0!
0'

#238105487
1!
1'
b100111010 +

#238173304
0!
0'

#238241121
1!
1'
b100111001 +

#238308938
0!
0'

#238376755
1!
1'
b100111000 +

#238444572
0!
0'

#238512389
1!
1'
b100110111 +

#238580206
0!
0'

#238648023
1!
1'
b100110110 +

#238715840
0!
0'

#238783657
1!
1'
b100110101 +

#238851474
0!
0'

#238919291
1!
1'
b100110100 +

#238987108
0!
0'

#239054925
1!
1'
b100110011 +

#239122742
0!
0'

#239190559
1!
1'
b100110010 +

#239258376
0!
0'

#239326193
1!
1'
b100110001 +

#239394010
0!
0'

#239461827
1!
1'
b100110000 +

#239529644
0!
0'

#239597461
1!
1'
b100101111 +

#239665278
0!
0'

#239733095
1!
1'
b100101110 +

#239800912
0!
0'

#239868729
1!
1'
b100101101 +

#239936546
0!
0'

#240004363
1!
1'
b100101100 +

#240072180
0!
0'

#240139997
1!
1'
b100101011 +

#240207814
0!
0'

#240275631
1!
1'
b100101010 +

#240343448
0!
0'

#240411265
1!
1'
b100101001 +

#240479082
0!
0'

#240546899
1!
1'
b100101000 +

#240614716
0!
0'

#240682533
1!
1'
b100100111 +

#240750350
0!
0'

#240818167
1!
1'
b100100110 +

#240885984
0!
0'

#240953801
1!
1'
b100100101 +

#241021618
0!
0'

#241089435
1!
1'
b100100100 +

#241157252
0!
0'

#241225069
1!
1'
b100100011 +

#241292886
0!
0'

#241360703
1!
1'
b100100010 +

#241428520
0!
0'

#241496337
1!
1'
b100100001 +

#241564154
0!
0'

#241631971
1!
1'
b100100000 +

#241699788
0!
0'

#241767605
1!
1'
b100011111 +

#241835422
0!
0'

#241903239
1!
1'
b100011110 +

#241971056
0!
0'

#242038873
1!
1'
b100011101 +

#242106690
0!
0'

#242174507
1!
1'
b100011100 +

#242242324
0!
0'

#242310141
1!
1'
b100011011 +

#242377958
0!
0'

#242445775
1!
1'
b100011010 +

#242513592
0!
0'

#242581409
1!
1'
b100011001 +

#242649226
0!
0'

#242717043
1!
1'
b100011000 +

#242784860
0!
0'

#242852677
1!
1'
b100010111 +

#242920494
0!
0'

#242988311
1!
1'
b100010110 +

#243056128
0!
0'

#243123945
1!
1'
b100010101 +

#243191762
0!
0'

#243259579
1!
1'
b100010100 +

#243327396
0!
0'

#243395213
1!
1'
b100010011 +

#243463030
0!
0'

#243530847
1!
1'
b100010010 +

#243598664
0!
0'

#243666481
1!
1'
b100010001 +

#243734298
0!
0'

#243802115
1!
1'
b100010000 +

#243869932
0!
0'

#243937749
1!
1'
b100001111 +

#244005566
0!
0'

#244073383
1!
1'
b100001110 +

#244141200
0!
0'

#244209017
1!
1'
b100001101 +

#244276834
0!
0'

#244344651
1!
1'
b100001100 +

#244412468
0!
0'

#244480285
1!
1'
b100001011 +

#244548102
0!
0'

#244615919
1!
1'
b100001010 +

#244683736
0!
0'

#244751553
1!
1'
b100001001 +

#244819370
0!
0'

#244887187
1!
1'
b100001000 +

#244955004
0!
0'

#245022821
1!
1'
b100000111 +

#245090638
0!
0'

#245158455
1!
1'
b100000110 +

#245226272
0!
0'

#245294089
1!
1'
b100000101 +

#245361906
0!
0'

#245429723
1!
1'
b100000100 +

#245497540
0!
0'

#245565357
1!
1'
b100000011 +

#245633174
0!
0'

#245700991
1!
1'
b100000010 +

#245768808
0!
0'

#245836625
1!
1'
b100000001 +

#245904442
0!
0'

#245972259
1!
1'
b100000000 +
1-

#246040076
0!
0'

#246107893
1!
1'
b11111111 +
b1010 ,
0-

#246175710
0!
0'

#246243527
1!
1'
b11111110 +

#246311344
0!
0'

#246379161
1!
1'
b11111101 +

#246446978
0!
0'

#246514795
1!
1'
b11111100 +

#246582612
0!
0'

#246650429
1!
1'
b11111011 +

#246718246
0!
0'

#246786063
1!
1'
b11111010 +

#246853880
0!
0'

#246921697
1!
1'
b11111001 +

#246989514
0!
0'

#247057331
1!
1'
b11111000 +

#247125148
0!
0'

#247192965
1!
1'
b11110111 +

#247260782
0!
0'

#247328599
1!
1'
b11110110 +

#247396416
0!
0'

#247464233
1!
1'
b11110101 +

#247532050
0!
0'

#247599867
1!
1'
b11110100 +

#247667684
0!
0'

#247735501
1!
1'
b11110011 +

#247803318
0!
0'

#247871135
1!
1'
b11110010 +

#247938952
0!
0'

#248006769
1!
1'
b11110001 +

#248074586
0!
0'

#248142403
1!
1'
b11110000 +

#248210220
0!
0'

#248278037
1!
1'
b11101111 +

#248345854
0!
0'

#248413671
1!
1'
b11101110 +

#248481488
0!
0'

#248549305
1!
1'
b11101101 +

#248617122
0!
0'

#248684939
1!
1'
b11101100 +

#248752756
0!
0'

#248820573
1!
1'
b11101011 +

#248888390
0!
0'

#248956207
1!
1'
b11101010 +

#249024024
0!
0'

#249091841
1!
1'
b11101001 +

#249159658
0!
0'

#249227475
1!
1'
b11101000 +

#249295292
0!
0'

#249363109
1!
1'
b11100111 +

#249430926
0!
0'

#249498743
1!
1'
b11100110 +

#249566560
0!
0'

#249634377
1!
1'
b11100101 +

#249702194
0!
0'

#249770011
1!
1'
b11100100 +

#249837828
0!
0'

#249905645
1!
1'
b11100011 +

#249973462
0!
0'

#250041279
1!
1'
b11100010 +

#250109096
0!
0'

#250176913
1!
1'
b11100001 +

#250244730
0!
0'

#250312547
1!
1'
b11100000 +

#250380364
0!
0'

#250448181
1!
1'
b11011111 +

#250515998
0!
0'

#250583815
1!
1'
b11011110 +

#250651632
0!
0'

#250719449
1!
1'
b11011101 +

#250787266
0!
0'

#250855083
1!
1'
b11011100 +

#250922900
0!
0'

#250990717
1!
1'
b11011011 +

#251058534
0!
0'

#251126351
1!
1'
b11011010 +

#251194168
0!
0'

#251261985
1!
1'
b11011001 +

#251329802
0!
0'

#251397619
1!
1'
b11011000 +

#251465436
0!
0'

#251533253
1!
1'
b11010111 +

#251601070
0!
0'

#251668887
1!
1'
b11010110 +

#251736704
0!
0'

#251804521
1!
1'
b11010101 +

#251872338
0!
0'

#251940155
1!
1'
b11010100 +

#252007972
0!
0'

#252075789
1!
1'
b11010011 +

#252143606
0!
0'

#252211423
1!
1'
b11010010 +

#252279240
0!
0'

#252347057
1!
1'
b11010001 +

#252414874
0!
0'

#252482691
1!
1'
b11010000 +

#252550508
0!
0'

#252618325
1!
1'
b11001111 +

#252686142
0!
0'

#252753959
1!
1'
b11001110 +

#252821776
0!
0'

#252889593
1!
1'
b11001101 +

#252957410
0!
0'

#253025227
1!
1'
b11001100 +

#253093044
0!
0'

#253160861
1!
1'
b11001011 +

#253228678
0!
0'

#253296495
1!
1'
b11001010 +

#253364312
0!
0'

#253432129
1!
1'
b11001001 +

#253499946
0!
0'

#253567763
1!
1'
b11001000 +

#253635580
0!
0'

#253703397
1!
1'
b11000111 +

#253771214
0!
0'

#253839031
1!
1'
b11000110 +

#253906848
0!
0'

#253974665
1!
1'
b11000101 +

#254042482
0!
0'

#254110299
1!
1'
b11000100 +

#254178116
0!
0'

#254245933
1!
1'
b11000011 +

#254313750
0!
0'

#254381567
1!
1'
b11000010 +

#254449384
0!
0'

#254517201
1!
1'
b11000001 +

#254585018
0!
0'

#254652835
1!
1'
b11000000 +
1-

#254720652
0!
0'

#254788469
1!
1&
1'
b10111111 +
b101 ,
0-

#254856286
0!
0'

#254924103
1!
1'
b10111110 +

#254991920
0!
0'

#255059737
1!
1'
b10111101 +

#255127554
0!
0'

#255195371
1!
1'
b10111100 +

#255263188
0!
0'

#255331005
1!
1'
b10111011 +

#255398822
0!
0'

#255466639
1!
1'
b10111010 +

#255534456
0!
0'

#255602273
1!
1'
b10111001 +

#255670090
0!
0'

#255737907
1!
1'
b10111000 +

#255805724
0!
0'

#255873541
1!
1'
b10110111 +

#255941358
0!
0'

#256009175
1!
1'
b10110110 +

#256076992
0!
0'

#256144809
1!
1'
b10110101 +

#256212626
0!
0'

#256280443
1!
1'
b10110100 +

#256348260
0!
0'

#256416077
1!
1'
b10110011 +

#256483894
0!
0'

#256551711
1!
1'
b10110010 +

#256619528
0!
0'

#256687345
1!
1'
b10110001 +

#256755162
0!
0'

#256822979
1!
1'
b10110000 +

#256890796
0!
0'

#256958613
1!
1'
b10101111 +

#257026430
0!
0'

#257094247
1!
1'
b10101110 +

#257162064
0!
0'

#257229881
1!
1'
b10101101 +

#257297698
0!
0'

#257365515
1!
1'
b10101100 +

#257433332
0!
0'

#257501149
1!
1'
b10101011 +

#257568966
0!
0'

#257636783
1!
1'
b10101010 +

#257704600
0!
0'

#257772417
1!
1'
b10101001 +

#257840234
0!
0'

#257908051
1!
1'
b10101000 +

#257975868
0!
0'

#258043685
1!
1'
b10100111 +

#258111502
0!
0'

#258179319
1!
1'
b10100110 +

#258247136
0!
0'

#258314953
1!
1'
b10100101 +

#258382770
0!
0'

#258450587
1!
1'
b10100100 +

#258518404
0!
0'

#258586221
1!
1'
b10100011 +

#258654038
0!
0'

#258721855
1!
1'
b10100010 +

#258789672
0!
0'

#258857489
1!
1'
b10100001 +

#258925306
0!
0'

#258993123
1!
1'
b10100000 +

#259060940
0!
0'

#259128757
1!
1'
b10011111 +

#259196574
0!
0'

#259264391
1!
1'
b10011110 +

#259332208
0!
0'

#259400025
1!
1'
b10011101 +

#259467842
0!
0'

#259535659
1!
1'
b10011100 +

#259603476
0!
0'

#259671293
1!
1'
b10011011 +

#259739110
0!
0'

#259806927
1!
1'
b10011010 +

#259874744
0!
0'

#259942561
1!
1'
b10011001 +

#260010378
0!
0'

#260078195
1!
1'
b10011000 +

#260146012
0!
0'

#260213829
1!
1'
b10010111 +

#260281646
0!
0'

#260349463
1!
1'
b10010110 +

#260417280
0!
0'

#260485097
1!
1'
b10010101 +

#260552914
0!
0'

#260620731
1!
1'
b10010100 +

#260688548
0!
0'

#260756365
1!
1'
b10010011 +

#260824182
0!
0'

#260891999
1!
1'
b10010010 +

#260959816
0!
0'

#261027633
1!
1'
b10010001 +

#261095450
0!
0'

#261163267
1!
1'
b10010000 +

#261231084
0!
0'

#261298901
1!
1'
b10001111 +

#261366718
0!
0'

#261434535
1!
1'
b10001110 +

#261502352
0!
0'

#261570169
1!
1'
b10001101 +

#261637986
0!
0'

#261705803
1!
1'
b10001100 +

#261773620
0!
0'

#261841437
1!
1'
b10001011 +

#261909254
0!
0'

#261977071
1!
1'
b10001010 +

#262044888
0!
0'

#262112705
1!
1'
b10001001 +

#262180522
0!
0'

#262248339
1!
1'
b10001000 +

#262316156
0!
0'

#262383973
1!
1'
b10000111 +

#262451790
0!
0'

#262519607
1!
1'
b10000110 +

#262587424
0!
0'

#262655241
1!
1'
b10000101 +

#262723058
0!
0'

#262790875
1!
1'
b10000100 +

#262858692
0!
0'

#262926509
1!
1'
b10000011 +

#262994326
0!
0'

#263062143
1!
1'
b10000010 +

#263129960
0!
0'

#263197777
1!
1'
b10000001 +

#263265594
0!
0'

#263333411
1!
1'
b10000000 +
1-

#263401228
0!
0'

#263469045
1!
0&
1'
b1111111 +
b10 ,
0-

#263536862
0!
0'

#263604679
1!
1'
b1111110 +

#263672496
0!
0'

#263740313
1!
1'
b1111101 +

#263808130
0!
0'

#263875947
1!
1'
b1111100 +

#263943764
0!
0'

#264011581
1!
1'
b1111011 +

#264079398
0!
0'

#264147215
1!
1'
b1111010 +

#264215032
0!
0'

#264282849
1!
1'
b1111001 +

#264350666
0!
0'

#264418483
1!
1'
b1111000 +

#264486300
0!
0'

#264554117
1!
1'
b1110111 +

#264621934
0!
0'

#264689751
1!
1'
b1110110 +

#264757568
0!
0'

#264825385
1!
1'
b1110101 +

#264893202
0!
0'

#264961019
1!
1'
b1110100 +

#265028836
0!
0'

#265096653
1!
1'
b1110011 +

#265164470
0!
0'

#265232287
1!
1'
b1110010 +

#265300104
0!
0'

#265367921
1!
1'
b1110001 +

#265435738
0!
0'

#265503555
1!
1'
b1110000 +

#265571372
0!
0'

#265639189
1!
1'
b1101111 +

#265707006
0!
0'

#265774823
1!
1'
b1101110 +

#265842640
0!
0'

#265910457
1!
1'
b1101101 +

#265978274
0!
0'

#266046091
1!
1'
b1101100 +

#266113908
0!
0'

#266181725
1!
1'
b1101011 +

#266249542
0!
0'

#266317359
1!
1'
b1101010 +

#266385176
0!
0'

#266452993
1!
1'
b1101001 +

#266520810
0!
0'

#266588627
1!
1'
b1101000 +

#266656444
0!
0'

#266724261
1!
1'
b1100111 +

#266792078
0!
0'

#266859895
1!
1'
b1100110 +

#266927712
0!
0'

#266995529
1!
1'
b1100101 +

#267063346
0!
0'

#267131163
1!
1'
b1100100 +

#267198980
0!
0'

#267266797
1!
1'
b1100011 +

#267334614
0!
0'

#267402431
1!
1'
b1100010 +

#267470248
0!
0'

#267538065
1!
1'
b1100001 +

#267605882
0!
0'

#267673699
1!
1'
b1100000 +

#267741516
0!
0'

#267809333
1!
1'
b1011111 +

#267877150
0!
0'

#267944967
1!
1'
b1011110 +

#268012784
0!
0'

#268080601
1!
1'
b1011101 +

#268148418
0!
0'

#268216235
1!
1'
b1011100 +

#268284052
0!
0'

#268351869
1!
1'
b1011011 +

#268419686
0!
0'

#268487503
1!
1'
b1011010 +

#268555320
0!
0'

#268623137
1!
1'
b1011001 +

#268690954
0!
0'

#268758771
1!
1'
b1011000 +

#268826588
0!
0'

#268894405
1!
1'
b1010111 +

#268962222
0!
0'

#269030039
1!
1'
b1010110 +

#269097856
0!
0'

#269165673
1!
1'
b1010101 +

#269233490
0!
0'

#269301307
1!
1'
b1010100 +

#269369124
0!
0'

#269436941
1!
1'
b1010011 +

#269504758
0!
0'

#269572575
1!
1'
b1010010 +

#269640392
0!
0'

#269708209
1!
1'
b1010001 +

#269776026
0!
0'

#269843843
1!
1'
b1010000 +

#269911660
0!
0'

#269979477
1!
1'
b1001111 +

#270047294
0!
0'

#270115111
1!
1'
b1001110 +

#270182928
0!
0'

#270250745
1!
1'
b1001101 +

#270318562
0!
0'

#270386379
1!
1'
b1001100 +

#270454196
0!
0'

#270522013
1!
1'
b1001011 +

#270589830
0!
0'

#270657647
1!
1'
b1001010 +

#270725464
0!
0'

#270793281
1!
1'
b1001001 +

#270861098
0!
0'

#270928915
1!
1'
b1001000 +

#270996732
0!
0'

#271064549
1!
1'
b1000111 +

#271132366
0!
0'

#271200183
1!
1'
b1000110 +

#271268000
0!
0'

#271335817
1!
1'
b1000101 +

#271403634
0!
0'

#271471451
1!
1'
b1000100 +

#271539268
0!
0'

#271607085
1!
1'
b1000011 +

#271674902
0!
0'

#271742719
1!
1'
b1000010 +

#271810536
0!
0'

#271878353
1!
1'
b1000001 +

#271946170
0!
0'

#272013987
1!
1'
b1000000 +
1-

#272081804
0!
0'

#272149621
1!
1&
1'
b111111 +
b1 ,
0-

#272217438
0!
0'

#272285255
1!
1'
b111110 +

#272353072
0!
0'

#272420889
1!
1'
b111101 +

#272488706
0!
0'

#272556523
1!
1'
b111100 +

#272624340
0!
0'

#272692157
1!
1'
b111011 +

#272759974
0!
0'

#272827791
1!
1'
b111010 +

#272895608
0!
0'

#272963425
1!
1'
b111001 +

#273031242
0!
0'

#273099059
1!
1'
b111000 +

#273166876
0!
0'

#273234693
1!
1'
b110111 +

#273302510
0!
0'

#273370327
1!
1'
b110110 +

#273438144
0!
0'

#273505961
1!
1'
b110101 +

#273573778
0!
0'

#273641595
1!
1'
b110100 +

#273709412
0!
0'

#273777229
1!
1'
b110011 +

#273845046
0!
0'

#273912863
1!
1'
b110010 +

#273980680
0!
0'

#274048497
1!
1'
b110001 +

#274116314
0!
0'

#274184131
1!
1'
b110000 +

#274251948
0!
0'

#274319765
1!
1'
b101111 +

#274387582
0!
0'

#274455399
1!
1'
b101110 +

#274523216
0!
0'

#274591033
1!
1'
b101101 +

#274658850
0!
0'

#274726667
1!
1'
b101100 +

#274794484
0!
0'

#274862301
1!
1'
b101011 +

#274930118
0!
0'

#274997935
1!
1'
b101010 +

#275065752
0!
0'

#275133569
1!
1'
b101001 +

#275201386
0!
0'

#275269203
1!
1'
b101000 +

#275337020
0!
0'

#275404837
1!
1'
b100111 +

#275472654
0!
0'

#275540471
1!
1'
b100110 +

#275608288
0!
0'

#275676105
1!
1'
b100101 +

#275743922
0!
0'

#275811739
1!
1'
b100100 +

#275879556
0!
0'

#275947373
1!
1'
b100011 +

#276015190
0!
0'

#276083007
1!
1'
b100010 +

#276150824
0!
0'

#276218641
1!
1'
b100001 +

#276286458
0!
0'

#276354275
1!
1'
b100000 +

#276422092
0!
0'

#276489909
1!
1'
b11111 +

#276557726
0!
0'

#276625543
1!
1'
b11110 +

#276693360
0!
0'

#276761177
1!
1'
b11101 +

#276828994
0!
0'

#276896811
1!
1'
b11100 +

#276964628
0!
0'

#277032445
1!
1'
b11011 +

#277100262
0!
0'

#277168079
1!
1'
b11010 +

#277235896
0!
0'

#277303713
1!
1'
b11001 +

#277371530
0!
0'

#277439347
1!
1'
b11000 +

#277507164
0!
0'

#277574981
1!
1'
b10111 +

#277642798
0!
0'

#277710615
1!
1'
b10110 +

#277778432
0!
0'

#277846249
1!
1'
b10101 +

#277914066
0!
0'

#277981883
1!
1'
b10100 +

#278049700
0!
0'

#278117517
1!
1'
b10011 +

#278185334
0!
0'

#278253151
1!
1'
b10010 +

#278320968
0!
0'

#278388785
1!
1'
b10001 +

#278456602
0!
0'

#278524419
1!
1'
b10000 +

#278592236
0!
0'

#278660053
1!
1'
b1111 +

#278727870
0!
0'

#278795687
1!
1'
b1110 +

#278863504
0!
0'

#278931321
1!
1'
b1101 +

#278999138
0!
0'

#279066955
1!
1'
b1100 +

#279134772
0!
0'

#279202589
1!
1'
b1011 +

#279270406
0!
0'

#279338223
1!
1'
b1010 +

#279406040
0!
0'

#279473857
1!
1'
b1001 +

#279541674
0!
0'

#279609491
1!
1'
b1000 +

#279677308
0!
0'

#279745125
1!
1'
b111 +

#279812942
0!
0'

#279880759
1!
1'
b110 +

#279948576
0!
0'

#280016393
1!
1'
b101 +

#280084210
0!
0'

#280152027
1!
1'
b100 +

#280219844
0!
0'

#280287661
1!
1'
b11 +

#280355478
0!
0'

#280423295
1!
1'
b10 +

#280491112
0!
0'

#280558929
1!
1'
b1 +

#280626746
0!
0'

#280694563
1!
1%
1'
b0 +
1-

#280762380
0!
0'

#280830197
1!
1'

#280898014
0!
0'

#280965831
1!
1'

#281033648
0!
0'

#281101465
1!
1'

#281169282
0!
0'

#281237099
1!
1'

#281304916
0!
0'

#281372733
1!
1'

#281440550
0!
0'

#281508367
1!
1'

#281576184
0!
0'

#281644001
1!
1'

#281711818
0!
0'

#281779635
1!
1'

#281847452
0!
0'

#281915269
1!
1'

#281983086
0!
0'

#282050903
1!
1'

#282118720
0!
0'

#282186537
1!
1'

#282254354
0!
0'

#282322171
1!
1'

#282389988
0!
0'

#282457805
1!
1'

#282525622
0!
0'

#282593439
1!
1'

#282661256
0!
0'

#282729073
1!
1'

#282796890
0!
0'

#282864707
1!
1'

#282932524
0!
0'

#283000341
1!
1'

#283068158
0!
0'

#283135975
1!
1'

#283203792
0!
0'

#283271609
1!
1'

#283339426
0!
0'

#283407243
1!
1'

#283475060
0!
0'

#283542877
1!
1'

#283610694
0!
0'

#283678511
1!
1'

#283746328
0!
0'

#283814145
1!
1'

#283881962
0!
0'

#283949779
1!
1'

#284017596
0!
0'

#284085413
1!
1'

#284153230
0!
0'

#284221047
1!
1'

#284288864
0!
0'

#284356681
1!
1'

#284424498
0!
0'

#284492315
1!
1'

#284560132
0!
0'

#284627949
1!
1'

#284695766
0!
0'

#284763583
1!
1'

#284831400
0!
0'

#284899217
1!
1'

#284967034
0!
0'

#285034851
1!
1'

#285102668
0!
0'

#285170485
1!
1'

#285238302
0!
0'

#285306119
1!
1'

#285373936
0!
0'

#285441753
1!
1'

#285509570
0!
0'

#285577387
1!
1'

#285645204
0!
0'

#285713021
1!
1'

#285780838
0!
0'

#285848655
1!
1'

#285916472
0!
0'

#285984289
1!
1'

#286052106
0!
0'

#286119923
1!
1'

#286187740
0!
0'

#286255557
1!
1'

#286323374
0!
0'

#286391191
1!
1'

#286459008
0!
0'

#286526825
1!
1'

#286594642
0!
0'

#286662459
1!
1'

#286730276
0!
0'

#286798093
1!
1'

#286865910
0!
0'

#286933727
1!
1'

#287001544
0!
0'

#287069361
1!
1'

#287137178
0!
0'

#287204995
1!
1'

#287272812
0!
0'

#287340629
1!
1'

#287408446
0!
0'

#287476263
1!
1'

#287544080
0!
0'

#287611897
1!
1'

#287679714
0!
0'

#287747531
1!
1'

#287815348
0!
0'

#287883165
1!
1'

#287950982
0!
0'

#288018799
1!
1'

#288086616
0!
0'

#288154433
1!
1'

#288222250
0!
0'

#288290067
1!
1'

#288357884
0!
0'

#288425701
1!
1'

#288493518
0!
0'

#288561335
1!
1'

#288629152
0!
0'

#288696969
1!
1'

#288764786
0!
0'

#288832603
1!
1'

#288900420
0!
0'

#288968237
1!
1'

#289036054
0!
0'

#289103871
1!
1'

#289171688
0!
0'

#289239505
1!
1'

#289307322
0!
0'

#289375139
1!
1'

#289442956
0!
0'

#289510773
1!
1'

#289578590
0!
0'

#289646407
1!
1'

#289714224
0!
0'

#289782041
1!
1'

#289849858
0!
0'

#289917675
1!
1'

#289985492
0!
0'

#290053309
1!
1'

#290121126
0!
0'

#290188943
1!
1'

#290256760
0!
0'

#290324577
1!
1'

#290392394
0!
0'

#290460211
1!
1'

#290528028
0!
0'

#290595845
1!
1'
